tf	score	n_a	n_b	n_shared	expected	replication_raw	replication
FOXA1	500	9744	12285	6720	1091.5021427920124	0.6183318597111701	0.6505055476574492
ETV6	500	10166	11484	9048	1064.5239719157473	0.8389521816631791	0.8771627814488322
GATA1	500	8371	6095	4854	465.22517552657973	0.688124760577677	0.779564895809829
POLR2C	500	12471	15904	12075	1808.5053706574267	0.8637446446177668	0.9628604736728091
ZIC5	500	215	440	196	0.8625877632898696	0.6785412262156448	0.911271926743015
ATF3	500	2055	4060	1344	76.07641105133582	0.49252454064938334	0.6407137678429866
BRD4	500	20340	21241	15799	3939.4724172517554	0.7602713512026171	0.7231186632814978
IKZF1	500	4021	4399	1833	161.28730737667547	0.4362711812088603	0.4331184276535138
JUN	500	17440	14511	12830	2307.5758183641833	0.8099109920724487	0.8622517766341652
EBF1	500	5878	6780	4463	363.3887115893134	0.7087657240989601	0.7434089320177989
MECOM	500	10523	7179	6519	688.8357527126835	0.7637826663414019	0.8983076583499625
SMARCA5	500	195	20	16	0.03556122914197137	0.44102564102564107	0.7996437542817996
BCOR	500	14060	16430	11309	2106.3718428011307	0.7463263043611892	0.7698606679225456
RAD21	500	14215	12492	9546	1619.1645846630802	0.7178566058570134	0.7290495176773802
TBX21	500	239	3332	209	7.261311206346312	0.4686010387418566	0.8705438433428231
PGR	500	3412	4717	2212	146.75302270447708	0.5586211207323987	0.6324933432772325
KDM2B	500	11308	5562	4425	573.4940822467403	0.5934465065448028	0.7720760446622692
RBPJ	500	4840	4366	3451	192.68204613841525	0.7517212740825991	0.7807499907469672
CTCF	500	35276	30919	26963	9945.278052338836	0.8181984065068665	0.8113830244402023
EP300	500	14191	15694	8104	2030.7609555940548	0.5437209268368103	0.49943418235678577
ZFX	500	9354	7716	6583	658.1149265979758	0.7784626781200881	0.8394703245778591
RUNX1	500	15926	13110	10945	1903.8010394820826	0.7610499379615466	0.806803358781349
YY1	500	9848	10443	8077	937.7465487371204	0.7968016415833024	0.8012402217639512
NPM1	500	9915	2049	1358	185.24514452448253	0.39986325937378403	0.6292430852856458
RAD51	500	1202	1218	981	13.34946658156287	0.8107792431333656	0.8140748741647164
TBP	500	8438	5778	4449	444.5588036837786	0.6486236298877377	0.7508175395431503
ATF7	500	2652	1244	1000	30.08195495577642	0.5904662136929963	0.7989979628393192
MED1	500	8349	13927	6759	1060.2400200601805	0.6474371614981985	0.7818558980710011
ASCL1	500	11654	12333	8550	1310.5569617944743	0.7134578305965189	0.6999065022609231
ZBTB40	500	3259	3949	3006	117.35015045135407	0.8417870966202947	0.9194690649448576
NR2F1	500	2094	706	655	13.480113066472144	0.6202802557421583	0.9263559054948912
STAT3	500	7244	4886	4477	322.73350961976837	0.7671600791813706	0.9103712218293172
ZNF382	500	176	0	0	0.0	0.0	0.0
NCOA2	500	220	239	201	0.4794383149448345	0.8773202738683911	0.9134477433268452
FOXO1	500	3404	867	488	26.910440412145526	0.35311059517468424	0.5488576239586451
HNF4A	500	3170	3248	2141	93.88310385702562	0.6672845993069261	0.6654873547587792
E2F1	500	14515	11409	8801	1509.9994073128476	0.6888734039371049	0.7365390601222259
EHF	500	308	5	5	0.014042126379137413	0.5081168831168831	1.0
NR2C2	500	4580	2756	2546	115.09510349229507	0.739848904494204	0.9204818014167413
HDAC1	500	7611	12116	6434	840.8395732652504	0.6881943754931688	0.8261488759775716
MCM7	500	690	440	310	2.768304914744233	0.5769104084321476	0.7026748027160947
NEUROD1	500	8450	2635	1975	203.02498404303822	0.4916267136745899	0.7286156331090862
MYCN	500	12006	12345	9507	1351.4550013677397	0.7809817144890495	0.7654522083936198
ELF1	500	9172	10594	7377	886.0049968086076	0.7503166160341728	0.7833694083440013
NFE2L2	500	2078	347	172	6.574870064739674	0.2892245647416464	0.48593689298648346
MAX	500	19043	16658	13842	2892.4801130664723	0.778916681898554	0.7954309010389795
MYOD1	500	3770	4106	3178	141.1472599617033	0.8084800531279193	0.8368630411842636
FOXL2	500	2130	2055	1331	39.91200875353333	0.6362855967924335	0.6407104785770881
MAFF	500	450	492	207	2.018783623598067	0.4403658536585366	0.45756654271006975
NRF1	500	8374	9647	7380	736.60962888666	0.8231519621378387	0.8698508323262387
MCM2	500	263	707	135	1.6954591045864866	0.3521278254930327	0.5101501123502034
MITF	500	6781	8330	5751	515.0517917388529	0.7692505788630155	0.8356194520340867
TET1	500	3914	64	15	2.2840886295249385	0.11910369826264691	0.20603943275086048
REL	500	765	245	139	1.708990608188201	0.3745231425903695	0.5643077799505092
ZBTB7A	500	7576	4303	3259	297.25109875079784	0.5937764037565206	0.7393745774543117
USF2	500	3631	2224	2030	73.63311753442144	0.7359222096297073	0.9097828367885006
MED12	500	9735	12955	8900	1149.96740220662	0.8006102273743195	0.9027377018679438
NONO	500	7340	3189	2941	213.43357344761557	0.6614569368648873	0.9166545240640643
SNAI2	500	4488	3206	2849	131.19839518555668	0.7617251048891172	0.8838949480704645
ZFY	500	7145	3389	2897	220.79333454910184	0.6301413972385446	0.8447071002768758
E2F6	500	3273	6812	2100	203.2978572079876	0.4749463528264404	0.6178782352697219
E2F4	500	4905	3399	3005	152.02056168505516	0.7483618585426727	0.8786564536409659
ZNF384	500	3497	2569	1160	81.91659524026625	0.3916252300114217	0.4334729598116886
USF1	500	4251	4882	3704	189.2348135315036	0.8150149214234095	0.8653294873316915
ESR1	500	20569	17446	14062	3272.0595787362086	0.7448400943406559	0.7612519948987995
ATF2	500	1637	3894	1035	58.12417251755266	0.44902382595092494	0.6187160576396293
POU2AF1	500	1284	1141	1113	13.358657791556487	0.9211412763029643	0.9751694098540561
IKZF2	500	6010	596	396	32.661256496763016	0.36515985661481426	0.64497382382
HOXB13	500	1446	4186	914	55.19245007750524	0.4252176952880543	0.6174884152522421
AR	500	12704	12272	8780	1421.5691437950213	0.7032853556169314	0.6781694619985483
TCF12	500	5989	2235	416	122.0517461475335	0.1277952159122448	0.13911758289230258
BMAL1	500	3398	2921	2477	90.50385702562232	0.7884777359620487	0.8431370411501673
GABPA	500	9345	7350	6895	626.294793471323	0.8379614767255217	0.9323289784391204
GMEB1	500	4592	2616	2394	109.5347132306009	0.7182395390467666	0.9114290546245157
CTCFL	500	3454	9559	3011	301.0557673019057	0.5933670073156121	0.8594964048504886
SIX5	500	2261	2151	1825	44.34586486732926	0.8278037780479586	0.8452522440379281
NR3C1	500	5470	7403	3751	369.23871614844535	0.5962134403242324	0.662991482184794
ZNF217	500	1959	35	27	0.6251937631075043	0.3926055567709473	0.7672714154410546
ZNF629	500	1379	1958	1120	24.620060180541625	0.6920974992611335	0.808768579343751
SPI1	500	12504	7803	7302	889.6572626971824	0.7598835270060755	0.9275314389815048
RUNX2	500	7022	1337	1205	85.60603629069026	0.5364375175615391	0.8945176308756251
KMT2A	500	9946	16008	8577	1451.76956323516	0.699075664510395	0.8388317799721238
RBL2	500	902	919	796	7.558475426278837	0.8743211193116975	0.8814902963606054
REST	500	3849	4928	2511	172.95406218655967	0.5809572892520574	0.6360219587473763
XRCC4	500	405	474	373	1.7504331175344214	0.8539537427723082	0.9206446760813831
ZNF76	500	1193	1985	936	21.59300629160208	0.6280566106654899	0.7806057148537259
ARID2	500	1774	2181	1228	35.27942007841707	0.6276327222858891	0.6859759950476776
SMC1A	500	10934	6645	5656	662.5005015045135	0.6842259109069906	0.8346844825898072
SMAD1	500	1284	493	304	5.77197045682502	0.42669649232557993	0.6120912826439677
MYC	500	18189	19697	15162	3266.7888483632714	0.8016713141417228	0.7971480252329772
ERG	500	12328	23454	11295	2636.463134859123	0.6988939877176565	0.8934121580122593
TWIST1	500	1612	3261	1095	47.932269535880366	0.5075334827797955	0.6694516548547511
ARID4B	500	4052	626	494	23.12895048782712	0.4555262419221053	0.7810477048005359
RUNX1T1	500	2929	2245	1642	59.95810157745965	0.6460020028575317	0.7240327517585237
STAT1	500	7965	11447	5429	831.360946475791	0.5779398829870199	0.6445012172648197
KMT2B	500	6190	6673	4729	376.63782255858484	0.7363254544693043	0.7486824396268705
FLI1	500	12711	12530	9605	1452.2552202060729	0.7611024862805862	0.7359570871017656
SOX9	500	791	29	26	0.20916385520196953	0.46471075461005273	0.895800178052764
MYB	500	6692	5574	4804	340.12225768213733	0.7898653577117395	0.8528815463582076
SMARCA2	500	602	68	48	0.37326525029634355	0.39280828610513974	0.7042589728156639
KLF10	500	902	3371	466	27.725376128385154	0.3274338116752975	0.5013008634870025
PRDM4	500	189	15	9	0.02585027810704842	0.32380952380952377	0.5993094692229702
ARNT	500	2614	7600	2146	181.14707759642565	0.5516662304192003	0.8076332540737268
MAFB	500	3564	5860	2865	190.43530591775325	0.6463899518507027	0.7928007720657755
UBTF	500	728	4566	452	30.309546822285036	0.3599358372682946	0.6044090918215594
STAT5B	500	408	551	297	2.04985866690982	0.6334805700864738	0.7265674064418608
E2F3	500	1180	52	46	0.5594966718336829	0.46179921773142113	0.8833603947900196
BHLHE40	500	5994	4302	3092	235.12526670921858	0.6172923271946982	0.7024742389788564
CEBPA	500	5538	5014	3980	253.1916841433391	0.7562242117880695	0.7828099912033654
SMARCA4	500	4434	4191	1973	169.44373119358073	0.45787069010887105	0.4484722202685248
ATF1	500	4564	6320	4090	263.0115801951309	0.7716478161506118	0.8897927746521332
TCF3	500	2638	6933	639	166.76624418710676	0.16719842701074633	0.19109230549400438
GATA3	500	3987	3321	2073	120.73335460928239	0.5720746898966356	0.6100324946993182
THAP11	500	4905	5019	4458	224.47519832223944	0.8985466237471919	0.9044978888179868
EGR1	500	8809	13833	7485	1111.1051062277743	0.6953982735712295	0.8280049262466358
SMARCE1	500	94	139	12	0.11913923588948665	0.10699525485994182	0.12655253336420644
SMARCC1	500	4081	1952	1063	72.637111334002	0.40252252290703416	0.5269673540105783
BCL6	500	2916	2285	1313	60.755539345308655	0.5124457081280973	0.562997675303236
TFAP4	500	4194	7032	3674	268.91773502325157	0.6992410334282194	0.8675187002728768
TP53	500	3717	1631	1013	55.27880915473694	0.44681148325579834	0.6077986362114692
DDX20	500	723	790	657	5.208078781799945	0.8701796312831556	0.9080513474044286
HEY1	500	9643	6732	5305	591.9273821464393	0.6690836650354679	0.7675923252355851
BMI1	500	4642	1000	780	42.326980942828484	0.47401551055579494	0.7702764976958525
SP1	500	8901	10351	7193	840.1044132397192	0.7515100763124454	0.788112873859162
TAF1	500	13560	10593	8678	1309.7572718154463	0.7295953706279569	0.7937143241783466
RUVBL2	500	5557	6012	4542	304.62919668095196	0.7864182558043891	0.8067539330318021
KLF5	500	4433	2428	1709	98.14282848545636	0.544694603637315	0.6913973917411392
TFAP2A	500	9770	9938	7506	885.3310841615756	0.7617764840063665	0.7451790245144602
CDK9	500	13187	12724	10475	1529.966153004468	0.8087951599756718	0.7990894050580677
MBD6	500	294	0	0	0.0	0.0	0.0
ONECUT1	500	1275	1047	893	12.172198413422084	0.7766526209337603	0.8511829699937612
GTF2B	500	1990	492	410	8.927509802133674	0.5196817420435511	0.8302532194155523
CREB1	500	11457	15256	10773	1593.7630345582202	0.8232234540459736	0.9306515698247383
JUNB	500	1155	885	582	9.320461384152457	0.5807616112700857	0.6539830078947142
PKNOX1	500	2736	3683	2574	91.88190024619313	0.8198381253840548	0.938731934850004
ZBTB26	500	11216	82	71	8.386176711954043	0.4360919505236422	0.8505715433776924
FOXP1	500	7920	280	227	20.220661985957875	0.4196879509379509	0.795980694980695
BRCA1	500	2905	3147	1673	83.3594875535698	0.5537605139337138	0.5633745707273581
CEBPG	500	973	1223	819	10.850542536701012	0.7556956887474484	0.8399417067635001
GATAD1	500	4655	376	338	15.959514908361449	0.4857731334415065	0.8944563137383617
MAFK	500	1035	673	556	6.351372298714325	0.6816748139055782	0.824495251113866
IRF1	500	3678	5078	1773	170.30075681590225	0.415604337425879	0.45690896854921204
CXXC1	500	4394	3620	847	145.03765842983495	0.213370379497909	0.20200574065875568
GABPB1	500	5783	10976	5131	578.7745782802955	0.6773651197034235	0.8747171870613263
SMAD5	500	4536	786	668	32.50930974742409	0.49856954373493817	0.8433955435329327
ZIC2	500	2570	1384	1152	32.43257043858849	0.6403094847169429	0.8283474468785588
MAZ	500	7398	4512	3353	304.365605908635	0.5981800177448764	0.7245483111299919
E4F1	500	1256	3615	1165	41.40093006291602	0.6249080485591705	0.9250781576798722
RXRA	500	3637	2069	1625	68.61450715783715	0.6161001935826045	0.7780427814595069
TCF4	500	2251	1033	708	21.202543995623234	0.4999546291784699	0.67878946712968
TCF21	500	1226	1240	1216	13.86194948481809	0.9862442772193865	0.991750114604727
KDM5B	500	9717	10680	6643	946.2711771678672	0.6528254807686749	0.6495160137664155
SIX2	500	400	213	152	0.776876082793836	0.5468075117370892	0.7125666662799776
NFYB	500	4356	4987	4055	198.07943831494484	0.8720070024119644	0.9276080445659078
KLF4	500	2031	498	307	9.222558584845446	0.383811464469399	0.6092291013942894
ZNF143	500	5897	7332	4993	394.2445883103857	0.7638445824996686	0.8357186659469519
FOXM1	500	908	622	420	5.149776602534877	0.5688981118177826	0.6725299070373489
JUND	500	3976	4944	3137	179.24084982219387	0.7117451879562162	0.7790220641304811
GTF2F1	500	1360	1108	518	13.740129479347132	0.4241956891059673	0.4608227753803346
ETS1	500	5490	7758	4547	388.3598066928057	0.7071689086675204	0.8151574857754346
SMC3	500	4469	3562	2350	145.14979483906265	0.5927932130621214	0.6452873473442441
RUNX3	500	922	5302	836	44.5741223671013	0.5322004302391518	0.9019860227601116
HDAC2	500	1393	829	330	10.5297437767849	0.31748437171208443	0.39032604275370075
KDM2A	500	4877	0	0	0.0	0.0	0.0
SOX13	500	875	12	12	0.095741770766846	0.5068571428571429	1.0
CXXC5	500	3897	444	406	15.777040211543722	0.5092985595295064	0.9112611803468639
TP53BP1	500	10935	2305	1476	229.82743685602262	0.38766324772591343	0.6005151500538208
STAT5A	500	3198	4361	2913	127.16766663627246	0.7894239319776649	0.9071912859248109
TAL1	500	4413	2415	798	97.17693991064101	0.255632075192859	0.30236262299605393
TRIM28	500	622	7291	479	41.351344943922676	0.41789694910829145	0.7537237040767975
CREBBP	500	2876	1353	841	35.48124373119358	0.45700084908928496	0.6113907315824662
ELF3	500	1191	2203	901	23.924254581927602	0.582747440422628	0.7515156996976957
FOS	500	3382	3858	1895	118.97288228321328	0.5257532406338684	0.5442881881286702
TRIM24	500	1017	2568	743	23.81376857846266	0.5099551778641598	0.7241202190169042
HES2	500	44	30	24	0.012036108324974924	0.6727272727272727	0.799919727072045
ZBTB8A	500	1928	2136	1548	37.550907267256314	0.7638118327194741	0.7989895620777124
NANOG	500	3154	6731	2554	193.57685784626608	0.5946018982764327	0.7973262702022067
NFATC1	500	873	76	7	0.604978572079876	0.0500617953819256	0.08482020837455367
SIN3A	500	3366	6386	2726	195.99959879638917	0.6183673101010659	0.7981072810725829
NFIC	500	2407	0	0	0.0	0.0	0.0
ZNF366	500	821	1030	598	7.710677487006474	0.6544812743161903	0.7258048349744106
ZNF711	500	4469	602	476	24.53121181726999	0.4486045991247196	0.7818063892309804
TFE3	500	1157	3810	853	40.19485729917024	0.4805680134840535	0.7277949497395575
ZBTB11	500	2001	4033	1892	73.58469043494118	0.7073284582603319	0.9434475800523775
POU2F1	500	3361	2947	1263	90.31519102762834	0.40217622306286394	0.41050549409202014
KMT2D	500	2304	5325	1491	111.87015592231239	0.46356770833333333	0.6291278081923747
SOX6	500	128	1660	107	1.9374487097656605	0.4501976656626506	0.833416032080363
RELA	500	10019	11288	7610	1031.225239354427	0.7168620496322755	0.7319692511044896
THRA	500	621	91	84	0.5152822102671651	0.5291713117800074	0.9226388701762158
PAX5	500	5943	1272	1177	68.9294793471323	0.5616812946259909	0.9210353853999793
TFAP2C	500	4036	9029	3674	332.27905534786174	0.6586091496171185	0.9022604549830631
PATZ1	500	854	3154	726	24.560189659888756	0.5401504947436733	0.8456789770586082
ZNF687	500	10816	9416	7364	928.6355065195587	0.7314581311930342	0.7582288351612281
KLF11	500	4471	4591	3708	187.16477614662168	0.8185059202651653	0.8218885741096108
KDM6A	500	5409	3514	2321	173.31290234339383	0.5448002512307688	0.6428878356081734
TBX2	500	2133	129	107	2.508954135132671	0.4398107262399285	0.826074645445631
EZH2	500	2189	3528	737	70.4184553660983	0.2727918219213984	0.31463577426239187
PBX1	500	2686	3824	1993	93.65609555940549	0.631588770379186	0.7326743574365595
YY2	500	232	391	109	0.827135953314489	0.3742999823617603	0.4679306305814506
FOXK1	500	1687	1332	1279	20.489504878271177	0.8591803866700132	0.9595885811077092
FOSL2	500	1882	3195	1572	54.82802954317498	0.6636501973227962	0.830338903500969
LCOR	500	377	77	72	0.26469408224674024	0.5630231837128389	0.9348409452441733
HHEX	500	1387	749	608	9.472626971824564	0.625052581524224	0.8093376862811162
ATF4	500	2349	3374	1817	72.26703747606456	0.6560252909396802	0.766331840950624
OGT	500	3423	244	236	7.615683413877997	0.5180792421564824	0.9661568072047396
NR2F6	500	445	831	233	3.3718883924500775	0.4019902919184954	0.5199580949946582
MEF2B	500	1518	670	558	9.27382146439318	0.6002123768509233	0.8304895376656182
ONECUT2	500	1521	763	283	10.58195495577642	0.2784830632395911	0.36205676729644637
CHD8	500	2197	4321	1557	86.5618400656515	0.5345134646907056	0.6967454379142247
NR1H2	500	345	491	330	1.5445883103857025	0.8143097494022846	0.9563262086155284
RFX5	500	1045	813	635	7.7467402206619855	0.694356656485225	0.7789515312874647
PRKDC	500	437	409	386	1.6297346585210175	0.9135302378408017	0.9435403072909109
SP2	500	3672	8204	2902	274.6885018692441	0.5720174493764134	0.7733501916372214
ZNF10	500	121	88	70	0.09709127382146439	0.6869834710743801	0.7952286191567244
MTA1	500	543	1214	501	6.010777787909182	0.6676686357140906	0.9217861397162054
CEBPB	500	5931	5286	4129	285.8691164402298	0.7386462958146571	0.7686060571325903
ZNF24	500	327	368	272	1.0972554025713503	0.7854673580640872	0.8312379968817423
KLF1	500	3906	6302	1973	224.4516458466308	0.40909777095934075	0.4749491751699336
RELB	500	275	1770	195	4.438314944834503	0.40963020030816644	0.7043188137164041
CLOCK	500	282	578	102	1.486240539801222	0.2690863579474343	0.3583202465847682
ZNF777	500	1041	1219	836	11.570885383422997	0.7444410033578175	0.8008604991939103
NFIB	500	364	659	304	2.1872526670921855	0.6482349213760443	0.8341683634910924
PRDM15	500	572	5	4	0.026078234704112337	0.4034965034965035	0.7989514014922363
HNF1B	500	2734	182	91	4.537138688793654	0.26664228237015364	0.487216652951298
SREBF2	500	5567	1637	1449	83.09637093097474	0.5727197940477193	0.8790143761279233
FOXK2	500	1053	975	633	9.361493571623964	0.6251851851851853	0.6458301965763965
CHD2	500	4173	2826	2536	107.53075590407586	0.7525488645793426	0.8933223170981857
ZNF263	500	2660	1138	873	27.601714233609922	0.5476654069268073	0.761346893815584
PBRM1	500	2579	4218	2494	99.19049876903438	0.7791584874807667	0.9657231735107853
ZBTB33	500	2390	1601	1297	34.89003373757637	0.676398250047695	0.8058884710851393
ESRRG	500	432	141	89	0.5554116896142974	0.4186120961386919	0.6297472147158932
HMGB1	500	2526	266	243	6.1267073949120086	0.5048666797635419	0.9114953300147254
SREBF1	500	260	954	223	2.261694173429379	0.5457224641186905	0.8564435353086517
KDM5A	500	4312	3188	2480	125.3456369107322	0.6765281680140974	0.7688279785885314
DDIT3	500	1137	782	286	8.107358438953224	0.30863401916921407	0.35908422775606125
ZNF341	500	2835	57	56	1.4734658521017598	0.5011046133853151	0.9819905921493958
KLF9	500	1569	1788	629	25.580122184736027	0.37634099862692005	0.39096287827354836
SUZ12	500	4277	6435	3296	250.95737211634903	0.6414162669481819	0.7563364100504626
MBD2	500	400	1264	330	4.610194219020698	0.5430379746835443	0.822959522535653
ZNF639	500	2319	1051	301	22.223661894775233	0.2080956184975889	0.2709785672351954
BCL11B	500	6896	1426	1098	89.6662350688429	0.46460435628679186	0.7545523366934478
TFEB	500	2275	4138	1211	85.83888027719522	0.4124805740417147	0.5139690768239455
EBF3	500	1260	1534	936	17.62414516276101	0.6765133171912834	0.7392093554148744
ZEB1	500	1442	1961	592	25.784280113066472	0.35621385392405724	0.39980894996147803
PIAS1	500	376	226	194	0.7748335916841433	0.6871822632272642	0.8579199628962135
ELK4	500	476	64	42	0.2777787909182092	0.37224264705882354	0.6547515202300492
ZBTB21	500	751	901	706	6.169882374395915	0.8618268501783046	0.9395835386685858
MNT	500	3728	4594	2908	156.16332634266436	0.7065212415522393	0.770426233078465
NFYA	500	4181	6421	4021	244.7907449621592	0.7939790438133127	0.9593517545350972
ZNF444	500	634	893	552	5.162414516276101	0.7444017789961177	0.8696006697231325
CREM	500	3159	5475	2565	157.70516093735753	0.6402294813253717	0.8020854225086674
SRF	500	3436	2671	1634	83.68337740494209	0.5436544326180085	0.5991986481500291
NFE2	500	2073	5614	2037	106.1167320142245	0.6727383783666738	0.9816969310858664
ZNF449	500	374	0	0	0.0	0.0	0.0
TBL1XR1	500	337	105	19	0.322649767484271	0.11866610145541896	0.1784278087955843
MTA3	500	648	630	373	3.722440047414972	0.5838403880070546	0.5896388176203259
XBP1	500	1242	267	230	3.023743959150178	0.523304203079484	0.8598358785940418
TEAD4	500	1787	2279	1086	37.13479529497584	0.5421236157092826	0.5993977146838759
ZNF770	500	938	804	368	6.876556943557946	0.4250177683013504	0.4530332738324344
POU2F2	500	2680	1789	979	43.71769855019604	0.4562657992875199	0.5358917011149806
TP63	500	1891	6650	1198	114.66353606273366	0.40683880510371645	0.6098712073590163
ZBTB17	500	1351	2006	1069	24.711461657700372	0.6620835126006142	0.7873765837164921
IRF4	500	1084	980	673	9.686514087717699	0.653791701182318	0.6836074068254749
GTF3C1	500	2027	2935	1478	54.2467858119814	0.6163669507643408	0.7217087286683411
ZHX2	500	3598	2179	1844	71.48757180632808	0.6793833502422564	0.8410448282446784
ELK1	500	1096	586	476	5.856259688155375	0.6232966293814305	0.8103918178262653
HNRNPK	500	578	339	249	1.786650861675937	0.5826545610435742	0.7331066512343726
OLIG2	500	2303	1869	1200	39.24780705753624	0.5815570311318408	0.6343767191096152
TCF7L2	500	3785	1257	1060	43.382374395915015	0.5616652426727368	0.8376753963984809
SOX10	500	524	413	91	1.9733017233518737	0.19700155259412602	0.2165959015555901
ZNF274	500	190	90	52	0.1559223123917206	0.42573099415204674	0.5770450209069135
MTA2	500	867	1141	513	9.020215191027628	0.5206505554224576	0.5874028662821964
EP400	500	1618	4852	1353	71.58325886751163	0.5575358166627093	0.8286361024480812
ELF2	500	492	376	352	1.6868058721619403	0.825808683618751	0.935882570060292
TRPS1	500	175	156	50	0.24892860399379957	0.30311355311355315	0.31942683250962167
ZNF697	500	228	141	108	0.29313394729643477	0.6198208286674132	0.7654698670664769
ELF4	500	1550	451	345	6.374122367101304	0.4937736928688935	0.7615973218555715
JARID2	500	1197	178	84	1.9427920124008389	0.2710427754780209	0.46608263828300045
ZZZ3	500	267	106	69	0.25806510440412145	0.45468518125927493	0.6500915172723869
BCL11A	500	360	331	162	1.0865323242454636	0.4697129909365559	0.487744464660362
HIF1A	500	2050	14568	1897	272.3114798942281	0.527791383721086	0.9139331788051955
RFX1	500	1901	2851	1846	49.41871979575089	0.8092799835269184	0.970295659937795
KDM5C	500	55	375	45	0.18806419257773319	0.4690909090909091	0.8175579852692255
NR2F2	500	657	2097	369	12.562496580651045	0.36880475042624494	0.5530986348996012
FOXA2	500	3631	4244	2622	140.51211817269993	0.6699642517010422	0.7109286626510848
NKX2-1	500	337	631	321	1.9389714598340475	0.7306192892446166	0.9522475052687843
CUX1	500	735	641	612	4.2959332543083795	0.8937056257760514	0.9544529373776044
ZNF740	500	205	391	155	0.7308744415063372	0.5762584991578816	0.7552248786335446
IRF9	500	529	195	164	0.9405945108051427	0.5755222723086617	0.8402551016692357
CEBPD	500	1946	977	900	17.336026260599983	0.6918372306103063	0.91976358172542
ZEB2	500	692	936	613	5.906008935898605	0.7703763401017736	0.8848554264737482
GRHL2	500	1633	1467	1316	21.843813257955684	0.8514737993772779	0.8955130238618609
FOSL1	500	1282	795	482	9.293243366463026	0.4911321735888303	0.6016325462936206
PHF20	500	2963	3641	2723	98.3704112337011	0.8334362381854462	0.9162195346507749
HMGA1	500	70	103	50	0.06574268259323425	0.5998613037447988	0.7140171245513183
MAF1	500	44	3	1	0.0012036108324974925	0.178030303030303	0.3330657569068165
SAP30	500	2461	1107	904	24.841132488374214	0.59197592653158	0.812412016299613
ZNF574	500	511	4007	394	18.670347405853924	0.4346825540626799	0.762354350619524
GATAD2A	500	243	364	179	0.8065286769399106	0.6141918780807669	0.7357484508133959
ZFP64	500	527	809	461	3.887507978480897	0.7223010580682689	0.8738321087593433
SMARCB1	500	208	201	133	0.38121637640193307	0.650557309605817	0.6610486876065308
HSF1	500	1705	1959	1150	30.455867602808425	0.6307605023210417	0.6685665135588332
TET2	500	1125	2284	561	23.4293790462296	0.372144191476941	0.48800377454540944
TCF7	500	3292	3471	2754	104.19013403847907	0.8150023996782225	0.8312320926838821
ZBTB44	500	136	0	0	0.0	0.0	0.0
BATF3	500	651	21	17	0.12465578553843348	0.41781874039938555	0.8083863931101568
ESRRA	500	1323	435	393	5.247606455730829	0.6002502150285401	0.9022693052303534
PML	500	872	1980	511	15.743229689067201	0.4220449911963673	0.578397494166487
HNF4G	500	799	96	85	0.6994073128476338	0.49589982269503546	0.8845757440763228
RFX3	500	955	677	651	5.8952767393088354	0.8216353329672794	0.9612579093860731
MLXIP	500	111	1080	94	1.0930974742409045	0.46694194194194194	0.845323636556715
ZBTB12	500	911	194	147	1.6115072490197866	0.4595465501827605	0.7557026445399992
MXD4	500	508	0	0	0.0	0.0	0.0
GATA2	500	3375	1767	883	54.37790644661256	0.38067333207570897	0.48383242086649914
MTF2	500	498	97	68	0.4404668551107869	0.4187885562870037	0.6996671477638049
NFXL1	500	12	79	8	0.00864411416066381	0.38396624472573837	0.6664263792951368
AHR	500	954	642	483	5.584644843621774	0.6293128783871158	0.7501631619794419
PHF6	500	739	908	335	6.118464484362177	0.4111290111056136	0.44875129141334513
CHD1	500	942	380	304	3.263973739400018	0.5613588110403397	0.7982672356706644
TEAD1	500	704	1387	575	8.903510531594785	0.6156625852067903	0.8144142547768348
NKX3-1	500	143	57	36	0.07432296890672016	0.4416635995583364	0.6310979316323349
KMT2C	500	1562	1415	1137	20.15346038114343	0.7657232505214389	0.8006949208362636
YAP1	500	1351	1068	855	13.15645117169691	0.7167131712672261	0.7980743208444555
NFKB2	500	1873	812	493	13.867748700647397	0.43517847608878035	0.6003168654309224
RREB1	500	263	184	173	0.4412510258046868	0.7990060340552156	0.9400736817968487
POU2F3	500	1623	618	444	9.145746329898786	0.4960070347971215	0.7142173205637496
PRMT5	500	17	20	16	0.003100209720069299	0.8705882352941177	0.9411657412623053
GLYR1	500	112	488	81	0.49836783076502233	0.4445989461358314	0.721977163949055
RBBP4	500	904	0	0	0.0	0.0	0.0
HINFP	500	430	253	239	0.9919759277833501	0.7502389925544628	0.9444462133634757
STAT4	500	134	0	0	0.0	0.0	0.0
GATA4	500	2192	497	193	9.933655511990517	0.23818871256737506	0.3758550484132582
DOT1L	500	557	379	264	1.92489286039938	0.5852688024329356	0.6950209710941626
SMAD4	500	1856	2723	1019	46.08268441688703	0.46162489156862996	0.5375479350390445
E2F8	500	749	156	140	1.0654144250934623	0.5421758926431823	0.8967306109179577
MYBL2	500	1514	1211	622	16.717917388529223	0.4622286678585882	0.5068166821090825
MEF2C	500	701	254	86	1.6235433573447615	0.2306322800948027	0.33432776482049403
GFI1B	500	511	510	397	2.3763107504331176	0.7776696980161928	0.7773941555662014
ASH1L	500	709	1032	566	6.671724263700192	0.6733785438602246	0.7963915095827758
ARID1A	500	1064	1581	566	15.338597611014864	0.44497807612009144	0.5251088684436253
HDAC6	500	132	124	92	0.14924774322968906	0.7194525904203324	0.7416245003207018
ASXL1	500	4550	3339	1261	138.52876812254948	0.32740041928721175	0.3507206128576853
MEIS1	500	229	5277	122	11.018810978389714	0.2779351441081136	0.5091319554670739
SOX2	500	591	300	140	1.6166681863773138	0.3517766497461929	0.4637770178800074
ZNF592	500	209	320	178	0.6098294884653962	0.7039623205741627	0.8512405843140086
PPARG	500	1183	1067	761	11.50962888665998	0.6782472087785332	0.7100873599848869
MTOR	500	1287	1417	934	16.628786359077232	0.6924288759151145	0.722128464334223
SPDEF	500	168	97	85	0.14859122823014498	0.6911205203730977	0.876098859560443
HAND1	500	577	1026	452	5.398030455001368	0.6119540136688728	0.7813163588300766
MGA	500	827	3043	577	22.946667274550926	0.44365902515377137	0.6890753513170691
ESR2	500	461	941	375	3.9555119905170057	0.6059806224513083	0.8118345100833694
E2F5	500	593	688	442	3.7201057718610375	0.6939022118514452	0.7437550449641839
CHD6	500	931	640	580	5.433026351782621	0.7646180182599356	0.9054473326037576
SFPQ	500	1685	51	25	0.7835780067475153	0.25251643684179903	0.4822410883138272
GTF3C2	500	788	69	61	0.49577824382237623	0.4807345692635916	0.883218876225266
BANP	500	2018	1488	1256	27.380176894319323	0.7332422178884661	0.8411633223581041
ZNF350	500	733	35	28	0.2339290599069937	0.41909959072305597	0.7986542680631924
NR2C1	500	1845	1587	1478	26.698413422084435	0.8662004805303252	0.9301417104631285
IRF2	500	657	468	383	2.8036473055530227	0.7006644421027983	0.8172814565125573
ZBTB49	500	26	2	1	0.0004741497218929516	0.2692307692307692	0.499881434460618
BATF	500	1013	1028	668	9.49543174979484	0.6546164453543621	0.6562048535548064
EHMT2	500	275	2247	209	5.6344032096288865	0.42650645304850915	0.7549798460292488
ARHGAP35	500	103	102	82	0.09579648035014134	0.8000190367409099	0.80373724233914
GFI1	500	283	259	174	0.6683413877997629	0.6433278306069825	0.6709656088741356
BACH1	500	228	606	121	1.2598522841251025	0.3651858606913323	0.5280941594248219
ZSCAN20	500	329	349	265	1.0469681772590498	0.7823917227684831	0.8048501041618908
FOXA3	500	800	0	0	0.0	0.0	0.0
AGO2	500	2052	7	2	0.13097474240904533	0.14334447229184072	0.27209468410754445
ETV1	500	820	1102	501	8.239627974833592	0.5328017794697003	0.6070268874986297
ZFP36	500	466	213	189	0.905060636454819	0.6464516714018014	0.8868431275540132
STAT2	500	1213	1478	958	16.347351144342117	0.7189753092066439	0.7869055817961437
TLX3	500	176	410	150	0.6579739217652959	0.6090631929046564	0.8517183781804869
WDR77	500	957	1123	721	9.799498495486459	0.6977131526522014	0.7508447265123461
NCOA1	500	787	1016	609	7.290890854381326	0.6866170496953447	0.7717097339095513
BRCA2	500	453	0	0	0.0	0.0	0.0
PRDM10	500	591	4444	569	23.948244734202607	0.5454063807395968	0.9612028359039506
BRD7	500	214	345	96	0.6732014224491657	0.36342950020316944	0.446858056339774
SIX4	500	141	238	138	0.3059906993708398	0.7792776685142142	0.9786771304982167
GATA6	500	871	454	356	3.6056715601349505	0.5964332859592245	0.7824128906341578
KLF17	500	664	495	407	2.9969909729187565	0.717587014725569	0.8211393052777931
SMAD3	500	1138	11736	953	121.77959332543084	0.4593186152771638	0.8179528783471441
PTF1A	500	85	1	1	0.0007750524300173247	0.5058823529411764	1.0
ZSCAN29	500	474	169	141	0.7304276465760919	0.5658939405287994	0.833600337788995
LDB1	500	556	372	27	1.88594875535698	0.06057089812021351	0.06785489813258344
RBBP5	500	1578	3439	1395	49.48246557855384	0.6448357965055276	0.8802761526257096
ZNF280B	500	154	388	121	0.5448345035105316	0.5487849779086893	0.7849534755429597
ZNF280D	500	216	54	4	0.10635542992614207	0.046296296296296294	0.07224682244325199
ZMYM3	500	627	889	316	5.082547642928787	0.4297214044416697	0.499933634566279
JMJD1C	500	678	673	292	4.160609100027354	0.4322783117902055	0.4303565172988146
SKI	500	292	3018	136	8.035524756086442	0.2554081901286346	0.45063550690274706
NFKB1	500	748	1960	687	13.368104312938817	0.6344797009712976	0.9169652170588781
MXD1	500	568	840	364	4.350506063645482	0.5370892018779343	0.6380729474707291
ZBTB48	500	963	793	582	6.963244278289413	0.66914159330277	0.7315647156903402
ZBTB10	500	309	251	146	0.7072034284672198	0.5270826080790109	0.5804913228096383
CBFB	500	2838	910	579	23.54864593781344	0.42014032479148755	0.6266010554519615
NOTCH1	500	773	9143	693	64.44368560226133	0.48615140291408365	0.8870943658613801
ZNF316	500	1127	0	0	0.0	0.0	0.0
BCLAF1	500	467	1053	376	4.48391538251117	0.5811071050185967	0.8032500857234857
FOXF1	500	73	111	41	0.07388529224035743	0.4655066024929039	0.5611997138715651
ZBTB9	500	341	496	258	1.5422266800401203	0.6383797653958945	0.755492416072124
HIC2	500	141	64	37	0.08228321327619222	0.42026817375886527	0.5775819075313388
NCOR2	500	231	88	77	0.18535606820461384	0.6041666666666666	0.8747361543873756
TP73	500	284	178	119	0.4609464757910094	0.5437767051748694	0.6676787510757185
MXI1	500	630	6858	582	39.39582383514179	0.504336957880265	0.9187272932750115
NR1H3	500	288	247	155	0.6486368195495578	0.582862404408457	0.6265496613769062
ZNF281	500	194	2023	174	3.5785720798759915	0.491459045716528	0.8949698034593597
PPARA	500	199	235	150	0.42641561046776694	0.6960333582807656	0.7532400890549518
SMAD2	500	1392	2326	184	29.52304185283122	0.10564483450450184	0.11337950137317689
TFDP1	500	224	5086	218	10.388109783897146	0.5080385231166789	0.9719116759187421
FOXC1	500	545	1722	406	8.557399471140695	0.4903632430819721	0.7408856047917057
AGO1	500	643	194	169	1.1374304732378955	0.5669822513668211	0.8703740178234485
SMARCC2	500	1059	797	640	7.696024436947205	0.703677506418664	0.8010905749106312
HES1	500	20	66	14	0.012036108324974924	0.45606060606060606	0.6998193496587716
TARDBP	500	573	301	211	1.5726543266162123	0.5346170125179014	0.6994262504728869
XRN2	500	142	82	67	0.10617306464849093	0.6444520783236001	0.8168360111948209
MAFG	500	283	319	252	0.8231695085255767	0.8402140079976074	0.8901398107491443
ERF	500	407	7	4	0.025977933801404212	0.2906282906282906	0.5698321611942875
PRDM1	500	405	565	314	2.086486732926051	0.6655304271823446	0.7741450782771835
PAX8	500	140	122	48	0.1557399471140695	0.36814988290398126	0.39266732821159855
ZIK1	500	53	17	12	0.008215555758183642	0.4661487236403996	0.7057401465745169
NCOR1	500	481	1522	308	6.675316859669919	0.4213489745684227	0.6352709311802407
KHSRP	500	120	91	78	0.09957144159751984	0.7535714285714286	0.8569863728238899
RARA	500	709	6501	454	42.02798395185557	0.3550869574367316	0.617675114001195
POU5F1	500	237	471	159	1.0178444424181636	0.504232846891881	0.6694665331126393
OTX2	500	773	1071	503	7.548855657882739	0.5601830210307495	0.6472668412664573
ETV5	500	628	2686	370	15.380760463207805	0.36346163878757987	0.578857496876728
PBX2	500	900	1274	879	10.455001367739582	0.8333097854526426	0.9763924253047468
ZNF407	500	708	1034	613	6.675225677031094	0.729331267962714	0.8645420731191062
MYBBP1A	500	1211	1551	1154	17.126479438314945	0.8484837836701076	0.9522562490763821
DNMT3A	500	61	513	39	0.28533783167684873	0.3576838270539737	0.6376493055498195
POU2AF2	500	704	87	66	0.5584754262788365	0.4261853448275862	0.757061202893405
ISL1	500	203	264	16	0.48866599799398197	0.0697118972981042	0.07659489321151955
ZHX3	500	24	61	19	0.0133491383240631	0.5515710382513661	0.7915507242410142
PHF21A	500	780	13	11	0.09245919576912556	0.4301282051282051	0.8450518165827193
MEF2A	500	232	12	12	0.02538524664903802	0.5258620689655172	1.0
VDR	500	539	1063	232	5.2243731193580745	0.32433847566222246	0.4248519704916228
ZBTB3	500	9	22	3	0.0018054162487462387	0.23484848484848483	0.33319957196361694
NBN	500	266	297	204	0.7203610832497492	0.7268929900508847	0.7662843622180263
HDAC3	500	590	190	109	1.022157381234613	0.3792149866190901	0.5713783220427306
NR5A2	500	329	37	0	0.11099662624236345	0.0	-0.003008935349045646
ZNF83	500	346	228	48	0.7193216011671377	0.1746273197444478	0.20802770711492058
HNRNPL	500	120	698	113	0.7637457828029544	0.5517788920725883	0.9412930232842688
SIRT6	500	25	6	5	0.0013677395823835142	0.5166666666666667	0.8332953319044796
TBX3	500	174	17	16	0.0269718245646029	0.5165652467883706	0.9410829941679311
PBX3	500	946	2587	897	22.315145436308928	0.6474683140862877	0.9469516039394784
HIC1	500	253	690	236	1.5917753259779337	0.6374176548089592	0.9323808915876068
SALL4	500	39	0	0	0.0	0.0	0.0
KDM3A	500	72	80	58	0.05252119996352694	0.7652777777777777	0.805413612353114
ZBED1	500	67	106	35	0.06475791009391811	0.4262883694733878	0.5219259839679337
ZNF331	500	301	751	280	2.0611926689158384	0.6515343882575171	0.9297515093892047
PCGF2	500	308	75	60	0.21063189568706117	0.4974025974025974	0.7994367330516998
IRF3	500	412	6278	327	23.584717789732835	0.4228879860941429	0.7811620605751923
ATF6	500	77	16	14	0.01123370110330993	0.5284090909090909	0.8749121750476764
TBXT	500	80	2	0	0.0014589222212090817	0.0	-0.0007299936125558901
DUX4	500	322	0	0	0.0	0.0	0.0
ZKSCAN1	500	176	159	113	0.2551654964894684	0.6763686392224129	0.710226791669352
ETV4	500	567	157	136	0.8116987325613203	0.5530504723710669	0.8655469082537619
KAT2B	500	90	61	46	0.05005926871523662	0.6326047358834244	0.7538963972724471
XRCC5	500	152	838	150	1.16144798030455	0.5829198593141565	0.9867407902474504
ZFP3	500	216	158	113	0.31118810978389716	0.6191690107829348	0.7146278200679876
ZNF589	500	74	51	45	0.03441232789276922	0.7452305246422893	0.8822735050441944
CPSF4	500	46	151	34	0.06333546092823926	0.482147998848258	0.7387707592528118
HOXB7	500	5	6	5	0.0002735479164767028	0.9166666666666667	1.0
ZNF580	500	175	264	18	0.42126379137412234	0.08551948051948052	0.10069230990204245
CREB3	500	19	59	18	0.010221573812346129	0.6262265834076717	0.9473400912029094
PRRX1	500	206	283	121	0.5315765478252941	0.5074702391162647	0.5863111296038888
MAF	500	87	461	64	0.365706209537704	0.43723040865684293	0.7345162176120594
BACH2	500	172	111	64	0.17408589404577368	0.47433479991619526	0.5759114609687223
CHD7	500	372	285	27	0.9667183368286678	0.08365874363327674	0.0916557436886696
HMBOX1	500	307	14	11	0.03919029816722896	0.41077245230339693	0.7851127503295056
HIVEP1	500	285	243	168	0.6314853651864685	0.6404158544509422	0.6905538654102594
ZSCAN4	500	388	419	353	1.4823743959150177	0.8761379573358266	0.9094478552037599
FUS	500	11	79	6	0.007923771313941825	0.3107019562715765	0.5451268808570048
HAND2	500	124	552	115	0.6241269262332452	0.5678763440860215	0.9270521879539699
IRF5	500	270	191	186	0.4702288684234522	0.8313554392088424	0.9737573820075232
RB1	500	469	193	131	0.8253578918573904	0.4790370869560414	0.6773767895708598
PCBP1	500	243	37	35	0.08198231056806785	0.5449894338783228	0.9458259103502051
ZNF768	500	454	3992	266	16.525649676301633	0.3262681751167533	0.570260519591848
XRCC6	500	42	162	10	0.0620406674569162	0.14991181657848324	0.23696811887629
SKIL	500	282	70	51	0.17999452904167046	0.4547112462006079	0.7278716913320342
CREB5	500	49	50	33	0.022339746512264065	0.666734693877551	0.6733204502381138
POLR3C	500	71	63	63	0.040785994346676395	0.943661971830986	1.0
MYOG	500	54	0	0	0.0	0.0	0.0
SNAPC4	500	52	45	39	0.021336737485182822	0.8083333333333333	0.8666034167138
LYL1	500	790	1142	648	8.22631530956506	0.6938393668669224	0.8183617550951093
EOMES	500	375	49	3	0.1675480988419805	0.03461224489795918	0.05800347496151121
EPAS1	500	206	1509	171	2.8344488009482993	0.4717085834507518	0.8277266997606858
ZNF792	500	82	47	38	0.03514178900337376	0.6359626362221069	0.8083673550217876
MBD5	500	367	73	56	0.2442874076775782	0.45985592176477175	0.766341371772999
HMGXB4	500	113	962	90	0.9912099936172153	0.44500763527312204	0.7946589727583938
PRMT1	500	21	4	3	0.000765934166134768	0.4464285714285714	0.7499521199463743
WT1	500	230	143	126	0.29989969909729186	0.7144724840377015	0.8808690395861448
ZNF12	500	92	181	74	0.1518373301723352	0.6065938025462407	0.8040243868055834
ARID3A	500	216	5	5	0.009847724993161302	0.5115740740740741	1.0
ELL2	500	397	498	293	1.802735479164767	0.6631943390691228	0.7368402837350181
NR4A1	500	215	34	24	0.06665450898148992	0.40875512995896035	0.7053046242479452
HMG20B	500	70	176	54	0.1123370110330993	0.5391233766233766	0.771061167082867
ZNF354C	500	7	1	1	6.382784717789733e-05	0.5714285714285714	1.0
ZNF507	500	313	0	0	0.0	0.0	0.0
ZNF644	500	162	137	92	0.20237074860946475	0.6197170406416148	0.6710469308111743
TAF7	500	88	828	56	0.6643931795386159	0.3519982433025911	0.6335973245622095
HNF1A	500	219	393	155	0.7847816175800127	0.5510822963505176	0.7067115645076566
CBX4	500	10	0	0	0.0	0.0	0.0
CDX2	500	52	24	18	0.011379593325430837	0.5480769230769231	0.7498814063383751
NFRKB	500	158	344	107	0.4955958785447251	0.4941308507506623	0.6761995305180627
MYNN	500	89	208	81	0.16879730099389076	0.6497677182368193	0.9099415548035859
PPP1R10	500	81	9	6	0.006647214370383879	0.37037037037037035	0.666420291574276
LEF1	500	290	196	102	0.5182821190845263	0.43606615059817033	0.5191366178945521
PDX1	500	224	243	131	0.4963253396553296	0.561958039388595	0.5838994587389637
RPA2	500	7	3	3	0.000191483541533692	0.7142857142857143	1.0
ASH2L	500	220	790	114	1.584754262788365	0.3312428078250863	0.5146858927259368
CBX1	500	64	266	27	0.1552293243366463	0.2616893796992481	0.42046937269204054
NKX2-5	500	103	7	7	0.006574268259323425	0.5339805825242718	1.0
NFATC2	500	137	60	55	0.07495212911461657	0.6590632603406326	0.9165624362825207
ZNF512	500	49	61	43	0.02725449074496216	0.7912345265975242	0.8774828746559431
TOP2B	500	151	185	30	0.2547187015592231	0.18041882942545195	0.1973214752875216
PHOX2B	500	113	109	62	0.11230965624145163	0.5587399529106114	0.5683625958855316
NR1D1	500	44	40	29	0.0160481444332999	0.6920454545454545	0.7248896247240618
ASXL3	500	96	345	90	0.30199689979027994	0.5991847826086957	0.9373027669791905
RYBP	500	155	31	28	0.04381325795568524	0.5419354838709677	0.9030888389129196
HSF2	500	157	56	52	0.08016777605543904	0.6298908098271155	0.9284690271605067
KLF13	500	147	7	7	0.009382693535150907	0.5238095238095238	1.0
ZNF660	500	85	11	7	0.008525576730190571	0.3593582887700535	0.6360815805082813
ZNF362	500	211	560	160	1.077414060362907	0.5220040622884224	0.7570532976634302
TAF15	500	44	59	38	0.023671013039117353	0.7538520801232665	0.8635629635711745
SUPT6H	500	170	822	89	1.2741861949484818	0.3159009589237155	0.5199311938504638
ZNF184	500	224	47	25	0.09599708215555758	0.3217610182370821	0.5309568772086575
SATB1	500	61	35	28	0.019467493389258687	0.6295081967213115	0.7998886952713737
ZNF800	500	66	178	52	0.10712136409227684	0.540006809669731	0.7875339446413132
ZNF34	500	74	67	65	0.04520835232971642	0.9242638160548609	0.9701290982947955
CCNT1	500	38	39	30	0.01351326707394912	0.7793522267206479	0.789398791832314
MEIS2	500	146	2219	30	2.954080423087444	0.10949952773988035	0.18907159083535113
ZNF7	500	176	126	84	0.20220661985957875	0.571969696969697	0.6661308686625143
MAU2	500	119	321	72	0.3483085620497857	0.4146705411136417	0.6038825959377158
GTF2I	500	410	445	299	1.6636272453724812	0.7005892025212387	0.7281652887025551
MLX	500	119	45	43	0.04882830309109146	0.6584500466853408	0.955507277685989
MEN1	500	50	2429	44	1.1074131485365186	0.44905722519555374	0.877282009679134
ZNF778	500	13	13	10	0.0015409865961520926	0.7692307692307693	0.7692034111961704
HMG20A	500	101	2	1	0.0018418893042764658	0.25495049504950495	0.4995391032135002
GATAD2B	500	50	56	8	0.02553113887115893	0.1514285714285714	0.15957085773715035
ZNF549	500	34	0	0	0.0	0.0	0.0
CHD4	500	57	104	29	0.05405306829579648	0.39380904183535764	0.5083056563519672
BRF1	500	45	100	42	0.04103218747150542	0.6766666666666666	0.9332724894283715
ZNF264	500	38	51	28	0.017671195404395004	0.6429308565531475	0.7367196716281896
MECP2	500	143	144	115	0.18776328986960883	0.8014034576534577	0.8039383693931473
NFE2L1	500	29	59	9	0.01560134950305462	0.2314436002337814	0.30997360886570974
ZBTB5	500	131	215	122	0.2568159022522112	0.7493697851943901	0.9311627595571536
THRB	500	12	241	0	0.026370019148354153	0.0	-0.002202341244094344
ZNF766	500	93	499	16	0.4231512719978116	0.10205356950460061	0.16825857589696266
MEF2D	500	212	299	132	0.577988510987508	0.5320565406701584	0.6216098814093557
MBD3	500	69	4788	27	3.0124190754080424	0.19847172278522393	0.36351659794899943
KLF16	500	301	500	134	1.3722987143247927	0.35659136212624587	0.4426416540145715
ZBTB7B	500	161	100	69	0.14680404850916384	0.5592857142857143	0.6895442383731017
DLX5	500	143	353	0	0.4602808425275827	0.0	-0.0032291409387377994
ZNF133	500	16	10	10	0.0014589222212090817	0.8125	1.0
CARM1	500	28	14	5	0.0035743594419622503	0.26785714285714285	0.3569786864783308
ZNF414	500	62	49	18	0.02770128567520744	0.32883475971033577	0.36698907721617224
DNMT3B	500	83	42	11	0.03178626789459287	0.19721744119334483	0.2613457366119635
ZKSCAN8	500	86	109	66	0.08547460563508708	0.6864732238105398	0.7672104931244631
ZNF311	500	15	6	0	0.0008206437494301085	0.0	-0.00013679266791299987
SIRT1	500	50	42	15	0.0191483541533692	0.32857142857142857	0.35684963640628664
BANF1	500	26	6	2	0.0014224491656788546	0.20512820512820512	0.33317524594749065
MCM3	500	49	17	12	0.007595513814169782	0.47539015606242496	0.7057508839278863
DLX6	500	136	42	27	0.052083523297164216	0.4206932773109244	0.6424137058551943
CIITA	500	48	0	0	0.0	0.0	0.0
ZNF547	500	162	43	37	0.0635178262058904	0.5444300890037324	0.8602586961895531
ZNF207	500	4	21	2	0.000765934166134768	0.2976190476190476	0.4999042398927486
ZNF785	500	11	24	11	0.002407221664994985	0.7291666666666666	1.0
LIG4	500	7	8	4	0.0005106227774231786	0.5357142857142857	0.5713973065288926
SSRP1	500	91	48	26	0.039828576639007934	0.41369047619047616	0.5412860432503795
SOX17	500	329	290	155	0.8699735570347406	0.5028036893407399	0.5330820473375133
KDM3B	500	17	0	0	0.0	0.0	0.0
TBX5	500	71	54	34	0.034959423725722624	0.5542514345331246	0.6293896977297373
ZNF532	500	12	13	10	0.0014224491656788546	0.8012820512820513	0.8333135747527898
STAT6	500	10	1	1	9.118263882556761e-05	0.55	1.0
DMC1	500	34	29	4	0.008990608188200966	0.127789046653144	0.13766369214239974
ZNF577	500	41	119	3	0.04448800948299444	0.04919040787046526	0.07216396150050172
ZNF239	500	29	0	0	0.0	0.0	0.0
MYRF	500	53	0	0	0.0	0.0	0.0
ZNF548	500	88	0	0	0.0	0.0	0.0
MSX2	500	14	37	8	0.004723260691164403	0.3938223938223938	0.5712839330180824
ZNF48	500	83	2092	47	1.5832588675116257	0.2943657997189523	0.5578304965385721
ZNF510	500	21	3	0	0.0005744506246010759	0.0	-0.00019152021450264024
IRF8	500	4	515	1	0.01878362359806693	0.12597087378640776	0.24646145389583618
FOXN3	500	50	22	19	0.010030090270812437	0.6218181818181818	0.8635741652983032
KLF6	500	107	156	14	0.15220206072763745	0.11029235561945841	0.12960302604591672
PROX1	500	34	314	5	0.09734658521017599	0.08149119520419633	0.1446097258172445
BAP1	500	210	3503	172	6.70766845992523	0.4340741949077661	0.8130770614310697
KAT7	500	11	473	8	0.04744232698094283	0.37209302325581395	0.726091376136707
HBP1	500	60	77	40	0.04212637913741224	0.5930735930735931	0.6664324667938037
ZFP37	500	53	0	0	0.0	0.0	0.0
ASCL2	500	12	37	9	0.004048509163855202	0.4966216216216216	0.7499156275938814
NFKBIZ	500	3	29	1	0.0007932889577824382	0.1839080459770115	0.33315700027058004
ZNF324	500	14	11	0	0.0014042126379137413	0.0	-0.0001276719924126359
ZNF707	500	12	27	12	0.0029543174979483906	0.7222222222222222	1.0
TCF7L1	500	53	13	12	0.006282483815081608	0.5747460087082729	0.923039730642566
ATRX	500	56	76	31	0.038807331084161574	0.48073308270676696	0.5532618443658281
ZNF416	500	8	2	0	0.00014589222212090818	0.0	-7.295143258375736e-05
SETDB1	500	49	170	34	0.07595513814169783	0.4469387755102041	0.6934022924238188
NFATC3	500	23	438	20	0.09185739035287681	0.45761365892396266	0.8690421981773139
PHC1	500	23	15	12	0.0031458010394820827	0.6608695652173913	0.7999580471877935
ZNF561	500	12	46	11	0.005033281663171332	0.5778985507246377	0.9166316986547958
TEAD2	500	39	11	9	0.00391173520561685	0.5244755244755245	0.8181171384006348
ZSCAN30	500	13	38	9	0.00450442235798304	0.46457489878542507	0.6922010418069963
ZNF221	500	62	106	45	0.059925230236163037	0.5751673767498479	0.7255411772880426
FOXO3	500	2	2	2	3.6473055530227045e-05	1.0	1.0
ZNF23	500	6	8	5	0.00043767666636272456	0.7291666666666667	0.833321174761236
ZNF121	500	88	443	73	0.35546639919759276	0.4971655037964293	0.8288541294734818
LMNB1	500	15	27	10	0.003692896872435488	0.5185185185185185	0.6665845820830635
YBX1	500	6	8	4	0.00043767666636272456	0.5833333333333333	0.666642349522472
HMGA2	500	6	29	4	0.0015865779155648763	0.4022988505747126	0.6665785001352901
KDM6B	500	5	328	4	0.014953952767393088	0.4060975609756098	0.7994000475572058
PRDM2	500	3	1	1	2.7354791647670285e-05	0.6666666666666666	1.0
DEK	500	5	7	2	0.0003191392358894866	0.34285714285714286	0.39996170084714083
ZNF138	500	28	0	0	0.0	0.0	0.0
FOXJ3	500	51	106	33	0.04929333454910185	0.47918978912319643	0.6467173631527745
ZNF175	500	75	0	0	0.0	0.0	0.0
INO80	500	11	3	0	0.00030090270812437313	0.0	-0.00010031096398836394
PHF19	500	3	1	0	2.7354791647670285e-05	0.0	-2.73555399527661e-05
E2F7	500	50	232	46	0.10577186103765843	0.5591379310344828	0.9198304062574243
TSHZ1	500	14	0	0	0.0	0.0	0.0
DNMT1	500	17	10	8	0.0015501048600346495	0.6352941176470588	0.7999689930964042
ZNF524	500	4	8	3	0.00029178444424181636	0.5625	0.7499817621418541
PDS5B	500	69	223	52	0.14030272636090088	0.49340352245401964	0.753121191740877
ORC1	500	45	0	0	0.0	0.0	0.0
ZNF501	500	41	1038	17	0.38805507431385067	0.2155058978335448	0.4090408611575622
ZNF101	500	17	38	4	0.005890398468131668	0.17027863777089783	0.23502905978503486
ZSCAN5A	500	13	0	0	0.0	0.0	0.0
TOP2A	500	2	1	1	1.8236527765113522e-05	0.75	1.0
VEZF1	500	17	7506	2	1.163508707942008	0.05895675616369649	0.05282049392326524
ZNF8	500	25	19	14	0.004331175344214461	0.648421052631579	0.7367821030070731
SAFB2	500	20	2	0	0.00036473055530227043	0.0	-0.0001823985408116735
RARB	500	3	6	3	0.0001641287498860217	0.75	1.0
MLLT3	500	11	48	2	0.00481444332998997	0.11174242424242424	0.18145992592727736
BPTF	500	2	119	0	0.002170146804048509	0.0	-0.0010862520652481493
MBD1	500	10	46	9	0.00419440138597611	0.5478260869565218	0.8999580383857549
RAG1	500	1	2082	1	0.018984225403483178	0.5002401536983669	1.0
ZNF302	500	5	4	4	0.00018236527765113522	0.9	1.0
RBAK	500	26	20	17	0.004741497218929516	0.7519230769230769	0.8499644303381854
CAMTA2	500	11	26	11	0.002607823470411234	0.7115384615384616	1.0
CBX2	500	20	0	0	0.0	0.0	0.0
ADNP	500	12	276	9	0.030199689979027992	0.391304347826087	0.7493692524270069
PSIP1	500	20	0	0	0.0	0.0	0.0
NR5A1	500	16	513	3	0.0748427099480259	0.09667397660818713	0.18368153210513297
RTF1	500	5	0	0	0.0	0.0	0.0
POU3F2	500	4	21	4	0.000765934166134768	0.5952380952380952	1.0
ARID1B	500	7	2123	4	0.13550651955867604	0.2866563488325146	0.562968482882567
ZFP1	500	7	30	5	0.00191483541533692	0.44047619047619047	0.7142075363527388
ZNF624	500	5	6	5	0.0002735479164767028	0.9166666666666667	1.0
GLI4	500	2	25	1	0.00045591319412783806	0.27	0.4998859957134388
TOP1	500	11	8	6	0.0008024072216649949	0.6477272727272727	0.749974922259003
ZFP41	500	7	38	7	0.0024254581927600984	0.5921052631578947	1.0
ZNF558	500	14	178	13	0.02272271359533145	0.5008025682182986	0.9284553078894218
BRF2	500	8	2	1	0.00014589222212090818	0.3125	0.4999635242837081
PTBP1	500	5	43	5	0.0019604267347497037	0.5581395348837209	1.0
ZNF114	500	10	12	3	0.0010941916659068112	0.275	0.29992339820168157
SALL2	500	2	4	2	7.294611106045409e-05	0.75	1.0
HDAC4	500	9	25	8	0.0020516093735752712	0.6044444444444445	0.8888635546029864
TAF2	500	3	10	1	0.0002735479164767028	0.21666666666666667	0.33327253936409507
HDGF	500	2	39	2	0.0007112245828394273	0.5256410256410257	1.0
CASZ1	500	5	77	1	0.003510531594784353	0.1064935064935065	0.199437920305129
SNAI1	500	1	20	0	0.00018236527765113522	0.0	-0.0001823985408116735
ERCC6	500	1	17	0	0.00015501048600346495	0.0	-0.00015503451797944424
PARP1	500	9	0	0	0.0	0.0	0.0
ZNF140	500	7	7	0	0.0004467949302452813	0.0	-6.383192143202356e-05
HOMEZ	500	3	213	1	0.005826570620953771	0.16901408450704225	0.3320360202332118
GLI2	500	5	140	0	0.006382784717789733	0.0	-0.0012781886241212453
LCORL	500	6	324	5	0.017725904987690343	0.4243827160493827	0.8328394881080851
MTF1	500	4	42	4	0.001531868332269536	0.5476190476190477	1.0
EN1	500	2	94	2	0.0017142336099206712	0.5106382978723404	1.0
ZBTB1	500	14	30	12	0.00382967083067384	0.6285714285714286	0.8571037681763695
FOXB1	500	1	0	0	0.0	0.0	0.0
ZSCAN18	500	8	3	2	0.00021883833318136228	0.4583333333333333	0.666642349522472
CDT1	500	5	4	1	0.00018236527765113522	0.225	0.24996580495144302
ZNF398	500	4	1981	1	0.07225312300537978	0.12525239777889954	0.23620332624502038
ARID3B	500	2	0	0	0.0	0.0	0.0
TFAM	500	3	3	2	8.206437494301085e-05	0.6666666666666666	0.6666575481533491
SIX1	500	10	138	5	0.01258320415792833	0.26811594202898553	0.49937004710952054
ZMYND11	500	1	0	0	0.0	0.0	0.0
ZNF530	500	7	15	3	0.00095741770766846	0.3142857142857143	0.4284932613326211
PCBP2	500	9	6	2	0.0004923862496580651	0.2777777777777778	0.3332786192599618
CDC45	500	1	2	1	1.8236527765113522e-05	0.75	1.0
QKI	500	1	1	0	9.118263882556761e-06	0.0	-9.118347026051117e-06
HNRNPA2B1	500	3	1	1	2.7354791647670285e-05	0.6666666666666666	1.0
HOXA13	500	5	3	0	0.0001367739582383514	0.0	-4.55933980759586e-05
ZBTB4	500	4	77	4	0.0028084252758274826	0.525974025974026	1.0
ZC3H8	500	6	23	6	0.001258320415792833	0.6304347826086957	1.0
SOX1	500	2	5	1	9.118263882556761e-05	0.35	0.499977203300962
KAT6A	500	3	5	3	0.0001367739582383514	0.8	1.0
MCM5	500	5	0	0	0.0	0.0	0.0
SAMD1	500	3	1	0	2.7354791647670285e-05	0.0	-2.73555399527661e-05
GLI1	500	8	8	7	0.0005835688884836327	0.875	0.874990881070927
AEBP2	500	4	1	0	3.6473055530227045e-05	0.0	-3.647438586252804e-05
FOXP3	500	1	6	0	5.470958329534057e-05	0.0	-5.471257659760724e-05
NKRF	500	1	1192	1	0.010868970548007659	0.5004194630872483	1.0
DPF1	500	1	0	0	0.0	0.0	0.0
OVOL2	500	1	1	0	9.118263882556761e-06	0.0	-9.118347026051117e-06
TFCP2	500	1	237	1	0.0021610285401659525	0.5021097046413502	1.0
ZHX1	500	2	20	2	0.00036473055530227043	0.55	1.0
ZNF512B	500	3	10	2	0.0002735479164767028	0.43333333333333335	0.6666362696820476
MRE11	500	5	2	1	9.118263882556761e-05	0.35	0.499977203300962
HMGB2	500	1	189	0	0.0017233518738032278	0.0	-0.0017263269425745107
ZNF354B	500	5	149	4	0.006793106592504787	0.4134228187919463	0.7997279060636773
MAPK1	500	2	5	0	9.118263882556761e-05	0.0	-4.55933980759586e-05
ZFP30	500	2	9	1	0.0001641287498860217	0.3055555555555556	0.4999589644449713
TERF1	500	2	7	2	0.00012765569435579466	0.6428571428571428	1.0
SMC2	500	1	1	1	9.118263882556761e-06	1.0	1.0
ATR	500	2	4	2	7.294611106045409e-05	0.75	1.0
NR4A2	500	2	0	0	0.0	0.0	0.0
ZBTB16	500	1	318	1	0.00289960791465305	0.5015723270440252	1.0
MKI67	500	1	0	0	0.0	0.0	0.0
TET3	500	1	0	0	0.0	0.0	0.0
EP400	400	2277	5819	1882	120.81574724172518	0.5749746997384049	0.8168060083479876
FOXA1	400	12656	15586	8981	1798.6360536153916	0.6429230722715757	0.6615200505253637
MNT	400	5200	6142	4102	291.2227591866509	0.7283533927811037	0.7763190411512605
EGR1	400	11018	16597	9602	1667.4181271085986	0.7250106589125773	0.8485655738596145
ETV6	400	12074	13431	10739	1478.6714142427281	0.8445000001048308	0.8740010761162642
GATA1	400	11331	8391	6664	866.9501322148263	0.6911526643884841	0.7704693575471516
POLR2C	400	13565	17018	13130	2104.943649129206	0.8697340995421383	0.9620420714626812
ZIC5	400	294	573	269	1.5360809701832772	0.6922124870890765	0.9145193701741675
HMGB1	400	3528	1008	941	32.42658885748153	0.6001275510204082	0.9313224415151551
KLF11	400	5444	5497	4451	272.87013768578464	0.8136558722766022	0.8079723336215721
ATF3	400	2654	6173	1800	149.38581198139875	0.484906985485446	0.6590293211284572
BRD4	400	26180	26663	20921	6364.888665997994	0.7918834277547387	0.7345964950004723
GTF3C1	400	3652	4712	2791	156.90912738214644	0.6782781302707357	0.7536544738377279
IKZF1	400	5490	6227	2746	311.7190662897784	0.47058248306408745	0.47009441258067614
JUN	400	20932	17361	15479	3313.581216376402	0.8155429413169799	0.8660252086885866
FOXP1	400	9978	461	384	41.942719066289776	0.4357282333498121	0.8162542365844719
EBF1	400	7131	8310	5477	540.3356432935169	0.7135702052410611	0.7490389571550653
MECOM	400	13025	9515	8619	1130.0526579739217	0.7837801713225809	0.8931418453269026
IKZF2	400	7531	1087	720	74.64390444059451	0.37898916920763087	0.6374793399182291
BCOR	400	16784	19079	13465	2919.868113431203	0.7540009610709493	0.7606052779103062
SMARCA5	400	414	38	35	0.14344852740038297	0.5027968471904398	0.9207534790333085
KMT2A	400	14024	19399	12132	2480.6380596334457	0.7452407406748491	0.8360962768234987
RAD21	400	17280	15971	12400	2516.4482538524667	0.7469999153558418	0.7345879619495691
TBX21	400	432	5315	399	20.93626333546093	0.49934083307201843	0.9197204787078296
PGR	400	5841	6961	3762	370.74132397191573	0.5922536943114056	0.6199448466467133
KDM2B	400	13360	8955	7148	1090.8981489924317	0.6666216143926552	0.7702216941953158
RBPJ	400	6666	6183	4998	375.8172517552658	0.7790602204325237	0.7959423611460866
CTCF	400	38874	34312	30030	12162.347843530591	0.8238498828883142	0.8066786796582119
EP300	400	17339	20956	11087	3313.176657244461	0.5842432309458729	0.5542507668022774
ZFX	400	11581	10158	8502	1072.670721254673	0.785554638575629	0.8177281252894015
SMAD3	400	3387	13373	2937	413.0058448071487	0.5433803433898413	0.8486883374621765
RUNX1	400	18609	16757	13878	2843.357463298988	0.7869796901823873	0.7930807843879951
YY1	400	12200	12724	9969	1415.4536336281571	0.8003055926324849	0.7931299171788385
NPM1	400	10861	2883	1963	285.5134767940184	0.43081319290145204	0.6458114443402471
RAD51	400	1421	1395	1149	18.075088903072857	0.8161207085726392	0.821341020111239
ZBTB26	400	12339	121	110	13.613741223671013	0.4590028660050542	0.8975660375419958
E2F6	400	4219	8470	2773	325.8405215646941	0.4923277728541794	0.6285793048012613
TBP	400	10956	7847	6194	783.9129388164494	0.6773492826688661	0.7659663563989809
ETS1	400	6998	9791	5857	624.7598978754445	0.7175779230326513	0.8209701844404637
ATF7	400	3573	1562	1215	50.88926780341023	0.5589496447427409	0.7703675894779783
MED1	400	11015	18325	9220	1840.5204249110968	0.6700890946798952	0.8043485752724447
MYCN	400	15520	15403	12312	2179.7625604084983	0.7963118879639861	0.7662448387453679
ASCL1	400	14306	15138	10824	1974.6897784261876	0.7358137097323386	0.7176293566998105
ZBTB40	400	3607	4356	3266	143.26700100300903	0.827616017014157	0.901551303146419
RREB1	400	509	372	347	1.7265250296343577	0.807262289540951	0.9324823361921865
NR2F1	400	2884	971	896	25.534457919212183	0.6167198264225651	0.9206739995675153
CREBBP	400	4931	2178	1457	97.92758274824473	0.48221997076645773	0.6533774526212873
STAT3	400	9208	6347	5822	532.9003009027081	0.7747800187997997	0.9097022708293921
ZNF382	400	397	2	2	0.007239901522750068	0.5025188916876574	1.0
NCOA2	400	249	266	221	0.6039390899972645	0.859188634236193	0.8872767953830605
FOXO1	400	4513	1250	749	51.43840612747333	0.3825824950144028	0.5819989539450536
HNF4A	400	4194	4345	2858	166.1614844533601	0.6696086194700852	0.6683084500921993
E2F1	400	16534	13582	10698	2047.640995714416	0.7173452500487298	0.7499644324467054
TEAD4	400	2593	3166	1584	74.85582201148901	0.5555956449150357	0.5993080901324772
EHF	400	572	8	7	0.04172517552657974	0.4436188811188811	0.8743446259326477
RBBP5	400	2738	5266	2398	131.4699370839792	0.6655979328503733	0.8695583815290319
MYOD1	400	4704	5217	4008	223.76919850460473	0.8101492178239899	0.8446508604494903
MYC	400	22042	23555	18627	4734.1963162213915	0.8179280120769036	0.8026901585901023
NR2C2	400	5456	3242	2981	161.28706118355066	0.7329325535810233	0.9152793508569249
HDAC1	400	10468	15206	8702	1451.412492021519	0.7017847393566011	0.8041387610958884
MCM7	400	995	696	503	6.314580103948209	0.614114393808121	0.7201622733606741
NEUROD1	400	10293	4044	3153	379.54674933892585	0.5429991385923596	0.7568532222810423
ELF1	400	10529	12266	8548	1177.6120543448528	0.7543693389002697	0.7881597885241822
NFE2L2	400	2520	446	219	10.248199142883195	0.2889680760196455	0.47906124644007286
MAX	400	23046	20495	17185	4306.809245919577	0.7920898711926254	0.7955299606804006
GABPB1	400	6459	12014	5674	707.5629251390535	0.6753732479058274	0.8635123726848773
FOXL2	400	2717	2626	1708	65.05737211634904	0.639526705707008	0.6415382406443716
MAFF	400	589	653	286	3.507039299717334	0.4617736605506257	0.482487373310868
NRF1	400	9412	10642	8235	913.3081426096471	0.8243837933604375	0.8615080979813975
MCM2	400	432	1335	254	5.258685146348135	0.38911256762380353	0.5828854769755678
MITF	400	8564	10100	7179	788.6970000911826	0.7745342927566927	0.8218718936077164
TET1	400	6433	118	35	6.9216194036655425	0.15102543295033288	0.25277988790971834
REL	400	1524	383	212	5.322257682137321	0.34631620786305106	0.5472330486023657
ZBTB7A	400	10227	6522	5015	608.192705388894	0.6296522706413539	0.7451726231638901
USF2	400	4216	2607	2389	100.2198595787362	0.741514916780031	0.913035851654958
MED12	400	10754	14341	9847	1406.247050241634	0.8011460104482133	0.9029713338729769
NONO	400	8682	4521	4163	357.9039117352056	0.7001558953861478	0.9140063086679278
SNAI2	400	5563	4052	3600	205.53730281754355	0.7677914950333778	0.8824894362472068
ZFY	400	8599	4541	3899	356.05050606364546	0.6560231329296036	0.8465931307103693
ZEB1	400	2642	2696	1154	64.94786176711953	0.4324159266988187	0.4225960825843664
E2F4	400	6069	4375	3805	242.1070028266618	0.7483354753666172	0.8620820813919338
CDK9	400	15333	15577	12556	2177.8256679128294	0.8124737920516296	0.7889043558148418
ZNF384	400	5359	3351	1617	163.74586486732926	0.3921389615073698	0.4559580358257747
USF1	400	5063	5856	4387	270.34674933892586	0.8078142487984725	0.8589507805709173
ZBTB11	400	2351	4793	2203	102.7477249931613	0.698338344865789	0.9341710885182803
GATA3	400	5343	4548	2884	221.57348408862953	0.5869482769604103	0.6153869726250338
ESR1	400	24876	21817	17799	4948.661365915929	0.7656703075738036	0.7618022683110445
ATF2	400	2078	5235	1364	99.19148354153369	0.4584771743456946	0.639176810660858
HOXB13	400	2486	5934	1611	134.51193580742228	0.45975765601829294	0.6278951982261302
POU2AF1	400	1919	1646	1607	28.801623050971095	0.9068607586601213	0.9758842201699605
ZFP37	400	119	0	0	0.0	0.0	0.0
AR	400	16220	16276	12009	2407.19175708945	0.7391085465001233	0.695138025089047
TCF12	400	7059	3421	820	220.19548645937815	0.17792987894780365	0.18739179821923532
BMAL1	400	4330	3885	3190	153.38789094556395	0.7789136876896692	0.8137534181771888
GABPA	400	10493	8166	7628	781.3060818820097	0.8305389509057495	0.927146608110589
GMEB1	400	5660	3304	3030	170.51737029269628	0.726202953481806	0.9125573579370395
CTCFL	400	4232	11089	3689	427.9077961156196	0.6021819443850162	0.8572589803565909
SIX5	400	2614	2432	2103	57.9670648308562	0.8346172746446261	0.8614172553690542
NR3C1	400	8202	10581	5998	791.331831859214	0.6490750940233446	0.7025909202796019
KMT2D	400	3239	6969	2165	205.8228412510258	0.48953883938268317	0.6459158355119065
ONECUT2	400	1853	991	415	16.74407768760828	0.32136503218660334	0.4087795754601452
ZNF217	400	2540	55	43	1.2738214643931796	0.39937365783822476	0.7766451974236909
ZNF629	400	1808	2431	1443	40.07703109327984	0.6958511783635417	0.7935430409472448
MAFB	400	5228	7085	4189	337.74395915017783	0.6962557754537075	0.7875366869708025
SPI1	400	15171	9653	9053	1335.330199689979	0.7672868810051412	0.9278644122206394
SMARCA4	400	8183	7497	4000	559.386805872162	0.5111825169189432	0.4959361523701055
RUNX2	400	8655	1982	1748	156.41661347679403	0.5419508097429144	0.8718217958558172
FOSL2	400	2702	4637	2301	114.24431476246923	0.6739087109812666	0.845039467099773
CXXC5	400	5444	734	669	36.43563417525303	0.5171658621745912	0.9068186346887875
RBL2	400	1093	1127	973	11.231977751436126	0.8767822336381149	0.8890704868955471
PAX5	400	8248	2141	1975	161.0191301176256	0.5809590628399123	0.9161608061345251
REST	400	5598	6362	3451	324.7421902069846	0.5794548261779845	0.5928513117616236
FOXM1	400	1279	1005	616	11.720570803319047	0.5472807969534657	0.6083680094788579
XRCC4	400	482	542	450	2.3820917297346584	0.8819341305446249	0.9332802227602228
TCF7L2	400	5068	1779	1531	82.21001185374304	0.5813436976068692	0.8538416647124728
TRIM28	400	1233	10142	973	114.0246740220662	0.44253494138305005	0.7676445637683996
ZNF76	400	1377	2381	1098	29.89547734111425	0.6292681989497465	0.7928891223308226
ARID2	400	2559	3186	1624	74.34096835962433	0.5721764843111238	0.6236908211173299
SMC1A	400	14516	9019	7705	1193.76132032461	0.6925505899779685	0.8320817991899887
SMAD1	400	1893	717	461	12.376046320780523	0.4432427772878276	0.6366856410951023
ERG	400	14701	26315	13501	3527.4625239354427	0.7157131457022412	0.8926033941739056
TWIST1	400	2508	4928	1836	112.69648946840522	0.5523111756664388	0.7194510019104586
ARID4B	400	5946	1138	932	61.699170237986685	0.48786234871902184	0.8086036967512608
TLX3	400	314	723	276	2.070046503145801	0.6303618151544784	0.8781777781389525
RUNX1T1	400	4065	3037	2273	112.56866052703565	0.6537997740859858	0.7387526286947511
STAT1	400	10586	13646	7471	1317.1929971733382	0.6266149388193915	0.6639265442629204
KMT2B	400	8261	8755	6437	659.4789368104313	0.7572202468425361	0.7600480239628966
FLI1	400	14489	14554	11161	1922.7948025895869	0.7685883624138987	0.7351626885190591
CEBPD	400	2578	1251	1170	29.407112245828394	0.6945459923759983	0.9336931306558981
SOX9	400	1104	57	48	0.5737941096015319	0.44279176201372994	0.8404996427106673
NFKB2	400	3474	1055	727	33.41907540804231	0.4491841902064626	0.6789290088487013
KDM5B	400	12901	13227	9032	1555.9544725084345	0.6914732308976583	0.6589700772355163
MYB	400	8466	7165	6198	553.1037658429835	0.7985716355838361	0.8537484609930077
NKX3-1	400	226	83	64	0.17104039390899972	0.5271350890286811	0.7706116303964441
SMARCA2	400	879	83	54	0.6652411780796936	0.35601792836876517	0.6477793775685511
KLF10	400	1243	3990	665	45.222668004012036	0.35083132207026013	0.5174395235575088
PRDM4	400	259	18	9	0.042509346220479624	0.2673745173745174	0.4988163895769165
CBFB	400	4221	1854	1137	71.35710768669645	0.44131802844308277	0.5977882036319894
ARNT	400	3342	9359	2783	285.19903346402845	0.5650478592181324	0.8171290816380924
GFI1B	400	771	754	579	5.300756815902252	0.759438635964867	0.7662612836955023
UBTF	400	1267	6182	782	71.41965897693079	0.3718511389713293	0.5943392649088048
STAT5B	400	535	727	400	3.5465031458010396	0.648934939387317	0.7459796561710527
E2F3	400	2088	81	73	1.5421537339290599	0.4680981268624947	0.8993176838293432
NFIB	400	539	973	437	4.782046138415246	0.6299435405293576	0.8090666941036053
ZBTB17	400	2076	2972	1627	56.25852101759825	0.665580744624848	0.7776943214404757
BHLHE40	400	7166	5558	3888	363.1679401841889	0.6210471523146617	0.6785266625040404
CHD7	400	1205	399	31	4.384015683413878	0.051710188333905296	0.06744781097167386
CEBPA	400	6602	5977	4764	359.8080970183277	0.7593274471255231	0.7840558020892744
ATF1	400	5596	7572	4999	386.367393088356	0.7767560558500204	0.8854045870321149
TCF3	400	3470	8583	904	271.56934439682686	0.1829216053045008	0.19773155140795345
ZBTB33	400	3200	1994	1635	58.18181818181818	0.6654486898194584	0.8145486991640838
THAP11	400	5687	5776	5129	299.51775325977934	0.8949331243147247	0.8964265728508662
SMARCE1	400	149	269	16	0.36546913467675757	0.08343105211945809	0.10518774321351736
SMARCC1	400	5964	3200	1940	174.0202425458193	0.46576752179745134	0.58360593890421
BCL6	400	4367	3377	2040	134.47031093279838	0.5356131901311957	0.5876676150389781
TFAP4	400	5903	9309	5175	501.0579648035014	0.7162932550832944	0.8652336520353798
TP53	400	5413	2993	1862	147.72598705206528	0.4830524873328116	0.6024987418248016
DDX20	400	854	933	766	7.2652685328713416	0.8589815030962045	0.896071347105931
SFPQ	400	2708	72	40	1.777842618765387	0.28516330215000824	0.5443033766924494
HEY1	400	10872	8147	6361	807.642782894137	0.6829295712168232	0.7566544389149823
SATB1	400	96	42	34	0.03676483997446886	0.5818452380952381	0.8093569294766659
BMI1	400	7095	2294	1696	148.40822467402208	0.4891807718514395	0.7212890136525872
SP1	400	10774	11964	8624	1175.3454545454545	0.7606373355571945	0.7760102741672129
TAF1	400	16409	12291	10405	1838.998987872709	0.7403288127098098	0.8195560832981451
RUVBL2	400	7763	8444	6476	597.7092368013131	0.8005743395363826	0.8203841208217117
KLF5	400	5896	3743	2740	201.2284854563691	0.5983774869127029	0.716808383634753
TFAP2A	400	12114	12352	9502	1364.3852284125103	0.7768249209153799	0.7570145483814148
MBD6	400	510	0	0	0.0	0.0	0.0
ONECUT1	400	1521	1333	1117	18.487216194036655	0.7861723813596397	0.8356805634292834
GTF2B	400	2983	769	636	20.916631713321785	0.5201281470596056	0.8222123286812171
CREB1	400	12995	17078	12137	2023.6036290690251	0.822327506579706	0.9217966454777539
PHF20	400	3706	4520	3392	152.7411324883742	0.8328575044534335	0.9116304182419739
JUNB	400	1520	1207	811	16.728731649493938	0.6027332337679328	0.6673027312935293
PKNOX1	400	3159	4323	2967	124.5222668004012	0.8127751053959705	0.9367271679408395
JUND	400	5178	6241	4031	294.66488556578827	0.7121879918051481	0.7651195395929955
KDM6A	400	7236	4892	3412	322.7729734658521	0.5844982410560082	0.6760940107800663
BRCA1	400	3770	3869	2169	133.00018236527765	0.5679707708624564	0.5598020125716723
CEBPG	400	1258	1577	1063	18.089413695632352	0.7595283653230611	0.8427305951300812
GATAD1	400	5419	623	545	30.78359624327528	0.4876857096056708	0.8682913889159317
MAFK	400	1289	905	716	10.636865140877177	0.6733147885422337	0.7886764417791319
BCL11B	400	8447	2243	1770	172.76028996079145	0.4993317805850447	0.7715240425027681
IRF1	400	4714	6425	2579	276.1689614297438	0.474247270734248	0.5189091289316331
CXXC1	400	6045	4860	1415	267.8827391264703	0.262615006790634	0.24980138696530602
ETV5	400	1055	3724	647	35.82401750706666	0.39350402919960703	0.5996765946132085
ZNF350	400	1567	87	70	1.2430837968450807	0.4246345238357209	0.8017652598453093
SMAD5	400	5986	1448	1253	79.03463116622595	0.5373266212322306	0.8575566596208923
KLF9	400	2081	2476	899	46.982365277651134	0.39754473313827154	0.418884094305629
ZIC2	400	3604	1996	1673	65.59299717333819	0.6511913949986543	0.8326777723417721
MAZ	400	10276	6961	5394	652.240685693444	0.6499005413523122	0.7516151874035726
E4F1	400	1677	4330	1539	66.2114525394365	0.636568724256033	0.9143276749654327
RXRA	400	5508	2957	2403	148.51058630436765	0.6244612319056808	0.8027409335073822
TCF4	400	3085	1508	1059	42.41980486915291	0.5227642739532864	0.6936366897616862
TCF21	400	1578	1600	1563	23.02179265067931	0.9836846482889734	0.9903535625585586
SIX2	400	602	298	213	1.6357800674751528	0.5342928493388928	0.7131907488044525
ELK4	400	757	102	64	0.7040576274277378	0.35599761701245886	0.6248615777694844
NFYB	400	4765	5432	4387	236.01240083888027	0.8641465328464333	0.9165376385508287
KLF4	400	3641	994	626	33.000401203610835	0.4008547301385904	0.6170653968420963
ZNF143	400	6816	8469	5746	526.3490836144798	0.7607454340519442	0.8298792708491208
TAL1	400	5511	3863	1185	194.11865596790372	0.2608904516996177	0.27007723911374
GTF2F1	400	2267	1740	903	35.96772134585575	0.4586446465783429	0.5088121214105944
SMC3	400	5760	4617	3073	242.4903802316039	0.5995453284058913	0.6470461527795782
ELF3	400	2020	3129	1517	57.63271633081062	0.6179047650690285	0.7436769333722777
RUNX3	400	1331	6895	1223	83.68054162487462	0.5481164554286172	0.9134143227904976
HDAC2	400	3107	1712	805	48.50172335187381	0.3646513262184576	0.45476348684438433
KDM2A	400	7145	0	0	0.0	0.0	0.0
SOX13	400	1472	23	19	0.3087079420078417	0.4194972826086957	0.8237209238778825
TP53BP1	400	11687	3736	2411	398.1274003829671	0.4258201040193821	0.6030405713651197
STAT5A	400	3803	5487	3420	190.27136865140878	0.7612907251289485	0.8939859482728348
RELA	400	12458	13996	9739	1589.8802589586942	0.7387941689277457	0.749818729937964
FOXK1	400	2608	2162	2084	51.41329442874077	0.881501024386645	0.9630434514753147
ZNF341	400	3483	107	103	3.3982037020151363	0.496094515148344	0.9613906308294599
FOS	400	4560	5190	2636	215.79648035014134	0.5429849913801845	0.5571109890921792
TRIM24	400	1285	3880	934	45.4618400656515	0.4837849492558867	0.716830016738984
HES2	400	58	43	38	0.022740950123096564	0.7694466720128308	0.8836594024249594
ZBTB8A	400	2571	2793	2049	65.47645664265524	0.7652929623608947	0.7916603093257979
VDR	400	836	1315	356	10.02407221664995	0.3482798770171194	0.41886926258473006
NANOG	400	4808	8739	3924	383.12311479894225	0.632580697121687	0.8002204303228126
SUZ12	400	5931	8591	4665	464.6049147442327	0.6647776987445013	0.7684031285234545
NFATC1	400	1537	127	14	1.7798759916111973	0.05967243684650024	0.09758913836860716
SIN3A	400	5253	9073	4318	434.58073310841615	0.6489620150401794	0.8059529592153614
SREBF2	400	7286	2122	1900	140.97649311571078	0.5780779013267798	0.8879367159306671
NFIC	400	3404	0	0	0.0	0.0	0.0
ZNF366	400	1178	1575	835	16.917570894501686	0.6194936265394669	0.7045860040580855
ZNF777	400	1479	1713	1179	23.101367739582383	0.7427132215287227	0.793941698032766
ZNF711	400	5508	932	736	46.8082064374943	0.46166169535689017	0.7785790588826105
TFE3	400	1535	4406	1072	61.668733473146716	0.47083796008108575	0.685746165496474
FOXA2	400	4952	5842	3511	263.78758092459196	0.6549996363584074	0.6926333810863909
TBX2	400	3650	326	270	10.84982219385429	0.4510967308177158	0.8223069382672329
POU2F1	400	4879	4464	2047	198.59447433208717	0.4390552673993804	0.4333481340859083
TBL1XR1	400	536	209	51	1.0214643931795386	0.16958419624366206	0.24030621939421645
SOX6	400	197	2842	169	5.105078872982584	0.45866659284053196	0.8540868104504628
ESRRG	400	603	208	139	1.1436491292057993	0.4493916634774844	0.6664351869810441
THRA	400	1145	137	126	1.4303364639372664	0.5148758486596755	0.9188609035894383
TFAP2C	400	5339	11264	4893	548.3586760280842	0.6754282564698658	0.906901817556606
PATZ1	400	1406	4647	1216	59.57583660071123	0.5632695316362198	0.8588854796542637
ZNF687	400	11559	10645	8143	1121.9618400656516	0.7347163902019866	0.7372687205511261
OGT	400	4625	413	396	17.417023798668733	0.5222296970093581	0.9570254509856666
EZH2	400	4103	5664	1674	211.90290872617854	0.35177249903956176	0.3757544612681914
PBX1	400	3232	4655	2309	137.18391538251117	0.6052220477821144	0.7017593373035347
YY2	400	399	644	202	2.342992614206255	0.40996513021684644	0.5033492505317189
PRRX1	400	399	535	211	1.946430199689979	0.46160728925116534	0.5265122535114072
CHD2	400	5235	3588	3181	171.2699917935625	0.7471036054597784	0.8808802571398819
ZBTB21	400	926	1116	862	9.422959788456279	0.8516434814247118	0.9301749910894245
SMAD4	400	3234	4610	1994	135.9418254764293	0.5245559316213174	0.5997492848271995
LCOR	400	717	179	165	1.1702653414789823	0.5759566162548795	0.9212730085500964
EOMES	400	583	58	7	0.30832497492477434	0.06634825811793932	0.11599030574457653
AHR	400	1581	1078	773	15.540421263791375	0.6029998509667797	0.7129302553205871
NFKB1	400	1008	2477	914	22.76662715418984	0.6378703917309085	0.9045911328313164
HHEX	400	2501	1485	1216	33.86509528585757	0.6525303683240509	0.8146278480890169
ATF4	400	3307	4854	2529	146.36799489377222	0.642877527273869	0.7538466994123058
NR2F6	400	606	1239	338	6.846302543995623	0.41527821062977965	0.5527024181976626
MEF2B	400	2044	946	777	17.631293881644936	0.6007450259202409	0.8179602577228032
KLF17	400	910	792	587	6.5717151454363085	0.6931082806082807	0.7389959033141269
CHD8	400	3345	6627	2439	202.12742773775872	0.5485939095465554	0.7117286879538165
NR1H2	400	385	569	367	1.9974924774322969	0.7991189829502658	0.9530029186585955
RFX5	400	1532	1101	839	15.380067475152732	0.6548423223132069	0.7586632373351312
GFI1	400	439	366	246	1.4650679310659251	0.6162478061167332	0.6708134407889671
PRKDC	400	491	467	438	2.0907905534786178	0.9149792627029573	0.9376222294358832
SP2	400	4182	9228	3354	351.8874441506337	0.5827338230163454	0.7838183635790352
ZNF10	400	184	121	102	0.20300902708124374	0.6986615163492633	0.8427113138583098
MTA1	400	674	1839	596	11.30196042673475	0.604181087967109	0.882299334927523
CEBPB	400	7331	6354	5058	424.73943649129205	0.7429903977946112	0.7814229976708803
POU2F2	400	3961	2925	1659	105.64352147351144	0.4930065575256184	0.55096135957179
ZNF24	400	422	485	337	1.8662350688428924	0.7467117799384375	0.7976834829880239
KLF1	400	5413	8616	3054	425.2613112063463	0.45932706365105774	0.5270401784880688
RELB	400	380	2356	288	8.163399288775418	0.44006791171477083	0.7525794937237796
CLOCK	400	370	863	141	2.9115528403391995	0.27223231342582443	0.37617214115049735
PRDM15	400	704	8	7	0.051354062186559676	0.4424715909090909	0.8741924086412275
HNF1B	400	3821	358	176	12.47303729369928	0.26884067612239915	0.4732683129139745
FOXK2	400	1425	1366	920	17.749156560590862	0.6595566515116489	0.6692010228139393
ZNF263	400	3406	1525	1137	47.3616303455822	0.539698218187769	0.7374188380809688
PBRM1	400	2901	4990	2794	131.99589678125284	0.76151800325919	0.9613579481967466
TCF7	400	4068	4394	3329	162.98707030181453	0.7879811412630704	0.8107560683398002
EBF3	400	1655	1901	1215	28.687471505425368	0.6866381344847918	0.7294492956976149
SREBF1	400	355	1333	289	4.314899243184097	0.5154443540462581	0.811796965831839
NFE2	400	2924	7574	2890	201.93650041032188	0.6849703084604	0.9875094758057168
SAP30	400	4015	2007	1630	73.47592778335004	0.6090675164942626	0.8050192364205759
KDM5A	400	5925	4385	3450	236.90275371569254	0.6845257855462379	0.7745954483498346
DDIT3	400	1461	1305	487	17.384927509802132	0.35325670498084294	0.3647169736697633
SMAD2	400	2076	3577	408	67.7108780888119	0.15529692754447572	0.1694422970271093
ERF	400	998	15	12	0.1365004103218747	0.4060120240480962	0.7981632803297998
MBD2	400	623	1809	525	10.276347223488647	0.5664561089682673	0.8400584022570039
ZNF639	400	2780	1503	520	38.099206711042214	0.26651253847221623	0.32896479781883825
TFEB	400	2914	6133	1678	162.95761830947387	0.42472129744450987	0.5507157547894724
SOX17	400	523	448	248	2.1364457007385793	0.5138794045342803	0.5514322754764545
PIAS1	400	653	395	341	2.351919394547278	0.692748172989319	0.8624722679995444
MBD5	400	518	146	108	0.6895960609100027	0.4741101179457344	0.7384908515158451
NFYA	400	4928	7277	4752	326.99057171514545	0.808651033589195	0.9617475245936176
GATA2	400	4737	2325	1242	100.42422722713596	0.3981924043392102	0.513165605211067
ZEB2	400	1061	1320	898	12.770310932798395	0.7633371890440693	0.844499729687059
OLIG2	400	3440	2555	1655	80.14224491656789	0.5644270809630001	0.6363427360011407
ZBTB48	400	1570	1303	907	18.653323607185193	0.6368964809283818	0.6916720327316952
ZNF444	400	761	1090	654	7.563508707942008	0.7296977660972405	0.8579840487729667
CREM	400	3672	6720	3079	225.00082064374942	0.6483460745409275	0.8279663065917101
SRF	400	4391	3766	2210	150.78422540348316	0.545065868206984	0.5695969211758432
ZNF449	400	517	0	0	0.0	0.0	0.0
MTA3	400	1106	799	490	8.057755083432115	0.5281522789562902	0.6093267214060684
ARID3A	400	351	17	9	0.05440868058721619	0.277526395173454	0.5279008062211886
XBP1	400	1651	481	380	7.241096015318683	0.5100921636354707	0.7868113946766776
ZHX2	400	4661	2845	2415	120.91314853651865	0.6834934009122551	0.8421489389117722
TFDP1	400	395	6627	382	23.868560226132946	0.5123657916501921	0.964971978639371
ZNF770	400	1297	1089	512	12.878936810431293	0.4324566191812284	0.4638149742280845
TP63	400	2246	7923	1419	162.26003464940274	0.4054443374109823	0.6031174648700208
IRF4	400	1732	1615	1031	25.505425367010123	0.6168278408969032	0.6325876103510173
BANP	400	2389	1825	1517	39.754946658156285	0.7331132989672988	0.8274746654956712
ELK1	400	1522	917	787	12.726123826023525	0.6876580777459493	0.8562382443800811
HNRNPK	400	968	565	428	4.986960882647944	0.599835442112192	0.7553628390225905
HMGXB4	400	237	1796	207	3.8812072581380503	0.4943369231202954	0.8713102463891887
ZBTB10	400	479	410	233	1.7907358438953223	0.5273613727786547	0.5663988656261538
RTF1	400	19	1	0	0.00017324701376857847	0.0	-0.00017327703349718653
SOX10	400	691	895	162	5.639144706847816	0.20772421153053222	0.22814383705394337
ZNF274	400	523	189	110	0.9013130299990881	0.3961678149058646	0.580007700890547
MTA2	400	1295	1633	752	19.282711771678674	0.5205985619947653	0.5743571048142629
ELF2	400	666	524	476	3.1821282027901887	0.8115558306398001	0.9078372640432553
PRDM1	400	596	797	451	4.331284763381052	0.6612917147356276	0.7549304259867586
TRPS1	400	280	264	83	0.6740220661985958	0.3054112554112554	0.31263902855227466
ZNF697	400	322	203	158	0.5960244369472053	0.634504176483187	0.7776723511738453
ELF4	400	2079	761	549	14.426178535606821	0.4927442246758935	0.7160361187267922
JARID2	400	1903	288	164	4.997392176529589	0.3278120803409821	0.5618414934276933
ZZZ3	400	471	171	106	0.7343940913650041	0.4224680597459679	0.6182435104663523
BCL11A	400	502	497	246	2.2749521291146166	0.49250482977546556	0.4926474794833784
HIF1A	400	2616	16205	2393	386.54399562323334	0.5312129118792384	0.899975599625103
RFX1	400	2051	3144	1981	58.79770219750159	0.7979796828457043	0.9648630060926977
KDM5C	400	98	623	76	0.5567064830856205	0.4487502866315065	0.774227664049746
NR2F2	400	982	2914	597	26.092349776602536	0.40640800014537587	0.5972414281755933
PML	400	1673	3509	1084	53.529287863590774	0.47842887821377084	0.6363009249960502
NKX2-1	400	560	1146	539	5.851737029269627	0.7164157940663176	0.962104004644134
CUX1	400	947	831	790	7.175681590225221	0.8924375791815817	0.9502321076426317
CPSF4	400	120	356	92	0.38953223306282486	0.5125468164794008	0.7659067761982302
ZNF740	400	313	583	238	1.6638916750250752	0.5843083313696371	0.7591027895751994
CHD6	400	1198	790	720	8.62970730372937	0.7561970372561865	0.9104137940048228
IRF9	400	1118	251	216	2.5587489741953133	0.5268799578074108	0.8591216239030905
SNAPC4	400	70	65	50	0.041488100665633264	0.7417582417582418	0.7690833801235261
E2F8	400	996	247	201	2.243202334275554	0.5077862055509488	0.8120583352997439
EHMT2	400	372	3511	299	11.909291510896326	0.44446218183711406	0.7972733028677718
GRHL2	400	2015	1795	1588	32.98007659341661	0.8363844978814877	0.8825211921555355
FOSL1	400	1752	1208	689	19.29803957326525	0.4818145392966222	0.5633892958217357
HMGA1	400	95	139	74	0.12040667456916203	0.6556607345702385	0.7786668422157822
MAF1	400	69	6	3	0.003774961247378499	0.2717391304347826	0.4996852218501656
ZNF574	400	553	5370	426	27.077687608279383	0.4248365947043551	0.7585194675950406
OTX2	400	1194	1725	802	18.780432205708035	0.5683096642633457	0.6664453088236743
GATAD2A	400	525	740	390	3.542445518373302	0.6349420849420849	0.7411102805209111
ZFP64	400	730	1049	622	6.982492933345491	0.7225002285281481	0.8506260236516741
SMARCB1	400	332	303	201	0.91726087352968	0.6343940116903257	0.6623441634071765
HSF1	400	2339	2328	1364	49.650697547187015	0.5845329237242691	0.5768866525592972
TET2	400	2014	3753	943	68.92078052338834	0.3597440485215271	0.4493797531350995
SMARCC2	400	1622	1041	823	15.396206802224857	0.6489921243800718	0.7874422838079722
ZBTB44	400	211	0	0	0.0	0.0	0.0
HAND1	400	792	1691	638	12.21183550651956	0.5914235495104804	0.8025104675703403
PHF6	400	1490	2226	854	30.24291054983131	0.4784010805791229	0.5643110729884824
BATF3	400	951	37	37	0.32084435123552474	0.519453207150368	1.0
MXI1	400	944	9136	884	78.6394091365004	0.5166003740093206	0.9306647418041893
MAFG	400	350	396	315	1.2637913741223672	0.8477272727272727	0.8996376082142138
ESRRA	400	1886	588	517	10.111862861311206	0.5766884166179728	0.8771388519038582
HNF4G	400	1076	174	151	1.7071578371478071	0.5040753322223647	0.8665063521428228
RFX3	400	1059	792	762	7.647743229689067	0.840833977165422	0.9617518790300553
MLXIP	400	164	1844	143	2.7575088903072853	0.47475001322681337	0.8697613770695606
ZNF316	400	1411	0	0	0.0	0.0	0.0
ZBTB12	400	1189	239	182	2.5911461657700374	0.4572880413553811	0.7588922788823788
ZNF501	400	164	2428	83	3.630819731923042	0.27014103748945234	0.4949154203781646
MXD4	400	818	0	0	0.0	0.0	0.0
ZNF331	400	624	1577	578	8.972809337102216	0.6464003788433085	0.9252065588345458
MTF2	400	848	193	129	1.4923315400747699	0.41025821194642687	0.6658097270220142
NFATC2	400	192	87	79	0.15231147989422814	0.6597521551724138	0.9078847101595807
NFXL1	400	20	103	16	0.01878362359806693	0.47766990291262135	0.7998119871859228
LEF1	400	556	356	197	1.804832679857755	0.4538436666397219	0.5510949480112852
ZNF184	400	292	66	29	0.1757271815446339	0.26935450394354504	0.4378973224353465
CHD1	400	1566	449	359	6.4113613567976655	0.5144005267843683	0.7966509030238472
TEAD1	400	1000	2050	807	18.69244095924136	0.600329268292683	0.8033236387288608
ZFP3	400	313	195	145	0.5565332360718519	0.6034242647661179	0.7428558499180408
KMT2C	400	2377	2152	1706	46.64269171149813	0.7552311651467831	0.7881594738127541
YAP1	400	1921	1528	1225	26.764730555302272	0.7196951372403662	0.7981662127402064
ZNF580	400	400	447	52	1.630345582201149	0.123165548098434	0.12643948618880638
POU2F3	400	2161	823	597	16.216859669918847	0.5008279435007982	0.7198751576445486
PRMT5	400	23	33	20	0.006920762286860582	0.7378129117259552	0.8695259573985457
GLYR1	400	280	1079	194	2.754809884198049	0.43632662518204685	0.6898052587888762
RBBP4	400	1594	2	2	0.029069025257590954	0.5006273525721455	1.0
HINFP	400	636	335	309	1.9427373028175436	0.704118558152633	0.921935345923865
TCF7L1	400	72	21	18	0.013786814990425823	0.5535714285714286	0.8570490076721943
STAT4	400	182	0	0	0.0	0.0	0.0
GATA4	400	3170	784	333	22.66143886204067	0.2648961082855855	0.407622281306889
DOT1L	400	969	667	448	5.893343667365734	0.5669982346288156	0.6687372636438701
MYBL2	400	2112	1745	927	33.60481444332999	0.4850762731179995	0.5220274037793748
MEF2C	400	1080	687	202	6.765387070301815	0.24053453016335113	0.2870107007475604
MYBBP1A	400	1524	1896	1445	26.34725996170329	0.8551467656732782	0.9472507892597453
PPARG	400	1603	1464	1037	21.398668733473148	0.6776226866292369	0.704006927800963
DLX5	400	288	573	0	1.5047323789550469	0.0	-0.005252206751789692
ASH1L	400	823	1309	671	9.823169508525577	0.6639574420290595	0.8130787864330407
ARID1A	400	2020	2866	1170	52.78854746056351	0.493721196962683	0.5679163015736052
HDAC6	400	158	161	111	0.2319503966444789	0.69598631967922	0.702094307952956
ASXL1	400	5574	5135	2202	260.9874167958421	0.4119351251411041	0.3982370890655648
ZBED1	400	86	164	55	0.12860399379958057	0.48745036868973346	0.6389950386067834
MEIS1	400	380	6844	224	23.71405124464302	0.31110154111169214	0.5621494461261589
SOX2	400	897	487	262	3.983213276192213	0.4150362032693967	0.5341776803946641
ZNF592	400	322	464	262	1.3623415701650405	0.6891598843435425	0.8128728849448925
MTOR	400	1812	2005	1314	33.127199781161664	0.6902635794619412	0.7200474368157546
SPDEF	400	280	175	154	0.4467949302452813	0.7150000000000001	0.8796928421245086
HDAC3	400	745	307	154	2.0854837238989696	0.3541700369455436	0.4982200196022874
FOXC1	400	817	2476	594	18.44526306191301	0.4834766265327066	0.720745504741412
MGA	400	1265	3979	867	45.89618856569709	0.45163471863647786	0.673530673707152
NCOR2	400	356	123	111	0.39927053888939545	0.6071183885996163	0.9021213001525701
ESR2	400	578	1136	481	5.98712501139783	0.6277977118767971	0.8304233973720734
E2F5	400	896	1096	699	8.954281024892861	0.7089538255995829	0.7779144910054762
GTF3C2	400	990	111	92	1.0020060180541626	0.4608790608790609	0.8272695772695773
NR2C1	400	2210	1862	1716	37.52183824199872	0.8490301383711379	0.919977118356232
IRF2	400	1254	771	639	8.815847542627884	0.6691815761547484	0.8268135075041689
ZBTB49	400	42	2	1	0.000765934166134768	0.2619047619047619	0.4998084430984785
ZNF547	400	364	97	76	0.32194766116531415	0.49614818171519204	0.7827842049775707
BACH2	400	237	165	95	0.3565697091273822	0.48830072880705794	0.5748387902491326
BATF	400	1516	1687	1073	23.319886933527858	0.671911974700214	0.7032183948040096
ZNF83	400	516	352	85	1.6561685055165496	0.20310297744890768	0.2378915339795152
ARHGAP35	400	151	156	115	0.21478982401750707	0.7493844455764986	0.7612497939420972
BACH1	400	318	925	174	2.6821373210540713	0.3676389597144314	0.5433179751487164
ETV4	400	1033	306	259	2.882264976748427	0.5485656347082234	0.8449447374090641
ZSCAN20	400	446	441	344	1.7934348500045592	0.7756728999522081	0.7791471992981865
HSF2	400	203	71	65	0.1314215373392906	0.6178450010407271	0.9153362444942891
FOXA3	400	1285	0	0	0.0	0.0	0.0
AGO2	400	3134	13	5	0.3714963071031276	0.1931053949241569	0.36651243927657534
XRCC5	400	280	1421	278	3.627974833591684	0.594247009148487	0.9927633775567706
ETV1	400	1400	1769	878	22.582292331540074	0.5617342324154082	0.6210299917781775
ZFP36	400	580	272	241	1.4384973101121545	0.6507733265720081	0.8854234630876826
STAT2	400	1714	2176	1398	34.00806054527218	0.7290495873086691	0.8119038594300854
KDM3A	400	124	161	113	0.1820370201513632	0.8065768383089561	0.9111599017196701
WDR77	400	1497	1737	1114	23.71012127290964	0.6927453063870977	0.7400375815172852
HIC1	400	476	1066	444	4.626752986231422	0.6746417140965204	0.9321132452833809
NCOA1	400	1010	1328	763	12.230144980395732	0.6649968686627699	0.752447922978043
PHF21A	400	1593	23	20	0.3340840703929972	0.4410600726002347	0.8676426750493107
BRCA2	400	505	4	1	0.01841889304276466	0.125990099009901	0.24653048138139513
PRDM10	400	744	6146	708	41.694392267712225	0.533404889621364	0.9487402640621904
BRD7	400	443	653	180	2.6377222576821375	0.3409856920135924	0.4027644662291057
SIX4	400	185	361	179	0.6089632533965533	0.731706221456914	0.9674604573743711
GATA6	400	1252	646	498	7.374778882100848	0.5843307055460489	0.768252184370468
PTF1A	400	121	1	1	0.0011033099297893681	0.5041322314049587	1.0
ZSCAN29	400	635	235	201	1.3606729278745326	0.5859272910035181	0.8544765539856907
PCGF2	400	401	112	87	0.40951946749338924	0.49687166013537587	0.7759665530545194
LDB1	400	786	490	57	3.511808151727911	0.09442280729085527	0.10994756449289976
CARM1	400	71	31	17	0.02006929880550743	0.3939118582462517	0.5480945346510991
WT1	400	376	248	202	0.8502598705206529	0.6758750857927248	0.8138780159109168
DMC1	400	119	43	9	0.046658156287042944	0.14246628884111784	0.20844342859957124
ZNF280B	400	419	1024	321	3.9122458283942736	0.539793173851432	0.763905345279146
ASH2L	400	469	1569	276	6.7097747788821005	0.3821971812611349	0.582513344495471
ZNF280D	400	367	124	14	0.4149539527673931	0.07552518238551463	0.10992467520739183
ZMYM3	400	1051	1247	488	11.950369289687243	0.4278294548209709	0.45815870256830443
JMJD1C	400	1042	1032	506	9.805270356524117	0.48795734202264573	0.48542094304921746
SKI	400	516	4410	254	20.749156560590862	0.27492221694879504	0.4709751563864746
MXD1	400	921	1314	569	11.034868241086897	0.5254178255717679	0.6131719911953075
ATF6	400	133	34	30	0.04123278927692167	0.5539584254754533	0.8822100939301197
NOTCH1	400	1096	10117	983	101.10542536701013	0.4970305004440744	0.8864201264323057
BCLAF1	400	594	1509	484	8.173119358074223	0.5677785141005817	0.8122312177285781
FOXF1	400	99	160	70	0.1444332998996991	0.5722853535353536	0.7066427216185229
ZBTB9	400	484	650	373	2.868605817452357	0.6722536554354737	0.7692937909641266
HIC2	400	233	132	78	0.28044132397191573	0.4628365197034725	0.5900381041146961
TP73	400	358	226	152	0.7377404942099024	0.548573688634004	0.671494016963379
KLF13	400	256	9	9	0.021008479985410777	0.517578125	1.0
NR1H3	400	478	440	292	1.917753259779338	0.6372575123621149	0.6621638947908272
ZNF281	400	287	2621	253	6.8590042855840245	0.48903057188853893	0.8786325438970717
PPARA	400	376	452	298	1.5496671833682867	0.7259226134437959	0.7916946703898469
AGO1	400	870	252	217	1.9990881736117443	0.5552681992337165	0.860000510620915
HES1	400	27	99	23	0.02437311935807422	0.5420875420875421	0.8517179964825784
ZNF414	400	186	149	68	0.2527035652411781	0.41098361838781844	0.45545228759484085
ZNF121	400	139	589	117	0.7465213823288046	0.52018419220481	0.8408719967123632
TARDBP	400	896	493	330	4.027792468314033	0.5188373840915677	0.6666477204853459
CHD4	400	117	210	59	0.22403574359441963	0.3926129426129426	0.5033224485079043
XRN2	400	204	110	89	0.2046138415245737	0.6226827094474153	0.8087351323698683
POU5F1	400	445	795	286	3.2258138050515184	0.5012225284432196	0.6400876172293244
PAX8	400	200	247	85	0.450442235798304	0.3845647773279352	0.4237020553265767
ZIK1	400	112	31	24	0.03165861220023707	0.4942396313364055	0.7739627088082377
NCOR1	400	710	2144	458	13.880186012583204	0.42934491276014297	0.6379933526722524
KHSRP	400	168	144	125	0.22058903984681316	0.8060515873015873	0.8678531239409122
RARA	400	950	8174	638	70.80605452721802	0.3748156542567576	0.6451294943435676
ASXL3	400	126	483	121	0.5549193033646393	0.6054175293305728	0.9601419204943434
PCBP1	400	460	55	52	0.23069207622868607	0.5292490118577075	0.9452247962640784
ZNF48	400	126	3685	72	4.233701103309929	0.29548362085675517	0.5565275409593002
PBX2	400	976	1422	958	12.654983131211818	0.8276281962601739	0.9813151055075716
NFE2L1	400	46	101	13	0.04236345399835871	0.2056607834696513	0.28194740895850023
ZNF407	400	744	1547	645	10.49482994437859	0.6419357445211336	0.8650316261676889
DNMT3A	400	75	817	54	0.5587216194036655	0.393047735618115	0.7178984502034855
POU2AF2	400	819	119	91	0.8886751162578646	0.43790849673202614	0.7629355184393993
ISL1	400	289	449	28	1.183195039664448	0.07962330746526305	0.09317317299812015
ZHX3	400	47	108	28	0.04628430746785812	0.42750197005516155	0.5953461889061552
MEF2A	400	387	19	19	0.06704659432843986	0.524547803617571	1.0
ZBTB3	400	20	32	6	0.005835688884836327	0.24375	0.2997956912749229
NBN	400	434	475	321	1.8797300993890764	0.7077104050448701	0.7384987285461282
HIVEP1	400	600	542	341	2.9652594146074587	0.5987423124231243	0.6271112326049455
NR5A2	400	443	44	0	0.17773319959879638	0.0	-0.004055773755573255
HNF1A	400	275	705	195	1.767803410230692	0.49284332688588006	0.7072087367503326
HNRNPL	400	208	1033	190	1.959186650861676	0.5486959192791719	0.9126386675173
DUX4	400	400	4	0	0.014589222212090818	0.0	-0.0036606570879472865
KLF16	400	530	1022	266	4.938998814625696	0.381080382527785	0.4972012787009599
SIRT6	400	41	6	5	0.0022430929151089633	0.47764227642276424	0.8332710018942676
TBX3	400	274	24	22	0.059961703291693265	0.4984793187347932	0.9164579448364961
PBX3	400	1093	3237	1027	32.260791465305005	0.6284424064051265	0.9377792397330419
SALL4	400	66	0	0	0.0	0.0	0.0
LYL1	400	1166	1581	947	16.80902708124373	0.7055831849698879	0.8094311518617521
ZBTB7B	400	336	186	130	0.5698550196042673	0.5429147465437788	0.6979994811203944
IRF3	400	580	7972	467	42.160663809610654	0.43187622194923614	0.7899000828009367
RYBP	400	298	37	34	0.10053797756907085	0.5165064393252313	0.918698001662563
ZNF644	400	276	225	151	0.5662441871067748	0.6091062801932368	0.670281327637307
MEF2D	400	377	544	212	1.8700465031458011	0.4760200499297862	0.5601524259475492
TBXT	400	124	2	0	0.0022613294428740767	0.0	-0.0011319445712303507
ZKSCAN1	400	214	205	139	0.40001823652776514	0.6637907453840894	0.677419326086259
ZNF532	400	15	15	13	0.0020516093735752712	0.8666666666666667	0.8666484276442783
EPAS1	400	354	2391	283	7.717826205890399	0.45889777343002364	0.7949649003814595
CBX2	400	40	0	0	0.0	0.0	0.0
KAT2B	400	123	95	68	0.10654691346767575	0.6343175010697475	0.715470360474932
ZNF589	400	126	90	78	0.10340111242819368	0.7428571428571429	0.8665133036344604
MBD3	400	125	8062	54	9.188930427646577	0.21934904490200943	0.38693252499803166
HOXB7	400	6	6	5	0.0003282574997720434	0.8333333333333334	0.833324214570567
ZNF792	400	167	104	70	0.15836600711224583	0.5461192998618148	0.6725783417243925
CREB3	400	42	92	32	0.03523297164219932	0.5548654244306418	0.761704860812346
ZSCAN4	400	460	507	423	2.1265615026898876	0.8769423720092617	0.9191916436091382
MAF	400	146	641	102	0.8533418437129571	0.4288782510204518	0.6968583324004409
HMBOX1	400	449	26	18	0.10644661256496762	0.3661983895836902	0.6910427904467512
ZNF175	400	135	0	0	0.0	0.0	0.0
BANF1	400	81	39	28	0.02880459560499681	0.5318138651471984	0.7177402467166951
FUS	400	26	191	18	0.04528129844077688	0.3932742650020137	0.6917708840543356
HAND2	400	181	840	160	1.38634084070393	0.5372270455143383	0.8830823886207035
IRF5	400	339	233	223	0.7202243092915109	0.8074493271044603	0.9569484688442463
RB1	400	841	309	211	2.369554116896143	0.46686984596084946	0.6803970339026271
SSRP1	400	155	135	74	0.19079967174250023	0.5127837514934289	0.5475086281094591
ZNF768	400	595	6181	360	33.53419348955959	0.3316425097785433	0.5814526952931546
PDS5B	400	148	403	117	0.5438497310112155	0.5404315605928509	0.7897680093814333
NR5A1	400	136	699	3	0.8668186377313759	0.013175334511486999	0.015785770310179664
XRCC6	400	116	408	52	0.4315491930336464	0.2878634212305612	0.44621564490036286
NFRKB	400	277	532	194	1.3437038387890945	0.5325113324828317	0.6989004018560148
TAF15	400	55	100	47	0.05015045135406219	0.6622727272727272	0.854412704207356
SKIL	400	443	132	98	0.5331995987963891	0.4818216020247623	0.7413795734265948
HMGA2	400	11	56	8	0.005616850551654965	0.43506493506493504	0.7271333953692047
CREB5	400	69	68	51	0.04278289413695632	0.7445652173913043	0.7498426109250829
ZNF7	400	257	225	129	0.5272636090088447	0.537639429312581	0.5723311367631512
POLR3C	400	83	78	71	0.05903164037567247	0.882839048501699	0.9101884394391717
MYOG	400	101	0	0	0.0	0.0	0.0
ZSCAN30	400	23	89	15	0.01866508616759369	0.41035661944308743	0.6518914140542453
NR1D1	400	71	83	43	0.053733929059906996	0.5618530459867639	0.6053351141552334
MLLT3	400	21	73	3	0.013978298531959515	0.09197651663405088	0.14228622003469857
ELL2	400	549	662	381	3.313923588948664	0.6347588859722979	0.6921306823422595
MCM3	400	169	27	20	0.0416066380961065	0.4295419680035064	0.7403406090997985
PRMT1	400	79	34	18	0.02449165678854746	0.37862993298585257	0.5290725354754872
MAU2	400	225	587	136	1.2042947022886843	0.4180654930910468	0.602315871604395
NR4A1	400	360	58	45	0.19038934986778516	0.4504310344827586	0.7751238962898936
ZNF12	400	144	314	115	0.4122914197136865	0.5824265746638358	0.7980328519290716
GTF2I	400	545	613	413	3.0462751892039757	0.7157669455378122	0.7564367694934043
DNMT3B	400	166	69	17	0.10444059451080515	0.1743932250742099	0.2452343743382546
ERCC6	400	8	29	5	0.0021154372207531687	0.39870689655172414	0.6249008126522013
MBD1	400	20	77	15	0.014042126379137413	0.4724025974025974	0.7498243500953528
HMG20B	400	101	256	76	0.23576183094738762	0.5246751237623762	0.7518961046670408
ZNF354C	400	15	2	1	0.0002735479164767028	0.2833333333333333	0.49993160366604344
ZNF507	400	363	0	0	0.0	0.0	0.0
TAF7	400	184	1370	126	2.2985319595149085	0.38837670580768013	0.6807950941426795
CBX4	400	24	0	0	0.0	0.0	0.0
CDX2	400	93	49	32	0.04155192851281116	0.4985736229975861	0.6527667712183753
MYNN	400	127	294	115	0.34045773684690434	0.648334136804328	0.9052578290937741
PPP1R10	400	132	21	12	0.025275827482447343	0.33116883116883117	0.5709121166040225
ZNF362	400	321	762	243	2.230345582201149	0.5379534917948341	0.7553092055062165
ZNF324	400	51	13	0	0.006045408954135132	0.0	-0.00046524781287915414
PDX1	400	313	416	213	1.1872709036199507	0.5962652064389284	0.6792946834152803
RPA2	400	10	3	3	0.0002735479164767028	0.65	1.0
INO80	400	33	6	1	0.0018054162487462387	0.09848484848484848	0.1664158389351527
DLX6	400	225	87	53	0.1784900155010486	0.42237547892720306	0.6083919756052351
ZNF221	400	113	213	96	0.2194674933892587	0.6501308737380033	0.8492647656278487
CBX1	400	118	584	67	0.6283578006747516	0.3412613187833759	0.5654827772334501
ZNF660	400	156	11	8	0.0156469408224674	0.3892773892773893	0.7268842339792173
NKX2-5	400	175	13	13	0.020744050332816632	0.5371428571428571	1.0
ZNF512	400	72	83	58	0.05449074496215921	0.7521753681392236	0.8054082854515389
TOP2B	400	402	396	72	1.4515546639919759	0.18046132971506107	0.1788080682358971
PHOX2B	400	160	155	94	0.22613294428740768	0.5969758064516129	0.6058766175426606
SUPT6H	400	269	1383	148	3.392240357435944	0.32859980592806437	0.5444410202366332
E2F7	400	77	324	66	0.22748244734202608	0.5304232804232804	0.8567195612355014
ZNF800	400	122	338	97	0.3760007294611106	0.5410321078669125	0.7944484628860927
ZNF34	400	86	74	72	0.05802863134859123	0.9050911376492772	0.9729517625378334
CCNT1	400	61	59	42	0.03281663171332178	0.7001944984717977	0.7117040525096062
MEIS2	400	312	2759	67	7.849074496215921	0.11951387533573107	0.1944788608017836
SAFB2	400	55	3	0	0.0015045135406218655	0.0	-0.0005017561465127947
HBP1	400	98	168	70	0.15012309656241452	0.5654761904761905	0.7138473661276898
MLX	400	175	73	68	0.11648582109966263	0.6600391389432485	0.931397380377036
MEN1	400	69	3915	62	2.4631622139144707	0.45719362540951747	0.8947951205239894
ZNF778	400	18	13	13	0.002133673748518282	0.8611111111111112	1.0
HMG20A	400	180	2	2	0.003282574997720434	0.5055555555555555	1.0
GATAD2B	400	146	125	29	0.16640831585666088	0.21531506849315069	0.23097622438917498
ZNF549	400	45	0	0	0.0	0.0	0.0
BRF1	400	51	116	45	0.0539436491292058	0.6351419878296146	0.8822283719336905
FOXJ3	400	80	209	50	0.15245737211634905	0.4321172248803828	0.6242839915586372
ZNF264	400	74	102	53	0.06882465578553844	0.6179120296767355	0.7159520337364232
KLF6	400	191	296	20	0.515510166864229	0.08613980472619216	0.10228911472112069
MECP2	400	214	222	166	0.4331904805325066	0.7617243411635934	0.7752459752149614
ZBTB5	400	157	269	143	0.3850916385520197	0.7212132692444297	0.9106087654970259
THRB	400	23	321	1	0.06732014224491657	0.023296762833536502	0.0406703387279739
ZNF766	400	187	799	35	1.3623871614844534	0.11548526567300034	0.18120041689922287
ADNP	400	23	400	18	0.08388802771952221	0.413804347826087	0.781812900633055
ZNF133	400	23	12	12	0.002516640831585666	0.7608695652173914	1.0
NFKBIZ	400	4	59	3	0.002151910276283396	0.4004237288135593	0.7498654332138198
CIITA	400	78	0	0	0.0	0.0	0.0
ZKSCAN8	400	112	156	75	0.15931430655603174	0.5752060439560439	0.6691722715164924
PROX1	400	81	470	15	0.3471323060089359	0.10855003940110322	0.181678198344865
ZNF311	400	26	6	1	0.0014224491656788546	0.10256410256410256	0.16646905743436333
SIRT1	400	73	64	31	0.04260052885930519	0.45451626712328763	0.4840315542396233
LMNB1	400	25	42	14	0.0095741770766846	0.44666666666666666	0.559831429926661
CASZ1	400	12	182	7	0.019914288319503967	0.3108974358974359	0.5826407155730917
ZNF207	400	9	56	3	0.0045956049968086075	0.19345238095238093	0.3329927442358336
ZNF785	400	19	35	15	0.006063645481900247	0.6090225563909775	0.7894064755540514
LIG4	400	12	16	8	0.0017507066654508983	0.5833333333333333	0.6666180288300776
ZNF8	400	44	24	21	0.00962888665997994	0.6761363636363636	0.8749498294200281
ORC1	400	68	0	0	0.0	0.0	0.0
KDM6B	400	27	436	25	0.10734020242545819	0.4916326877336052	0.9256302643526402
KDM3B	400	27	1	1	0.00024619312482903255	0.5185185185185185	1.0
TBX5	400	103	74	51	0.06949940731284764	0.5921674101285752	0.6888970071132584
STAT6	400	17	3	3	0.00046503145801039483	0.5882352941176471	1.0
ZNF577	400	53	148	7	0.07152366189477523	0.08968638449770525	0.1309026221319194
ZNF239	400	41	0	0	0.0	0.0	0.0
MYRF	400	73	0	0	0.0	0.0	0.0
ZNF548	400	149	0	0	0.0	0.0	0.0
PSIP1	400	51	0	0	0.0	0.0	0.0
MSX2	400	35	74	23	0.02361630345582201	0.483976833976834	0.6569113575573666
ZNF510	400	34	4	0	0.0012400838880277196	0.0	-0.00031011711481630127
IRF8	400	6	589	3	0.03222394456095559	0.25254668930390495	0.4973001714322384
FOXN3	400	63	35	30	0.02010577186103766	0.6666666666666666	0.8570607455988865
BAP1	400	330	4529	277	13.627883650952858	0.4502776718387228	0.832475754780089
KAT7	400	17	1087	11	0.1684963982857664	0.32858920937280156	0.643525608764453
ASCL2	400	18	69	12	0.011324883742135498	0.42028985507246375	0.666456814566777
ZNF707	400	17	39	14	0.006045408954135132	0.5912518853695324	0.8234666343300281
ZFP1	400	10	50	7	0.004559131941278381	0.42	0.699863163656267
ATRX	400	116	146	64	0.1544269171149813	0.49504015115729805	0.5511265677558941
ZNF416	400	14	4	1	0.0005106227774231786	0.1607142857142857	0.24990424600569053
SETDB1	400	75	296	52	0.2024254581927601	0.4345045045045045	0.6925033981263067
NFATC3	400	31	636	26	0.17977569070848912	0.4397950902820045	0.8377688640477341
PHC1	400	39	34	28	0.012090817908270265	0.7707390648567118	0.8234666343300281
ZNF561	400	26	99	25	0.023470411233701104	0.607031857031857	0.9615037106252847
TEAD2	400	57	17	15	0.008835597702197502	0.5727554179566563	0.8822917633749968
FOXO3	400	2	4	2	7.294611106045409e-05	0.75	1.0
ZNF23	400	11	9	8	0.0009027081243731193	0.8080808080808081	0.8888777432262235
YBX1	400	8	12	6	0.0008753533327254491	0.625	0.7499726422148862
PRDM2	400	6	3	3	0.0001641287498860217	0.75	1.0
DEK	400	7	17	4	0.0010850734020242546	0.40336134453781514	0.5713621280637231
ZNF138	400	54	0	0	0.0	0.0	0.0
RBAK	400	34	31	22	0.009610650132214826	0.6783681214421253	0.709587385353763
ZSCAN18	400	11	5	4	0.0005015045135406219	0.5818181818181818	0.7999799378072024
PHF19	400	6	6	2	0.0003282574997720434	0.3333333333333333	0.3332968582822683
TSHZ1	400	28	0	0	0.0	0.0	0.0
DNMT1	400	38	15	13	0.0051974104130573535	0.6043859649122807	0.8666204514496983
ZNF114	400	15	14	3	0.00191483541533692	0.20714285714285713	0.21417823433235406
ZNF524	400	12	13	4	0.0014224491656788546	0.3205128205128205	0.33325429901115905
ZNF558	400	22	389	17	0.07803410230692076	0.40821453610656694	0.7719182657552548
ZNF101	400	24	60	4	0.013130299990881736	0.11666666666666667	0.1662105039077943
ZSCAN5A	400	24	7	5	0.001531868332269536	0.46130952380952384	0.7142231753617486
TOP2A	400	2	3	1	5.470958329534057e-05	0.41666666666666663	0.4999863222300236
VEZF1	400	30	8635	2	2.362086258776329	0.03344914109245319	-0.013101070586100525
FOXB1	400	2	2	2	3.6473055530227045e-05	1.0	1.0
ZBTB16	400	3	428	2	0.01170785082520288	0.33566978193146413	0.6653606976559687
ZNF512B	400	4	35	3	0.0012765569435579465	0.41785714285714287	0.749920189720436
RARB	400	7	6	4	0.000382967083067384	0.6190476190476191	0.6666453893595226
BPTF	400	2	285	0	0.0051974104130573535	0.0	-0.0026054760707592446
RAG1	400	1	3162	1	0.02883195039664448	0.5001581277672359	1.0
ZNF302	400	6	5	4	0.0002735479164767028	0.7333333333333334	0.7999890574846805
HOXA13	400	14	4	0	0.0005106227774231786	0.0	-0.0001276719924126359
CAMTA2	400	12	45	11	0.004923862496580651	0.5805555555555555	0.916632459141011
POU3F2	400	5	60	5	0.0027354791647670284	0.5416666666666666	1.0
ARID1B	400	9	3253	4	0.2669554116896143	0.22283703931413737	0.42746198654559164
ZNF624	400	8	7	6	0.0005106227774231786	0.8035714285714286	0.8571324355096309
GLI4	400	5	43	2	0.0019604267347497037	0.22325581395348837	0.39976465651709886
TOP1	400	12	12	9	0.0013130299990881736	0.75	0.7499726422148864
ZFP41	400	7	83	7	0.005297711315765478	0.5421686746987951	1.0
BRF2	400	8	4	3	0.00029178444424181636	0.5625	0.7499817621418541
SMC1B	400	3	1	0	2.7354791647670285e-05	0.0	-2.73555399527661e-05
PTBP1	400	5	69	5	0.0031458010394820827	0.5362318840579711	1.0
GLI1	400	10	10	10	0.0009118263882556761	1.0	1.0
SALL2	400	5	6	5	0.0002735479164767028	0.9166666666666667	1.0
PARP1	400	16	0	0	0.0	0.0	0.0
ZC3H8	400	9	43	7	0.0035287681225494665	0.4702842377260982	0.7776906135248515
HDAC4	400	17	44	15	0.006820461384152457	0.6116310160427807	0.8823057218070852
TAF2	400	7	27	5	0.0017233518738032278	0.44973544973544977	0.7142153560711973
HDGF	400	3	92	2	0.002516640831585666	0.3442028985507246	0.6663868051372842
SNAI1	400	1	33	0	0.00030090270812437313	0.0	-0.00030099327781679544
EN1	400	5	172	4	0.007841706938998815	0.41162790697674423	0.7996858390107582
ZNF140	400	11	10	1	0.0010030090270812437	0.09545454545454546	0.09990972013241048
HOMEZ	400	3	403	1	0.011023981034011124	0.16790736145574855	0.3308745244828417
AEBP2	400	10	5	3	0.00045591319412783806	0.44999999999999996	0.5999635236184571
GLI2	400	6	338	0	0.018491839153825112	0.0	-0.0030915011158672663
NSD2	400	4	0	0	0.0	0.0	0.0
LCORL	400	15	735	7	0.10052885930518829	0.2380952380952381	0.46306819051116105
MTF1	400	5	59	5	0.0026898878453542447	0.5423728813559322	1.0
OVOL2	400	3	1	0	2.7354791647670285e-05	0.0	-2.73555399527661e-05
PCBP2	400	11	12	4	0.0012036108324974925	0.3484848484848485	0.3635667256378924
ZBTB1	400	19	39	17	0.00675663353697456	0.6653171390013495	0.894699395916157
ZNF398	400	5	2489	1	0.1134767940184189	0.1002008838891121	0.1814220804060421
CDT1	400	8	14	1	0.0010212455548463573	0.09821428571428571	0.12488828700663894
MAPK1	400	3	18	0	0.0004923862496580651	0.0	-0.00016415569255462736
ARID3B	400	2	0	0	0.0	0.0	0.0
TFAM	400	3	3	2	8.206437494301085e-05	0.6666666666666666	0.6666575481533491
SIX1	400	15	190	7	0.02598705206528677	0.2517543859649123	0.46574107904031176
ZMYND11	400	1	0	0	0.0	0.0	0.0
ZNF530	400	7	21	4	0.0013403847907358438	0.38095238095238093	0.5713464913366417
WRN	400	2	0	0	0.0	0.0	0.0
CDC45	400	1	15	1	0.0001367739582383514	0.5333333333333333	1.0
QKI	400	1	1	0	9.118263882556761e-06	0.0	-9.118347026051117e-06
HNRNPA2B1	400	3	1	1	2.7354791647670285e-05	0.6666666666666666	1.0
SAMD1	400	6	2	0	0.00010941916659068114	0.0	-5.471257659760724e-05
ZBTB4	400	6	195	5	0.010668368742591411	0.4294871794871795	0.8330364619014996
SOX1	400	6	7	1	0.000382967083067384	0.15476190476190477	0.16661347339880664
KAT6A	400	5	6	4	0.0002735479164767028	0.7333333333333334	0.7999890574846805
MCM5	400	5	1	1	4.5591319412783804e-05	0.6	1.0
FOXP3	400	1	11	0	0.00010030090270812437	0.0	-0.00010031096398836391
NKRF	400	1	1640	1	0.014953952767393088	0.5003048780487804	1.0
DPF1	400	1	0	0	0.0	0.0	0.0
TFCP2	400	1	290	1	0.002644296525941461	0.5017241379310344	1.0
DDX11	400	1	0	0	0.0	0.0	0.0
ZNF354B	400	6	164	5	0.008972371660435853	0.4319105691056911	0.8330837275278675
ZHX1	400	2	34	2	0.0006200419440138598	0.5294117647058824	1.0
MRE11	400	6	2	1	0.00010941916659068114	0.3333333333333333	0.4999726437117012
HMGB2	400	2	218	0	0.003975563052794748	0.0	-0.0019917406717099733
ZFP30	400	3	12	2	0.0003282574997720434	0.41666666666666663	0.6666301896198483
TERF1	400	2	12	2	0.00021883833318136228	0.5833333333333334	1.0
TET3	400	3	1	0	2.7354791647670285e-05	0.0	-2.73555399527661e-05
SMC2	400	1	1	1	9.118263882556761e-06	1.0	1.0
ATR	400	2	12	2	0.00021883833318136228	0.5833333333333334	1.0
NR4A2	400	2	0	0	0.0	0.0	0.0
MKI67	400	1	0	0	0.0	0.0	0.0
ZNF410	400	1	3	1	2.7354791647670285e-05	0.6666666666666666	1.0
EP400	300	3364	7138	2726	218.9498677851737	0.5961222596883122	0.7971415484081
SAP30	300	6442	3965	3136	232.90352876812256	0.6388629474057582	0.7778728373207441
STAT1	300	13881	16839	10119	2131.32268624054	0.6649542413099727	0.679820994267263
ATF3	300	3687	9937	2640	334.0723898969636	0.49085151834916363	0.6877355786491837
BCL11B	300	10513	3687	2942	353.43695632351603	0.5388913531081967	0.7765154010171764
FOXA1	300	17259	20204	12771	3179.5462387161483	0.6860321565159655	0.6812376334981651
GATA6	300	1876	911	726	15.583441232789276	0.591960028928589	0.793392250580329
MNT	300	7498	8493	5989	580.6557308288502	0.7519576475152195	0.7818526964567557
EGR1	300	14092	19948	12469	2563.209774778882	0.7549517334339793	0.8592220026304737
ETV6	300	14380	15796	12855	2071.181544633902	0.8538817770805869	0.8761050863224676
GATA1	300	16140	11686	9416	1719.8143521473512	0.694572880925311	0.7722298098581875
NR1H2	300	448	750	414	3.063736664539072	0.7380535714285714	0.9235845607523215
POLR2C	300	14819	18314	14272	2474.6527400382965	0.871191228218118	0.9556882200021893
ZIC5	300	445	774	407	3.1406036290690253	0.7202232674273437	0.9139997919879023
HMGB1	300	4495	2544	2324	104.26990061092368	0.7152704612392525	0.9098260909864212
KLF11	300	6750	6689	5418	411.69645299534966	0.8063266058703344	0.7975245277717238
E2F5	300	1424	1810	1174	23.5017780614571	0.7365284933887889	0.821492097538007
BRD4	300	33853	33990	27891	10492.053159478435	0.8222252475782514	0.7447877416655733
GTF3C1	300	5998	6892	4679	376.93276192213	0.7294982202424991	0.7653470517013361
IKZF1	300	7867	8913	4284	639.3596334457919	0.51259972197665	0.5042642109615364
JUN	300	25068	21088	18738	4820.224163399289	0.8180245256423015	0.8555426369526953
FOXP1	300	12754	901	760	104.78119813987416	0.4515481813544339	0.8229129987001113
EBF1	300	8903	10560	6866	857.259779338014	0.7106950563991028	0.7468225490590846
MECOM	300	16407	12492	11233	1868.8451171696909	0.7919311475087336	0.8814853013171388
IKZF2	300	9835	1977	1340	177.29365368833774	0.4070213659421939	0.6460533679255648
BCOR	300	20447	22932	16460	4275.468259323425	0.7613911794231646	0.753455636489188
SMARCA5	300	843	75	68	0.5765022339746513	0.4936654804270462	0.9059436843185361
PAX5	300	11208	3744	3486	382.6274459742865	0.6210587904244221	0.9232456397339804
MGA	300	2146	5475	1520	107.13367374851828	0.4929600360871027	0.6929666295725624
KMT2A	300	19337	23971	16590	4226.563572535789	0.7750135031442285	0.8182051184830673
HDAC2	300	6977	3929	2376	249.9556214096836	0.4726407711364319	0.5778795143006521
RAD21	300	21746	21144	16657	4192.554244551838	0.7768842241273626	0.7353028134159066
TBX21	300	900	8335	839	68.40065651499954	0.5164410451243084	0.9266473687384528
PGR	300	9522	10193	6395	884.9981398741679	0.6494969757488496	0.6379530709103677
KDM2B	300	15653	13117	10190	1872.1655967903712	0.7139239417324146	0.7397027030327328
SMARCC2	300	2916	1502	1162	39.936463937266346	0.586063118402715	0.7674519666117906
RBPJ	300	9274	8845	7181	747.9577824382237	0.7930932018408717	0.7944928585908901
TCF7L2	300	7230	2802	2436	184.72198413422083	0.6031542377851031	0.8601600602682137
HIVEP1	300	1550	1301	848	18.387435032369837	0.5994515385187573	0.6468146247955769
CTCF	300	43297	39025	34101	15406.81521838242	0.8307155015615	0.7915165773521922
SUZ12	300	8663	11387	6841	899.4764384061275	0.6952265302183176	0.7653127493534729
EP300	300	22025	27996	15784	5622.430017324701	0.6402175047221761	0.6195108445449793
ZFX	300	14449	13407	11039	1766.3694994073128	0.7936866784577394	0.7965745927697445
SMAD3	300	7880	15953	7030	1146.2536701012127	0.6664007231267228	0.8737701186892236
RUNX1	300	22530	22411	18085	4603.9922494757	0.8048386463649091	0.7570619353567346
YY1	300	15443	16076	12636	2263.7154007476975	0.8021256104667758	0.7870142359503148
NPM1	300	12219	4303	3044	479.42333363727545	0.47826682754655114	0.6707271463716573
RAD51	300	1724	1648	1356	25.906373666453906	0.8046792287072286	0.8199857300099168
ZBTB26	300	13830	252	233	31.778608552931523	0.4707253038597941	0.913723186130323
E2F6	300	5572	10797	3746	548.5628157198869	0.5096191239477132	0.63650386517938
TBP	300	14033	10844	8687	1387.561338561138	0.7100644958373006	0.7719014443782373
ZNF24	300	637	780	480	4.530500592687153	0.6844583987441131	0.7517666857498667
ETS1	300	9249	12848	7901	1083.5338014042127	0.7346070203880545	0.8349145085883993
ZFY	300	10347	6115	5228	576.9299261420625	0.6801070396094444	0.8398359016461312
ATF7	300	5151	2131	1622	100.08918573903529	0.5380176574534921	0.749373534068643
MED1	300	15081	24216	12974	3330.0036108324975	0.6980246296690964	0.8206960558729889
MYCN	300	20348	19428	16194	3604.640685693444	0.8146956969727361	0.7956186208148603
ASCL1	300	17740	19023	13958	3077.1224582839427	0.7602764167105375	0.7420697274978826
GABPA	300	12150	9358	8688	1036.743867967539	0.8217326167087513	0.9194833100472835
ZBTB40	300	4196	5051	3678	193.25244825385246	0.802360866728483	0.8705888909296743
RREB1	300	1062	792	728	7.669408224674022	0.8023454887861667	0.9184017547305703
JUND	300	7187	8378	5512	549.0351600255311	0.7124269460425665	0.7476636227548258
NR3C1	300	12810	14720	9828	1719.369016139327	0.7174380791161796	0.7311244054247706
NR2F1	300	4190	1413	1295	53.984407768760825	0.6127794752781451	0.9131724457949251
CREBBP	300	8872	3764	2857	304.49720069298803	0.5405286449674147	0.7378235970262301
KMT2B	300	11034	11491	8631	1156.1201240083888	0.7666640805351177	0.7567291736518744
ZNF382	300	990	2	2	0.01805416248746239	0.501010101010101	1.0
STAT3	300	12287	8681	7978	972.5854563691073	0.7841613444200806	0.9088009608174412
NCOA2	300	287	317	252	0.8295705297711315	0.8365007309379088	0.8776952599023122
FOXO1	300	6183	2084	1333	117.49222212090818	0.4276132268435867	0.6181047395551291
HNF4A	300	5828	6084	3986	323.31131576547824	0.6695503400798792	0.6653761719031441
E2F1	300	18955	16378	13107	2830.719339837695	0.7458803426011159	0.758549329414955
TEAD4	300	4107	4908	2633	183.7982675298623	0.5887858138320703	0.6242864628141526
EHF	300	1017	14	14	0.12982584115984316	0.5068829891838741	1.0
RBBP5	300	4686	7946	4129	339.51815446339015	0.7003839080674622	0.871850379273531
MYOD1	300	6138	6811	5226	381.1973921765296	0.8093528050263123	0.8415787265728729
EBF3	300	2250	2472	1638	50.715783714780706	0.6953106796116505	0.7217276441724659
CHD2	300	6841	4878	4250	304.2800948299444	0.7462564575945423	0.8626938218734996
MYC	300	27362	28927	23185	7217.111096927145	0.8244216794465647	0.7926521203419072
NR2C2	300	6801	4027	3685	249.72761010303637	0.7284526695211674	0.9094584756675891
HDAC1	300	15100	19796	12266	2725.627792468314	0.715969003036268	0.7709782805567235
AHR	300	3048	1911	1436	53.11140694811708	0.6112838230386037	0.7443334321678914
HNRNPK	300	1874	1028	793	17.56608005835689	0.5972798981765632	0.767426651696756
MCM7	300	1617	1368	899	20.17011033099298	0.606565792186093	0.6520332398065645
NEUROD1	300	12473	6424	5141	730.6150451354063	0.6062252435372484	0.774650755188481
ETV1	300	2473	2816	1620	63.499297893681046	0.6151794494173437	0.6459847472738518
ELF1	300	12388	14492	10083	1636.973611744324	0.7548480089579447	0.785601865649036
NFE2L2	300	3377	580	301	17.859578736208626	0.3040489416233547	0.5036827286449914
MAX	300	28091	25425	21574	6512.388757180633	0.8082694468150585	0.7963792545324948
GABPB1	300	7417	13389	6412	905.5002553113887	0.6717005309627505	0.8456576765099665
MAZ	300	14411	10708	8608	1407.066545089815	0.7006032181814793	0.7742162106437436
FOXL2	300	3659	3479	2365	116.07240813349138	0.6630722530631412	0.668741009263984
MAFF	300	785	931	396	6.66394638460837	0.46490384286466846	0.500215879512346
NRF1	300	10969	11956	9428	1195.8180359259597	0.8240356098291053	0.8423236152089795
MCM2	300	809	2653	494	19.57032005106228	0.3984173524666201	0.6009777590065084
MITF	300	11416	12577	9345	1309.1915017780614	0.7808054625970733	0.795088627595512
TET1	300	9652	216	75	19.01004832679858	0.17749631624994244	0.28422745017008044
REL	300	3068	701	390	19.610358347770585	0.3417333591237699	0.5435797948940211
ZBTB7A	300	13933	10027	7846	1273.8779155648765	0.6728054020168655	0.7508317627743052
USF2	300	5240	3199	2915	152.84726907996716	0.7337599834394813	0.9067676426341816
SMAD4	300	5923	7550	4018	407.7564511716969	0.6052789384294919	0.6545936760300075
MED12	300	11940	16021	10928	1744.239445609556	0.798673809302008	0.9007430593724352
NONO	300	10150	6363	5803	588.898057809793	0.7418576685254732	0.9030152211362615
FOXA2	300	7506	9386	5252	642.3936901613932	0.6296318439246755	0.6716012110471701
SNAI2	300	7232	5304	4679	349.76318045044223	0.7645750118461272	0.8738453524196235
ZEB1	300	4480	4219	2302	172.34539983587126	0.5297331057630448	0.5262753584350273
SIN3A	300	8520	12623	6965	980.6506793106593	0.6846294202140143	0.7937487793896486
E2F4	300	7707	5960	5104	418.8357800674751	0.7593154658494892	0.8455198283204061
CDK9	300	18382	19532	15383	3273.7961520926415	0.812215312248515	0.8014985745366818
MYBL2	300	3335	2845	1618	86.51477158748975	0.5269372343705124	0.5551906577704857
ZNF384	300	7559	4533	2277	312.43682866782166	0.40177333413064964	0.46547417763494436
BHLHE40	300	8994	7611	5257	624.1755630527947	0.6376057957965933	0.6630801272818947
USF1	300	6171	7501	5378	422.07231695085255	0.7942333881221174	0.8620612323341308
ZBTB11	300	2869	5866	2680	153.45631439773868	0.6954967434074605	0.9304006777714264
KDM5A	300	8535	6289	5024	489.43753989240446	0.6937450880611603	0.7818800972140006
RXRA	300	8548	4512	3753	351.67845354244554	0.6354159925427374	0.8175621784219358
GATA3	300	7817	6710	4374	478.271815446339	0.6057062952901573	0.6251441123844023
SPI1	300	18984	12260	11420	2122.2197501595697	0.76652185510044	0.917141624764137
HOXB13	300	4463	8745	3019	355.8761283851555	0.5108383305872938	0.6484157660839565
ESR1	300	30437	27781	23072	7710.133099297894	0.7942602174920059	0.7653813348821882
ATF2	300	2862	7096	1983	185.1805598614024	0.4861626652391048	0.6716252180406729
POU2AF1	300	3139	2418	2354	69.20855293152184	0.8617261006505578	0.9727519443755306
ZFP37	300	356	0	0	0.0	0.0	0.0
AR	300	20748	21582	16467	4083.0066198595787	0.7783319006761789	0.7431142093880672
TCF12	300	8710	5763	1754	457.6979119175709	0.25286654860881597	0.24434086251080384
BMAL1	300	6198	5548	4510	313.5452174705936	0.7702798167560156	0.8016985449058718
GMEB1	300	7018	4492	4068	287.4519558676028	0.7426311479424363	0.8991568188662494
TRIM28	300	2879	14132	2353	370.9859396370931	0.49189961477684674	0.7902723081528944
CTCFL	300	5324	13159	4648	638.812036108325	0.6131230641539709	0.855715500592533
POU2F1	300	7100	6785	3366	439.2586851463481	0.4850894163803751	0.4612134610660772
SIX5	300	3064	2828	2454	79.00968359624328	0.8343324494702361	0.8639500482165143
SMC1A	300	19403	13009	11213	2301.574058539254	0.7199210286693436	0.8322659423638299
KMT2D	300	4947	8758	3310	395.0563143977387	0.5235162741040413	0.6403734068200778
ONECUT2	300	2348	1323	579	28.325011397829854	0.3421172841652277	0.4253384003322107
TAF1	300	19887	14502	12568	2629.7189203975563	0.749304859173403	0.8370995441370764
ZNF217	300	3636	136	105	4.508945016868788	0.40046835565909533	0.7642425182155779
ZNF629	300	2524	3275	1983	75.37248107960244	0.6955769347092341	0.7790599036318405
PML	300	3185	5850	2315	169.8937722257682	0.5612855398569684	0.7114529524745008
MAFB	300	7175	8462	5661	553.6140238898514	0.728990164679646	0.7713469649009306
NR5A1	300	1002	1060	18	9.684690434941187	0.01747260196587956	0.0083797050039503
SMARCA4	300	16008	14582	9272	2128.4640831585666	0.6075314077976784	0.5736150732243791
RUNX2	300	11059	3141	2759	316.7349229506702	0.5639313710816624	0.8647435741410303
FOSL2	300	4319	7139	3654	281.1465396188566	0.6789327825356324	0.8353085354570473
CXXC5	300	7720	1275	1200	89.7510713960062	0.5483084425480036	0.9367221533046765
RBL2	300	1447	1478	1241	19.500920944652137	0.8486423312476095	0.8556916757268095
TCF4	300	4442	2417	1744	97.89654417798852	0.5570857931316092	0.7098016484299301
REST	300	8760	8964	5418	716.008388802772	0.6114554106838312	0.5845346239113502
FOXM1	300	2141	1757	1048	34.30051062277742	0.5429810749661659	0.5884366342638713
SRF	300	5877	5794	3403	310.4890854381326	0.5831843230359993	0.5639654890354056
XRCC4	300	551	609	518	3.059715510166864	0.895341802782819	0.9397744591260979
ZNF76	300	1665	3142	1335	47.701559223123915	0.6133452038926259	0.7959560266183877
KDM5B	300	17299	16707	12357	2635.3095012309655	0.7269744209590281	0.6908686983713485
ARID2	300	4295	5535	2504	216.76689158384244	0.5176986748524839	0.5608392280706187
SMAD1	300	3022	1199	779	33.03891675025075	0.45374219857823284	0.6397821453616768
ERG	300	18192	30199	16707	5009.393708397921	0.7358004759064782	0.8873515625702929
PPARG	300	2262	2163	1486	44.612984407768764	0.6719747722425995	0.6804172254564479
TWIST1	300	3928	7507	3075	268.874769763837	0.596229415342693	0.7668841741322565
ARID4B	300	8475	2194	1756	169.5463663718428	0.5037811354646489	0.7836453289300426
HIF1A	300	3657	18364	3327	612.356597063919	0.5454658899451775	0.8916129226556493
KLF5	300	8189	6045	4581	451.3769034375855	0.6586126702072956	0.7382733919094928
EZH2	300	7871	9147	3749	656.4788638643203	0.44308329082057674	0.42865230800226467
TLX3	300	673	1404	580	8.615774596516824	0.637459095854341	0.8600207584044899
RUNX1T1	300	5866	4275	3356	228.66007112245828	0.6785698534323079	0.7728811676346403
FLI1	300	16839	17237	13147	2646.6111334002007	0.7717334030268119	0.7398605664837221
CEBPD	300	3672	1729	1588	57.89083614479803	0.6754559223599471	0.9156249016822354
SOX9	300	1724	122	108	1.9178262058903985	0.47394545662013615	0.883413169851471
NFKB2	300	6241	1403	1034	79.84064010212455	0.4513353684044868	0.7211220271846316
MYB	300	10755	9244	8048	906.5306829579648	0.809460947289669	0.856551196229851
PBRM1	300	3666	6637	3336	221.85868514634814	0.7063101834259016	0.9041851161632657
KLF1	300	7500	11510	4673	787.1341296617124	0.5145307269041413	0.5788683917413746
ZNF274	300	1683	449	293	6.89037111334002	0.41332756359613426	0.6471463415242819
ERF	300	2443	34	27	0.7573812346129297	0.40258481616142155	0.7894269386716142
CHD8	300	5414	9448	3869	466.41261967721346	0.5620666986865989	0.687726586468251
NKX3-1	300	382	159	91	0.5538251116987326	0.40527346965655764	0.5708321766181007
SMARCA2	300	1651	142	92	2.1377040211543723	0.3518055638494809	0.6425055112239644
KLF10	300	1777	4916	1044	79.65470958329534	0.39993740650468673	0.5681491537764565
LDB1	300	1308	733	135	8.742263153095651	0.14369281700188993	0.1743270805729661
PRDM4	300	387	24	12	0.08469043494118719	0.2655038759689923	0.4982293677882196
E4F1	300	2277	5290	2065	109.83249749247743	0.648627102785893	0.9021764585549086
CBFB	300	6296	4389	2645	251.96629889669006	0.5113754880733079	0.5784419161161557
ARNT	300	4547	11610	3784	481.3592595969727	0.5790614894639526	0.8123297042905065
SKI	300	994	6543	546	59.302835780067475	0.31637186714971166	0.5207003753200791
GFI1B	300	1180	1194	889	12.846904349411872	0.7489729722056611	0.7506753817606144
UBTF	300	2382	8504	1467	184.70436764839974	0.3941880365677672	0.583579020261036
STAT5B	300	750	1021	550	6.98231056806784	0.6360104472739144	0.7308274044553256
E2F3	300	3693	148	138	4.983714780705753	0.4849002129668255	0.9300778929849388
NFIB	300	987	1681	767	15.128540165952403	0.6166891782343578	0.7736326159453574
ZBTB17	300	3398	4670	2633	144.69462934257317	0.6693395661637467	0.7648545362818465
CHD7	300	3339	600	42	18.267529862314216	0.04128930817610063	0.04079619301990953
HHEX	300	4479	3072	2501	125.46264247287317	0.6862555859636638	0.8062132154743118
CEBPA	300	8336	7502	6065	570.2258776328987	0.768009129107478	0.7926937643044137
FOS	300	6606	7356	3956	443.09050788729826	0.5683209045709101	0.570008288554055
ATF1	300	7250	9378	6421	619.9553205069755	0.7851713695295666	0.8749631352313314
ATF4	300	5305	7519	4153	363.7119996352694	0.6675902291637184	0.7668624051229219
TCF3	300	4718	10536	1355	453.25839336190387	0.20790232354610189	0.21144108830287156
THRA	300	2432	271	255	6.00959241360445	0.5229056916391532	0.9396204559035463
STAT5A	300	4737	7712	4203	333.1060818820097	0.7161326187985988	0.8787436732290306
ZBTB33	300	4568	2811	2269	117.08441688702472	0.6519511710000928	0.7988058707564668
THAP11	300	6743	6792	6032	417.602407221665	0.8913304850277048	0.887595998580114
SMARCE1	300	257	644	24	1.5091456186742045	0.06532614737656187	0.08802997835592853
SMARCC1	300	9364	5782	3794	493.68695176438405	0.5306715327259206	0.6240767174962775
HSF1	300	3947	2883	1778	103.75855749065379	0.5335937031079774	0.6024094981102801
MBD3	300	369	11971	213	40.2780979301541	0.297514386053559	0.5254347245567667
BCL6	300	7092	5185	3358	335.29698185465486	0.5605643366886018	0.6232759009852333
TET2	300	3985	6216	1900	225.86632625148172	0.3912253802467103	0.44535092897590745
TFAP4	300	8448	12668	7546	975.829889669007	0.7444516531154615	0.8792854034796533
DDX20	300	1033	1135	916	10.690754080423087	0.8468930577292946	0.8855532213300513
TP53	300	7808	5752	3494	409.5159660800584	0.5274653221117673	0.5773501641439184
SFPQ	300	4770	113	66	4.91483541533692	0.2989536372237992	0.5651577144689001
HEY1	300	12221	9683	7527	1079.0183550651957	0.6966243890919939	0.7494183403716064
SATB1	300	187	54	45	0.09207622868605818	0.5369875222816399	0.8330486620449445
BMI1	300	10260	5453	4201	510.1466216832315	0.5899279024118562	0.7467050093995801
RUVBL2	300	10744	11499	8973	1126.518245646029	0.8077462682986387	0.8158561622226898
SP1	300	13321	14476	10492	1758.318555667001	0.7562072044300552	0.7553335691535007
MLX	300	292	117	102	0.3115163672836692	0.6105549701440113	0.8714526101203495
TFAP2A	300	15487	15648	12232	2209.7253214188017	0.7857605323179557	0.7548442674571656
MBD6	300	898	0	0	0.0	0.0	0.0
ONECUT1	300	1843	1661	1373	27.913039117352056	0.7857957424205946	0.8236468682326982
GTF2B	300	4578	1451	1177	60.56969089085438	0.534131941966779	0.8029387030727538
KDM2A	300	10020	0	0	0.0	0.0	0.0
PHF20	300	4781	5786	4330	252.2373119358074	0.8270131880044533	0.9004143005354119
CREB1	300	15176	19582	14022	2709.7331266526853	0.820012328568505	0.9074301864604524
JUNB	300	2155	1858	1229	36.50943740311845	0.6158827819250298	0.6546784194680423
PKNOX1	300	3887	5368	3637	190.25636910732197	0.8066082890463339	0.932372913850228
KDM6A	300	9791	7139	5271	637.3479438314945	0.6383451251194795	0.7126884084441713
BRCA1	300	5007	4938	2940	225.4451171696909	0.5912803484599083	0.5760261578534608
CEBPG	300	1721	2212	1445	34.71188109783897	0.7464415480297106	0.8363269023210063
GATAD1	300	6487	1113	949	65.83414789824018	0.4994715396651344	0.8433867952523121
MAFK	300	1687	1264	946	19.443494118719794	0.6545882324251724	0.7444872944721609
CXXC1	300	7887	6365	2269	457.74373119358074	0.3220846778101246	0.30661548888116713
IRF1	300	6171	8247	3800	464.04884653961886	0.5382785590658945	0.5845417393204153
POU2F2	300	6209	5026	3220	284.5485000455913	0.5796352764945845	0.619103981129541
ETV5	300	1961	5175	1310	92.53373757636545	0.4605833068507392	0.6515858952916969
EPAS1	300	741	4081	598	27.57382146439318	0.47677512821504875	0.7995587990708096
ZNF350	300	3160	319	251	9.191574724172517	0.43313211777310423	0.7805095199090907
SMAD5	300	7716	2750	2383	193.48044132397192	0.5876921155568122	0.8564454557937894
KLF9	300	2920	3538	1379	94.2004194401386	0.43101425230569085	0.45466762377582015
ZIC2	300	5206	3049	2590	144.73505972462843	0.6734808601272064	0.8419565675173976
ESRRA	300	2880	886	767	23.266891583842437	0.5660039660145473	0.8620662649443636
ZNF711	300	6851	1586	1245	99.07619221300264	0.4833594952035242	0.7706674691640633
TCF21	300	2153	2203	2132	43.24846357253579	0.9790086945998353	0.9900462212552478
SIX2	300	914	453	303	3.7753442144615663	0.500192009506282	0.6660913463494075
ELK4	300	1196	172	107	1.8757362998085165	0.3557789530994789	0.6179263405098467
NFYB	300	5308	6162	4857	298.2392267712228	0.8516260110402699	0.9099757412749009
KLF4	300	6797	2171	1436	134.55171879274187	0.4363580079460368	0.6390775023442906
ZNF143	300	8241	10295	6926	773.603492295067	0.7565928751862525	0.8239011416303968
TAL1	300	7042	6212	2065	398.8775781891128	0.3128308385360727	0.28661402614876663
POLR3C	300	110	92	83	0.09227683049147442	0.8283596837944665	0.9020756940806706
GTF2F1	300	4181	3024	1815	115.28534694994073	0.5171525428715694	0.5843524909766413
SMC3	300	7710	6613	4296	464.905899516732	0.603413980598291	0.6231352412420179
ELF3	300	3578	4807	2718	156.82908726178536	0.6625338397527456	0.7486240758104427
CEBPB	300	9597	8040	6510	703.5641469864138	0.7440192364218295	0.7914518670027596
RUNX3	300	2042	9009	1862	167.7430290872618	0.5592666665144628	0.9039619418289572
SOX13	300	2729	52	48	1.293954591045865	0.4703328917326719	0.9211139427707442
TP53BP1	300	12773	6304	4101	734.2116531412419	0.4858036088278693	0.6044733008135856
GATA2	300	7219	3322	1901	218.66980942828485	0.4177892533742026	0.5421047994450714
ZBTB48	300	2860	2420	1712	63.10932798395186	0.653019707565162	0.6996042250044684
NFE2	300	4423	10441	4376	421.08637731375944	0.7042453355301604	0.9882556185786809
RELA	300	15812	18225	12856	2627.643840612747	0.7592290205525348	0.7757948917440819
FOXK1	300	4145	3460	3294	130.7714051244643	0.8733577609348961	0.9501385995976627
ZNF341	300	4522	191	184	7.87546275189204	0.5020203727674591	0.961774647432878
OTX2	300	2000	2999	1429	54.69134676757545	0.5954960820273425	0.7064733151465722
BANP	300	2937	2306	1851	61.755466399197594	0.7164617859702496	0.797259169761697
ELF4	300	2781	1378	1004	34.943174979483906	0.5448066889722871	0.7215307699327711
TRIM24	300	1862	5922	1314	100.54494392267712	0.46378865095870375	0.6888935666514421
GLYR1	300	742	2518	524	17.03616303455822	0.4571505644534553	0.6992953456650944
HES2	300	88	57	52	0.04573721163490471	0.7515948963317385	0.9122102586319241
ZBTB8A	300	3515	3725	2769	119.38884836327163	0.7655612093902451	0.7803046442345384
VDR	300	1413	1767	599	22.766216832315127	0.3814566894601067	0.4144869662530577
NANOG	300	7471	11372	6179	774.6896325339656	0.6852083714197887	0.8070579275600529
NFATC1	300	2795	267	51	6.804641196316221	0.10462905268235814	0.16985452395032524
SREBF2	300	10291	2824	2547	264.99301540986596	0.5747049974633354	0.8917548870839186
PDS5B	300	305	659	241	1.8327254490744962	0.577934774496878	0.7888954205403544
NFIC	300	5340	0	0	0.0	0.0	0.0
ZNF366	300	1842	2554	1291	42.89658065104404	0.6031751092790938	0.6937363388484965
ZNF777	300	2218	2458	1725	49.711352238533784	0.7397588779136013	0.7726317478491752
TFE3	300	2280	5375	1497	111.7443238807331	0.46754528763769887	0.6388802258775084
SP2	300	4959	10509	3981	475.19039846813166	0.5908004874915789	0.781881906924444
MAFG	300	467	544	410	2.31647670283578	0.815810398035017	0.8773358702379714
TBX2	300	5979	936	797	51.028941369563235	0.4923978047096461	0.8429327166753752
TBL1XR1	300	898	492	143	4.028594875535698	0.2249465840983577	0.2847941573318576
SOX6	300	343	4977	298	15.565888574815355	0.46434004584353333	0.8625677703397069
ESRRG	300	905	298	213	2.459104586486733	0.4750621083466202	0.7123917490976327
GTF3C2	300	1308	204	153	2.4330445883103855	0.4334862385321101	0.7469823369815987
TFAP2C	300	7300	14506	6721	965.5676119266892	0.6920052259905679	0.9085948093644253
PATZ1	300	2591	7227	2215	170.74092276830493	0.5806859189485033	0.8446447309971167
ZNF687	300	12544	12084	8998	1382.1619038934987	0.7309680187243716	0.7116383211662737
OGT	300	6791	699	669	43.283568888483636	0.5277971412554991	0.9542485157049573
ZNF331	300	1536	3402	1433	47.64723260691164	0.6770827592225162	0.9307959764267387
PBX1	300	4219	6181	2869	237.78279383605363	0.5720916682679748	0.6609077249264739
YY2	300	706	1064	394	6.849493936354518	0.46418720313531703	0.5537441548077806
PRRX1	300	859	1219	490	9.547925594966719	0.486199780159122	0.5656023322346324
BATF	300	2579	2956	1981	69.51330354700465	0.7191447813373448	0.7617042557566709
ASH1L	300	995	1677	839	15.21487188839245	0.6717571159314761	0.840781416737089
ZBTB21	300	1233	1508	1123	16.95417160572627	0.8277408296600344	0.909542882816144
ZSCAN30	300	66	232	32	0.13961885656970913	0.31138975966562177	0.48375640393038377
PHF6	300	2442	4131	1582	91.98415245737212	0.5153938846749304	0.6340450210583526
SMAD2	300	3592	5620	1130	184.07075772772865	0.25782779446615256	0.2775671602974842
LCOR	300	1635	418	393	6.231695085255767	0.5902791800184364	0.9392862449547296
EOMES	300	961	102	15	0.8937904622959788	0.08133378221215645	0.13951872592398595
MCM3	300	782	44	32	0.31374122367101304	0.38409672169262965	0.7253140841966057
NFKB1	300	1363	3311	1246	41.14974924774323	0.6452406471857409	0.9114877045010084
NR2F2	300	1654	4631	1080	69.84292878635908	0.4430867423339427	0.6376621924489774
ISL1	300	480	944	64	4.13166773046412	0.10056497175141244	0.12580860757009976
HNF1B	300	5921	941	561	50.803875262150086	0.3454608957723738	0.5731277755091277
NR2F6	300	888	2124	519	17.1980669280569	0.41440487097266754	0.576252663222425
MEF2B	300	2978	1351	1086	36.6853104768852	0.5842616393895724	0.7983740103398278
KLF17	300	1313	1375	899	16.461885656970914	0.6692548639479332	0.6806881375718148
RFX5	300	2449	1656	1281	36.97952037931978	0.6483106828578361	0.7683784703650823
GFI1	300	974	661	435	5.870465943284398	0.5523528534638886	0.6550300539794703
PRKDC	300	555	547	507	2.768168140785994	0.9201936854587678	0.9265019102918854
MXD1	300	1679	2294	1049	35.120142244916565	0.5410282566375864	0.616760314308893
ZNF10	300	311	198	155	0.5614844533600802	0.6406102828932412	0.7822106802163313
MTA1	300	981	3376	810	30.198376949028905	0.532808491673551	0.8201517584169785
SMARCB1	300	800	608	385	4.435123552475608	0.5572368421052631	0.6305285335479786
OLIG2	300	5466	3745	2590	186.65241178079694	0.582713529003423	0.6754111363870366
RELB	300	554	3328	422	16.81145253943649	0.44426786830047205	0.7542762208464794
CLOCK	300	558	1373	246	6.985811981398742	0.3100149582187972	0.43377138595664
PRDM15	300	933	15	14	0.12761010303638187	0.4741693461950697	0.9327613109306553
GTF2I	300	831	907	603	6.872590498769035	0.6952304379495222	0.7233437483434902
FOXK2	300	2077	1955	1327	37.025029634357615	0.6588373206978884	0.6725713266840608
ZNF263	300	4601	2247	1642	94.2686878818273	0.5438155266453462	0.7189616759907151
TCF7	300	5369	6192	4419	303.13529679948937	0.7683605441661217	0.8124703173774441
CHD6	300	1917	1036	941	18.108981489924318	0.699586155572071	0.9066697728219913
CUX1	300	1338	1159	1103	14.140074769763837	0.8880236041843195	0.9510857190771717
SREBF1	300	543	2050	431	10.149995440868059	0.5019911961550555	0.78980951667127
IRF9	300	2554	383	322	8.919321601167137	0.4834039064305007	0.8369335720275728
VEZF1	300	50	10136	8	4.621136135679767	0.08039463299131808	0.07445897884140093
PRDM10	300	1045	8709	982	82.98445336008024	0.5262349183954782	0.9345124928385583
DDIT3	300	2173	2444	999	48.425385246649036	0.4342446126882292	0.4474187953449243
ZBTB12	300	1576	315	237	4.5266709218564785	0.4513808315204254	0.7487706907656211
MBD2	300	1067	2817	887	27.407121364092276	0.5730883486556884	0.8268552972042428
ZNF639	300	3542	2389	972	77.15727181544634	0.3406430139645784	0.3870690325406593
XBP1	300	2508	1130	797	25.841524573721163	0.511546414306079	0.6984128570208731
TFEB	300	3856	8228	2325	289.2966900702106	0.44276406895188375	0.5707520735639383
TP63	300	2802	9468	1763	241.90148627701285	0.4076998007036437	0.5941562426482374
SOX17	300	831	740	425	5.607185191939455	0.54287816697564	0.5710742348666256
TARDBP	300	1642	946	618	14.16369107321966	0.51482361787435	0.6480068474925966
NBN	300	881	964	631	7.743995623233336	0.6853979352018877	0.7137151090321763
PIAS1	300	1218	800	670	8.884836327163308	0.6937910509031199	0.8356749990779331
TFDP1	300	720	8963	701	58.8434394091365	0.5259107658646038	0.9712624798232055
MBD5	300	888	279	213	2.2590681134312027	0.5016528625399593	0.7615098007003452
CHD1	300	2678	608	492	14.8465760919121	0.4964648598718604	0.8044350831936279
NFYA	300	5808	8347	5596	442.04774322968905	0.8169595664762681	0.9604916350620682
NR4A1	300	731	121	78	0.8065195586760281	0.37566562277419135	0.6422434907275048
ZHX2	300	6356	3992	3345	231.35909546822285	0.6821001190549759	0.8279548575828313
ZEB2	300	1733	2130	1437	33.65815628704295	0.7519229050006908	0.8258149170544413
TOP2B	300	1094	797	202	7.950378407951126	0.21904697460082256	0.2459282867413573
ZNF444	300	970	1415	823	12.515273092003282	0.7150395249717678	0.8464727469077165
CREM	300	4433	8491	3781	343.21695085255766	0.6491081452653668	0.8405783406687266
GATAD2A	300	1233	1722	958	19.36013495030546	0.6666482983912216	0.7734088934292386
TP73	300	490	302	202	1.3493206893407494	0.540559535072307	0.6673880789849438
ZNF449	300	744	0	0	0.0	0.0	0.0
MTA3	300	2086	1183	703	22.501486277012855	0.46563026544957364	0.5863846490762703
ARID3A	300	593	34	18	0.18384243640010942	0.2798829481202262	0.5268533992986068
ZNF660	300	430	14	12	0.054891948572991706	0.4425249169435216	0.8565805304179526
ZNF770	300	2019	1547	738	28.47992158293061	0.4212899241305849	0.46724444971230467
IRF4	300	3035	2863	1719	79.23046411963162	0.5834056165092203	0.5890464403554839
KLF16	300	1023	2347	541	21.892778335005016	0.3796718924472955	0.5185330905930735
ELK1	300	2173	1432	1237	28.373629980851646	0.7165429522298807	0.8610741404086475
ASXL1	300	7058	7601	3701	489.1753259779338	0.505639563465889	0.488949672644479
HMGXB4	300	650	3418	568	20.258046867876356	0.520012602961696	0.8697879352135272
NOTCH1	300	1718	11318	1549	177.2984772499316	0.5192457192134836	0.8903097079450248
ZBTB10	300	845	768	421	5.917388529224036	0.5232009677021696	0.5446687868519795
RTF1	300	94	3	1	0.0025713504148810067	0.17198581560283688	0.33276143194373464
SOX10	300	1092	1960	398	19.516002553113886	0.28376504447933015	0.35290409772816234
IRF2	300	2350	1434	1212	30.72763745782803	0.6804664826849461	0.841798352247297
ASH2L	300	973	3262	650	28.94069481170785	0.4336506270152486	0.6578604773822151
ZNF83	300	873	596	153	4.744305644205343	0.215984570677368	0.25074717380494294
MTA2	300	2059	2471	1162	46.39180268076958	0.517303292255241	0.5543096757755468
ZNF792	300	438	275	182	1.098294884653962	0.5386716479867165	0.6604621356379083
ELF2	300	936	747	695	6.375417160572627	0.8364547935331068	0.9297889899891779
PRDM1	300	996	1229	741	11.16152092641561	0.6734525571774486	0.7410742924668492
TRPS1	300	513	634	182	2.965642381690526	0.32092103725841065	0.351024112285965
ZNF697	300	522	404	271	1.9229324336646303	0.5949745836652631	0.6692176432617425
JARID2	300	2964	522	345	14.107850825202881	0.38865815068174414	0.6515008151089113
ZZZ3	300	931	273	193	2.3175253031822742	0.4571318405904872	0.7044507588102803
NR2C1	300	2732	2338	2145	58.242144615665175	0.8512949524502553	0.9153418861813888
RBBP4	300	2991	2	2	0.05454545454545454	0.5003343363423605	1.0
BCL11A	300	761	871	388	6.04386796753898	0.4776602180646349	0.5059315579094309
ARID1A	300	4038	5463	2615	201.14519923406584	0.5631362707763343	0.6291233122202246
RFX1	300	2282	3504	2187	72.91080514270082	0.7912568433121632	0.9569958514028508
KDM5C	300	166	1143	131	1.7300811525485547	0.451883650085908	0.7869360364601957
MEF2C	300	2106	1849	761	35.50646484909273	0.3864611758518375	0.40005300327168597
NKX2-1	300	1055	2314	1008	22.260144068569346	0.6955297857262818	0.9544899911337201
GATA4	300	4964	1363	713	61.69355338743503	0.3333724755140903	0.5005019750021088
AGO2	300	4896	21	9	0.937503419348956	0.2152048319327731	0.4018690569361537
CPSF4	300	324	951	264	2.8095559405489197	0.5462086692370604	0.8131949405415865
ZNF740	300	506	836	373	3.857171514543631	0.5916631995007281	0.7351351200192395
MYBBP1A	300	1985	2406	1912	43.548007659341664	0.8789520740549968	0.9623992762695154
SNAPC4	300	138	104	87	0.13086532324245465	0.7334866220735786	0.8363325154011894
DMC1	300	522	73	20	0.34746056350870796	0.15614338949246837	0.2705003787743775
E2F8	300	1477	471	384	6.343275280386615	0.5376365416212068	0.8127650039876251
EHMT2	300	538	5904	416	28.962815719886933	0.42184745267527024	0.7603318504668103
FOSL1	300	2685	2211	1194	54.1308926780341	0.492359937236115	0.528483209042417
BRD7	300	1173	1475	435	15.776192213002645	0.3328796220035546	0.36226683634231027
TBX3	300	455	42	39	0.1742500227956597	0.5071428571428571	0.9282738503999319
POU2F3	300	3052	1131	844	31.47453268897602	0.5113911186356614	0.7389783060669972
HMGA1	300	157	183	129	0.26197683960973833	0.7632870418711497	0.8213579612947679
MAF1	300	108	10	3	0.009847724993161302	0.1638888888888889	0.29930997973750023
ZNF574	300	631	7448	483	42.85299534968542	0.4151506440427535	0.7483622311602283
ZNF414	300	561	402	200	2.056369107321966	0.42700933833506266	0.49492882397168314
ZFP64	300	996	1524	853	13.840649220388437	0.7080684944502419	0.8544024450956045
ZNF316	300	1856	0	0	0.0	0.0	0.0
BACH1	300	514	1557	284	7.297328348682411	0.36746561905690134	0.5460848879078494
SPDEF	300	493	304	264	1.3665724446065468	0.701959005017615	0.867826894328524
ZBTB44	300	327	0	0	0.0	0.0	0.0
HAND1	300	1353	3162	1085	39.00962888665998	0.5725294552410765	0.7960411233661291
BATF3	300	1338	64	64	0.7808151727911006	0.523916292974589	1.0
MXI1	300	1515	12421	1438	171.58580286313486	0.5324732972451903	0.942683350999189
WDR77	300	2583	2899	1935	68.27862678945928	0.7083002308858155	0.7423173768262448
FOXA3	300	2386	0	0	0.0	0.0	0.0
HDAC3	300	996	556	254	5.049475699826753	0.35592730634769293	0.4518564069185603
DOT1L	300	1970	1618	949	29.064101395094372	0.5341262321723254	0.5789635059618292
HMBOX1	300	710	47	40	0.3042764657609191	0.4537009289781241	0.8500933389571032
HNF4G	300	1560	343	286	4.879000638278471	0.5085762876579203	0.8314212956083764
RFX3	300	1163	918	880	9.734968541989605	0.8576347325019622	0.9581619916171388
MLXIP	300	257	3326	221	7.794127838059634	0.46318418029392294	0.855541124742814
ZNF580	300	1201	783	185	8.574660344670376	0.19515452746380996	0.22781452339079006
ZNF501	300	605	4922	372	27.15245737211635	0.3452275329856505	0.5967794568436108
MXD4	300	1574	0	0	0.0	0.0	0.0
KMT2C	300	4006	3574	2850	130.550232515729	0.7544293520547383	0.7897457349787499
MTF2	300	1511	452	297	6.227518920397556	0.4268191082504114	0.6522889891618919
PHF21A	300	3389	30	26	0.9270538889395459	0.4371692731385856	0.8624150443948903
LYL1	300	1740	2290	1426	36.33263426643567	0.7211238267329217	0.8156917210979163
NFATC2	300	279	154	129	0.3917753259779338	0.6500139645300935	0.8372482980448901
ASXL3	300	172	731	162	1.1464575544816267	0.5817373461012312	0.9414703385316767
PDX1	300	463	719	315	3.035442691711498	0.5592270281798875	0.6782360778706611
THRB	300	48	492	2	0.21533691985046047	0.022865853658536585	0.03734803104410534
NFXL1	300	34	158	23	0.04898331357709492	0.41102010424422936	0.6760038115618809
LEF1	300	1128	718	429	7.3849183915382515	0.4889060925739347	0.5933100668988691
ZNF184	300	401	106	48	0.3875809245919577	0.28626546840446054	0.4508221617517579
TEAD1	300	1557	3407	1277	48.369645299534966	0.5974917709751297	0.8144011890470059
ZFP3	300	626	272	192	1.5525850278107047	0.5062958090584477	0.7041938818005469
STAT2	300	2724	3446	2217	85.5922677122276	0.7286156330138244	0.8078386468491818
YAP1	300	2915	2246	1773	59.698094282848544	0.6988183299756074	0.7836529352313553
PRMT5	300	46	54	37	0.022649767484270996	0.7447665056360708	0.8042514421886998
HINFP	300	1068	495	459	4.820461384152457	0.6785240040858018	0.9265575219609216
BACH2	300	357	254	152	0.826825932342482	0.5120977524868215	0.5971137132690776
TCF7L1	300	110	29	27	0.029087261785356068	0.5882445141065831	0.9309652402714306
STAT4	300	265	0	0	0.0	0.0	0.0
RBBP8	300	2	2	0	3.6473055530227045e-05	0.0	-1.82368603421235e-05
ZIK1	300	304	75	53	0.20789641652229415	0.44050438596491226	0.7058513005260623
DLX5	300	562	991	5	5.078344123278928	0.00697110291556392	-0.00014067350847687274
HDAC6	300	222	214	137	0.4331904805325066	0.6286520165024838	0.6394570852406674
ZBED1	300	135	299	77	0.3680587216194037	0.4139477269912053	0.5691958427601331
MEIS1	300	832	9183	532	69.66587033828759	0.34867810712101793	0.6064717709370749
SOX2	300	1485	810	469	10.9679037111334	0.4474186307519641	0.5732336640996191
GRHL2	300	2659	2325	2072	56.37070301814534	0.8352115558035804	0.8884789152918959
ZNF592	300	592	804	447	4.340001823652776	0.6555188584106495	0.7532586862301833
ESR2	300	764	1427	628	9.940986596152092	0.6310368106487817	0.8196427632552373
MTOR	300	2756	3008	2034	75.59084526306191	0.707111466664608	0.730638138314052
FOXC1	300	1447	4081	1029	53.84523570712136	0.48163527544419693	0.6999615471923799
ZNF766	300	433	1356	87	5.353770402115437	0.1325415397821333	0.19092002675823067
NCOR2	300	633	201	174	1.1601440685693445	0.5702765791893613	0.8648918161286892
RB1	300	1893	604	416	10.42556761192669	0.4542493606630213	0.6832747676754928
HMG20A	300	352	2	2	0.0064192577733199595	0.5028409090909091	1.0
RYBP	300	699	52	48	0.33143065560317314	0.49587322548695945	0.9225834961030563
ZBTB49	300	76	6	1	0.004157928330445883	0.08991228070175439	0.1660887761495459
ZNF547	300	940	282	210	2.4170693899881464	0.48404255319148937	0.7424735485714175
ZFP30	300	7	26	4	0.0016595240266253305	0.3626373626373626	0.5713269438233869
KLF6	300	465	578	49	2.450715783714781	0.0950757152956059	0.1006363771487733
PAX8	300	360	651	183	2.1369563235160025	0.3947196620583717	0.5053973772155924
ZNF48	300	236	6188	149	13.316020789641652	0.32771739725877314	0.609311813501341
ARHGAP35	300	224	307	169	0.6270447706756633	0.65247644253141	0.7537750264192251
ETV4	300	1816	630	548	10.432023342755539	0.5858016921893574	0.8676497122359121
NCOA1	300	1436	1840	981	24.092641561046776	0.6081499031125106	0.6777408961852416
ZSCAN20	300	629	592	465	3.395349685419896	0.7623708267090621	0.784235479736484
HSF2	300	272	104	97	0.25793744870976565	0.6446549773755657	0.9325249582681163
ZBTB9	300	774	960	547	6.775234795294976	0.6382550064599484	0.7041284245570024
RBAK	300	50	45	31	0.02051609373575271	0.6544444444444444	0.6887469845324251
MEF2A	300	730	26	24	0.17306464849092731	0.4779768177028451	0.9225614664388301
XRCC5	300	595	2733	583	14.82752803866144	0.5965753150876157	0.9793164953872551
ZFP36	300	760	340	311	2.356159387252667	0.6619582043343653	0.9141106796221381
KDM3A	300	264	330	225	0.794383149448345	0.7670454545454546	0.8518268703127857
HIC1	300	856	1788	785	13.955758183641835	0.6780470530431328	0.9156813900337978
BRCA2	300	600	14	2	0.0765934166134768	0.07309523809523809	0.13814195339821086
SUPT6H	300	482	2476	261	10.882027901887481	0.32345286534968054	0.5309030580689125
INO80	300	152	11	7	0.015245737211634905	0.34120813397129185	0.6358589455614602
ZSCAN29	300	915	334	281	2.786632625148172	0.5742105952030365	0.8399823037938651
SIX4	300	315	660	306	1.8956870611835506	0.7175324675324675	0.9712555859881793
FOXJ3	300	178	478	93	0.7758183641834595	0.3585162897842133	0.5203814783319517
PTF1A	300	185	1	1	0.0016868788182730007	0.5027027027027027	1.0
ZNF280B	300	1355	2568	1020	31.728275736299807	0.5749818946787599	0.7468395992618961
NR1D1	300	161	288	80	0.4227956597063919	0.38733609385783296	0.4955697458255307
PCGF2	300	525	235	155	1.1249658065104404	0.4774062816616008	0.657936982132884
CARM1	300	193	67	43	0.11790827026534148	0.43229448611862964	0.6411595484037471
ZNF644	300	516	399	260	1.8773046411963161	0.5777525208369761	0.6499822306191483
WT1	300	668	421	336	2.564311115163673	0.6505468872231783	0.7968624516074821
ZNF280D	300	632	315	31	1.8152639737394	0.0737316656620454	0.09318696816633315
ZMYM3	300	2021	1877	873	34.58937722257682	0.4485341316285555	0.4550617611580659
JMJD1C	300	1870	1668	954	28.441323971915747	0.5410514369253261	0.5645169578622816
ATF6	300	246	79	70	0.1772043402936081	0.5853143974477719	0.8858198326426434
ZNF707	300	43	105	32	0.04116896142974378	0.5244739756367663	0.7439408909864486
DLX6	300	452	194	119	0.7995623233336373	0.438338199069428	0.6118021216622841
DNMT1	300	93	56	31	0.04748791830035561	0.44345238095238093	0.5531925364942331
BCLAF1	300	819	2357	673	17.60174158840157	0.5536331391231688	0.8178184211563205
FOXF1	300	163	254	111	0.37751436126561505	0.5589947345538863	0.6802410208172692
NCOR1	300	1147	3190	758	33.36308926780341	0.4492359788244104	0.6506940491544597
HIC2	300	431	259	146	1.0178626789459286	0.45122683173727257	0.5619851778366594
ZNF121	300	223	1018	197	2.0699735570347406	0.538462385579744	0.8823156796809958
KLF13	300	496	17	14	0.07688520105771861	0.42587760910815936	0.8227276694838999
NR1H3	300	994	855	590	7.749338925868515	0.6418099238707096	0.6872236137720601
CDX2	300	218	144	65	0.2862405398012218	0.3747770132517839	0.45029619782593683
ZNF281	300	506	3793	454	17.500300902708123	0.5084636875292431	0.8935516232740945
PPARA	300	718	827	576	5.414297437767849	0.749360880856066	0.8007257239523428
ATRX	300	279	368	154	0.9361903893498678	0.4852247935172199	0.550462894919597
MAF	300	277	906	190	2.28833774049421	0.4478168009499446	0.6833043079262663
AGO1	300	1277	380	331	4.424728731649494	0.5651269422577587	0.8695334763800536
HES1	300	41	153	32	0.05719886933527856	0.49481906583771723	0.7801811368187187
PBX3	300	1349	4410	1212	54.2453724810796	0.5866366116498489	0.894188445371671
HBP1	300	217	378	144	0.7479347132306009	0.522273425499232	0.662430969603941
DNMT3B	300	311	113	33	0.3204431476246923	0.19907236149446547	0.29002205693078575
CHD4	300	239	431	124	0.9392632442782894	0.4032657340620722	0.5169300004393269
XRN2	300	408	146	116	0.5431567429561411	0.5394171367177008	0.793753258160666
POU5F1	300	937	1543	599	13.183103857025623	0.5137395377340155	0.6341266311417523
MAU2	300	502	1133	310	5.186158475426279	0.44556988286922916	0.6135373374243979
KHSRP	300	264	228	188	0.5488465396188565	0.7683413078149921	0.8241380648484271
PCBP1	300	1017	104	96	0.9644205343302635	0.5087361016564557	0.9223569174697998
RARA	300	1387	10277	940	129.9735479164767	0.3845940413768602	0.6443988913207858
PBX2	300	1070	1658	1048	16.176347223488648	0.8057630519824583	0.979123641852186
NFE2L1	300	66	222	22	0.13360080240722166	0.2162162162162162	0.3319810930000243
ZNF407	300	817	3157	700	23.518455366098294	0.5392613178385038	0.8525485554248377
DNMT3A	300	96	1295	68	1.1335825658794565	0.38042149292149297	0.7048481353325644
POU2AF2	300	1111	155	125	1.570210631895687	0.45948143201416913	0.8044708258835912
SKIL	300	913	241	179	2.006318956870612	0.469397772152359	0.7405789151855805
ZNF175	300	261	0	0	0.0	0.0	0.0
ZHX3	300	123	198	45	0.22206619859578736	0.2965631929046563	0.3647066896713983
ZBTB3	300	28	57	8	0.014552749156560591	0.21303258145363407	0.28534284906248086
MEIS2	300	851	3559	216	27.616567885474606	0.15725512091125293	0.22879186630066042
NR5A2	300	674	54	2	0.3318683322695359	0.02000219804374107	0.031082350286724757
HNF1A	300	375	1469	274	5.023023616303456	0.458594054912639	0.7270100399565007
HNRNPL	300	344	1829	314	5.736992796571533	0.5422346052614848	0.9113116144504733
DUX4	300	516	13	8	0.06116531412419075	0.31544424567680385	0.613566436129054
ZBTB16	300	6	584	5	0.03195039664447889	0.4209474885844749	0.8324410709593043
ZSCAN4	300	594	627	519	3.3959879638916752	0.8507442849548112	0.8730113604520948
SIRT6	300	65	18	11	0.010668368742591411	0.39017094017094023	0.6108804849738202
HAND2	300	295	1461	254	3.929926142062551	0.5174352370677153	0.8591404487016728
PARP1	300	40	1	1	0.00036473055530227043	0.5125	1.0
ELL2	300	866	968	582	7.643731193580742	0.6366475483366099	0.6691350546144271
NFRKB	300	582	908	398	4.818601258320416	0.5610873942201432	0.6812094076469881
SALL4	300	153	1	0	0.0013950943740311844	0.0	-0.001397043381392843
ZNF7	300	417	586	248	2.228157198869335	0.5089662058748905	0.5925470763428127
ZBTB7B	300	818	472	355	3.5205252119996353	0.593051987070573	0.7502558675533316
IRF3	300	850	9890	721	76.65268532871342	0.46056860762505203	0.8331926709348803
MEF2D	300	720	1239	431	8.134220844351235	0.473236144740382	0.5940245921881708
TBXT	300	204	7	1	0.013020880824291054	0.07387955182072829	0.14125977798716366
ZKSCAN1	300	299	275	179	0.7497492477432297	0.6247856491334752	0.649954741201964
ZNF532	300	27	29	19	0.007139600620041944	0.6794380587484036	0.7036253334535911
CBX2	300	77	0	0	0.0	0.0	0.0
KAT2B	300	186	153	102	0.2594875535698003	0.60752688172043	0.666100373875026
MYOG	300	165	0	0	0.0	0.0	0.0
ZNF589	300	276	183	149	0.4605452721801769	0.6770313613684961	0.8137388979785407
HOXB7	300	6	7	6	0.000382967083067384	0.9285714285714286	1.0
TBX5	300	144	96	68	0.12605087991246466	0.5902777777777778	0.7079498627418755
CREB3	300	72	174	63	0.11423360992067111	0.6185344827586207	0.8748013626068533
GATAD2B	300	482	367	94	1.6129661712409957	0.22557576853935124	0.2528470505936365
PRMT1	300	307	164	101	0.4590863499589678	0.47242194327480735	0.6147752963224062
BANF1	300	256	128	98	0.29878727090361995	0.57421875	0.7650766241066043
MSX2	300	81	141	58	0.10413969180268078	0.5636984502232729	0.7156838444838275
FUS	300	78	592	55	0.42104495304094103	0.3990168052668053	0.7035278448120635
PHOX2B	300	244	273	157	0.607385793744871	0.6092670990211974	0.6425528347122534
IRF5	300	494	334	307	1.5044770675663355	0.7703095832626246	0.918795899078958
ZNF558	300	52	904	44	0.42863134859122826	0.44741320626276376	0.8448751660233189
HMG20B	300	193	422	127	0.742646120178718	0.4794894776907399	0.6567101405064789
SSRP1	300	310	333	162	0.9412783805963345	0.5045335658238884	0.5211266026581917
ZNF768	300	807	8949	493	65.85067019239537	0.3329972695335526	0.5763336923187782
XRCC6	300	314	1081	193	3.0950487827117716	0.3965940359539704	0.6108135315110039
MECP2	300	417	459	298	1.7452630619130118	0.6819328850644975	0.7134289162419778
ZNF362	300	521	1202	382	5.710239810340111	0.5255045174229771	0.7302488604686438
TAF15	300	82	272	70	0.203373757636546	0.5555057388809181	0.8532946827850333
HMGA2	300	17	76	16	0.011780796936263336	0.5758513931888545	0.9411356783164386
CREB5	300	110	123	73	0.12337011033099297	0.6285661492978567	0.6632586926159548
ZNF800	300	288	672	215	1.7647123187745053	0.533234126984127	0.7449650579725214
MLLT3	300	44	132	8	0.05295887662988967	0.12121212121212122	0.1808322226076795
HDAC4	300	48	107	43	0.04683140330081152	0.648851246105919	0.8957316034305985
ZNF785	300	40	71	31	0.0258958694264612	0.6058098591549296	0.7748542413708155
NKX2-5	300	321	25	24	0.07317406765751801	0.5173831775700934	0.9598825778013517
ZNF12	300	281	656	207	1.680824291054983	0.5261017923791338	0.7350701046135509
ZKSCAN8	300	160	328	109	0.4785264885565788	0.5067835365853659	0.6802938257942968
BAP1	300	594	5983	532	32.40541624874624	0.4922707491652837	0.8896000748692022
ZNF561	300	70	240	58	0.1531868332269536	0.5351190476190476	0.8281954543674365
ERCC6	300	13	56	6	0.006638096106501322	0.28434065934065933	0.4612633703443272
MBD1	300	50	157	39	0.07157837147807057	0.5142038216560509	0.7796846036543607
ZNF221	300	325	566	257	1.6773046411963162	0.6224164175047567	0.7896838020463185
ZNF354C	300	40	4	3	0.0014589222212090817	0.4125	0.7499087840919456
ZNF507	300	425	0	0	0.0	0.0	0.0
PSIP1	300	185	2	2	0.0033737576365460015	0.5054054054054054	1.0
TAF7	300	368	2481	267	8.325047870885383	0.4165806871352715	0.7191908988876616
CBX4	300	71	0	0	0.0	0.0	0.0
MYNN	300	205	465	181	0.8691985046047233	0.6360870705481249	0.8824283262291439
PPP1R10	300	212	58	25	0.11211817269991793	0.27447950553025374	0.42993250127115357
ZNF324	300	162	17	0	0.02511169873256132	0.0	-0.001479343974869416
RPA2	300	18	3	3	0.0004923862496580651	0.5833333333333334	1.0
YBX1	300	17	19	12	0.002945199234065834	0.6687306501547987	0.705831389107795
CBX1	300	265	1317	151	3.1823196863317222	0.34223291929915045	0.5645824993047707
SAFB2	300	199	3	0	0.0054436035378863865	0.0	-0.0018178330334061076
ZNF512	300	114	133	91	0.13825111698732562	0.7412280701754386	0.7980006435380563
ZNF239	300	83	0	0	0.0	0.0	0.0
E2F7	300	118	478	100	0.5143065560317316	0.5283313240195731	0.8467898560892895
LCORL	300	24	1765	16	0.3862496580651044	0.33786591123701604	0.6612143397741841
KDM6B	300	94	736	91	0.630837968450807	0.5458632053654024	0.9678694770872388
ZNF34	300	108	90	89	0.08862952493845172	0.9064814814814814	0.9888779361863095
CCNT1	300	112	115	79	0.11744323880733108	0.6961568322981366	0.705047855936679
ZNF264	300	163	211	115	0.3136044497127747	0.6252725845375513	0.7049538172037075
MEN1	300	122	6616	108	7.359824929333455	0.450784982258608	0.877878762908639
ZNF778	300	22	21	17	0.004212637913741223	0.7911255411255411	0.8094855919896048
ZNF548	300	317	0	0	0.0	0.0	0.0
ZNF549	300	53	0	0	0.0	0.0	0.0
BRF1	300	54	170	47	0.08370566244187107	0.5734204793028322	0.8701691188905801
PROX1	300	210	795	51	1.5222941551928513	0.15350404312668464	0.2373285222240446
FOXN3	300	83	52	40	0.03935442691711498	0.6255792400370714	0.7690559871292988
ZBTB5	300	189	364	172	0.6273000820643749	0.6912901912901912	0.9097533771751106
PHC1	300	94	71	60	0.060855293152183826	0.7416841474378184	0.8449375158742481
CASZ1	300	21	486	10	0.0930610011853743	0.2483833039388595	0.47385889437838447
ADNP	300	53	610	45	0.2947934713230601	0.4614135477884318	0.8482123394081154
ZNF133	300	33	18	18	0.005416248746238716	0.7727272727272727	1.0
NFKBIZ	300	7	116	6	0.00740403027263609	0.4544334975369458	0.8569915944909099
ZSCAN5A	300	57	15	15	0.007796115619586031	0.631578947368421	1.0
ZNF311	300	34	9	1	0.002790188748062369	0.07026143790849673	0.11083545145349662
CIITA	300	127	0	0	0.0	0.0	0.0
SIRT1	300	118	101	39	0.10867146895231147	0.35832354421882867	0.38547741512868977
LMNB1	300	33	89	19	0.02678034102306921	0.39462036091249575	0.5754130125964659
HOXA13	300	48	7	2	0.003063736664539072	0.1636904761904762	0.2854015226349247
ZBTB1	300	35	78	28	0.02489286039937996	0.5794871794871795	0.7998576538433463
SIX1	300	37	323	14	0.10897237166043586	0.2108610158145762	0.37654217085751557
ZNF207	300	27	219	16	0.05391629433755813	0.3328259766615931	0.5917774129942132
LIG4	300	16	29	13	0.0042308744415063375	0.6303879310344828	0.8124504063261007
ZNF8	300	62	42	35	0.023743959150177806	0.6989247311827957	0.8332390579763034
ORC1	300	116	3	0	0.0031731558311297527	0.0	-0.0010588385636307208
GLI2	300	16	982	0	0.14326616212273183	0.0	-0.009035036066539085
ZNF138	300	136	2	0	0.0024801677760554392	0.0	-0.0012416236054558403
KDM3B	300	51	3	1	0.0013950943740311844	0.1764705882352941	0.33302316812474725
TEAD2	300	83	26	19	0.01967721345855749	0.47984244670991655	0.7305653183175153
STAT6	300	39	4	4	0.0014224491656788546	0.5512820512820513	1.0
ZNF577	300	68	215	10	0.13330901796297984	0.09678522571819426	0.14538341031904062
MYRF	300	115	0	0	0.0	0.0	0.0
CDT1	300	28	41	8	0.010467766937175162	0.24041811846689895	0.2854471509754327
ZNF510	300	75	10	0	0.006838697911917571	0.0	-0.0006843377891327159
IRF8	300	41	726	16	0.27141424272818454	0.20614123496606868	0.38618050356594036
ASCL2	300	41	236	23	0.08822832132761922	0.3292166184373708	0.5600288312768538
KAT7	300	58	2776	45	1.468113431202699	0.39603622180264336	0.7700412848564773
ZFP1	300	25	93	17	0.02119996352694447	0.4313978494623656	0.6797284101590663
ZNF416	300	29	9	2	0.0023798668733473146	0.14559386973180077	0.22201650031567674
SETDB1	300	143	491	105	0.6402206619859578	0.47405751071738855	0.733070673636167
NFATC3	300	46	1126	40	0.47228959606091	0.45254459803845853	0.8682121295631665
NSD2	300	7	1	1	6.382784717789733e-05	0.5714285714285714	1.0
FOXO3	300	3	9	3	0.00024619312482903255	0.6666666666666666	1.0
ZNF23	300	18	17	12	0.002790188748062369	0.6862745098039216	0.705834071855131
ZNF398	300	10	3282	6	0.2992614206255129	0.3009140767824497	0.5876602624356131
PRDM2	300	9	5	5	0.00041032187471505424	0.7777777777777778	1.0
CDC45	300	2	127	2	0.0023160390261694175	0.5078740157480315	1.0
DEK	300	16	48	4	0.007002826661803593	0.16666666666666666	0.24967159876667094
RARB	300	19	12	11	0.0020789641652229417	0.7478070175438596	0.9166522269138753
ZSCAN18	300	25	11	9	0.0025075225677031092	0.5890909090909091	0.8181403620776141
PHF19	300	10	14	4	0.0012765569435579465	0.34285714285714286	0.39992339680455247
TSHZ1	300	67	0	0	0.0	0.0	0.0
ZNF114	300	28	29	12	0.00740403027263609	0.4211822660098522	0.4284202859462115
ZNF524	300	39	60	11	0.021336737485182822	0.2326923076923077	0.28165828028979206
ZNF101	300	43	126	10	0.049402753715692534	0.15596160944998155	0.23167541045416173
TOP2A	300	4	5	2	0.00018236527765113522	0.45	0.499977203300962
AEBP2	300	22	14	10	0.0028084252758274826	0.5844155844155844	0.7142283879844072
ZNF354B	300	7	206	6	0.01314853651864685	0.44313453536754505	0.8568740146793206
FOXB1	300	3	2	2	5.470958329534057e-05	0.8333333333333333	1.0
BRF2	300	10	5	5	0.00045591319412783806	0.75	1.0
ZNF624	300	20	11	9	0.0020060180541624875	0.6340909090909091	0.8181486548107615
ARID1B	300	26	5186	23	1.2294702288684234	0.44452520098490017	0.87888833917891
ZNF512B	300	15	96	10	0.013130299990881736	0.38541666666666663	0.6663746265841654
BPTF	300	2	746	0	0.013604449712774688	0.0	-0.006848812015717381
RAG1	300	1	4775	1	0.043539710039208535	0.5001047120418848	1.0
ZNF302	300	17	10	7	0.0015501048600346495	0.5558823529411765	0.6999534896446062
CAMTA2	300	18	137	18	0.022485638734384972	0.5656934306569343	1.0
EN1	300	12	327	9	0.03578006747515273	0.3887614678899083	0.7492523526883293
GLI4	300	16	125	9	0.018236527765113524	0.31725	0.5620007759368296
SUV39H1	300	1	1	1	9.118263882556761e-06	1.0	1.0
PTBP1	300	14	149	12	0.019020698459013403	0.46883988494726747	0.8569485043311981
POU3F2	300	8	156	7	0.011379593325430837	0.4599358974358974	0.8748219405738079
SOX1	300	10	14	4	0.0012765569435579465	0.34285714285714286	0.39992339680455247
MRE11	300	9	4	1	0.0003282574997720434	0.18055555555555555	0.24993844666745696
TOP1	300	19	16	11	0.0027719522202972555	0.6332236842105263	0.6874458509270321
ZFP41	300	13	188	12	0.022285036928968726	0.49345335515548283	0.922944832519009
SMC1B	300	11	1	1	0.00010030090270812437	0.5454545454545454	1.0
GLI1	300	13	12	11	0.0014224491656788546	0.8814102564102564	0.9166567873763949
SALL2	300	8	16	7	0.0011671377769672654	0.65625	0.8749817608112791
SNAI1	300	3	84	0	0.0022978024984043038	0.0	-0.0007665212709652693
HOXA9	300	1	28	1	0.0002553113887115893	0.5178571428571429	1.0
ZNF593	300	5	1	1	4.5591319412783804e-05	0.6	1.0
ZC3H8	300	29	127	24	0.03358256587945655	0.5082812924246538	0.8273863168832771
TAF2	300	12	71	8	0.007768760827938361	0.3896713615023474	0.6664507279567636
HDGF	300	10	272	6	0.02480167776055439	0.3110294117647059	0.599005466279091
OVOL2	300	5	5	0	0.00022795659706391903	0.0	-4.55933980759586e-05
SAMD1	300	19	5	4	0.0008662350688428924	0.5052631578947369	0.7999653445933006
ZNF140	300	21	23	3	0.004404121455274915	0.13664596273291924	0.1426773450905438
HOMEZ	300	5	825	2	0.03761283851554664	0.20121212121212123	0.39545224861040934
MTF1	300	6	105	6	0.005744506246010759	0.5285714285714286	1.0
FOXP3	300	4	33	2	0.0012036108324974925	0.2803030303030303	0.4998495033610916
PCBP2	300	18	28	7	0.0045956049968086075	0.3194444444444444	0.38873282541767246
TERF1	300	3	40	3	0.0010941916659068112	0.5375	1.0
MAPK1	300	4	56	1	0.0020424911096927146	0.13392857142857142	0.24961683726531284
QKI	300	6	1	0	5.470958329534057e-05	0.0	-5.471257659760724e-05
ARID3B	300	4	1	1	3.6473055530227045e-05	0.625	1.0
TFAM	300	3	5	2	0.0001367739582383514	0.5333333333333333	0.666651468867308
ZMYND11	300	5	0	0	0.0	0.0	0.0
ZNF530	300	11	41	5	0.0041123370110330995	0.2882483370288248	0.45434146074487586
WRN	300	2	1	1	1.8236527765113522e-05	0.75	1.0
ZBTB4	300	13	663	12	0.07859031640375673	0.4705882352941177	0.9226090632147124
HNRNPA2B1	300	3	1	1	2.7354791647670285e-05	0.6666666666666666	1.0
TET3	300	6	2	0	0.00010941916659068114	0.0	-5.471257659760724e-05
KAT6A	300	5	9	4	0.00041032187471505424	0.6222222222222222	0.7999835857779886
MCM5	300	6	2	1	0.00010941916659068114	0.3333333333333333	0.4999726437117012
NKRF	300	1	2601	1	0.023716604358530135	0.5001922337562476	1.0
DPF1	300	1	0	0	0.0	0.0	0.0
TFCP2	300	1	381	1	0.003474058539254126	0.5013123359580053	1.0
DDX11	300	1	1	1	9.118263882556761e-06	1.0	1.0
ZHX1	300	2	65	2	0.001185374304732379	0.5153846153846153	1.0
ATR	300	3	41	2	0.0011215464575544817	0.35772357723577236	0.6665420037885353
HMGB2	300	3	374	0	0.010230692076228686	0.0	-0.003421900161030596
PAX6	300	1	104	1	0.0009482994437859032	0.5048076923076923	1.0
SMYD3	300	1	0	0	0.0	0.0	0.0
SMC2	300	1	3	1	2.7354791647670285e-05	0.6666666666666666	1.0
HMGN2	300	1	5	1	4.5591319412783804e-05	0.6	1.0
NR4A2	300	2	1	0	1.8236527765113522e-05	0.0	-1.82368603421235e-05
MKI67	300	2	1	1	1.8236527765113522e-05	0.75	1.0
ZNF410	300	1	3	1	2.7354791647670285e-05	0.6666666666666666	1.0
WDR77	250	3414	3735	2579	116.2696270630072	0.722957089047461	0.7467955516155979
EP400	250	4134	7975	3291	300.616850551655	0.6043729270079302	0.7800898143663738
ATF3	250	4527	12455	3355	514.1222303273456	0.5052393165872068	0.7079402694850572
BCL11B	250	11802	4968	3986	534.6251116987326	0.5700371549242043	0.7784983168034607
FOXA1	250	20490	23307	15611	4354.522020607276	0.7158413093396369	0.6976228404122164
MNT	250	9049	10116	7293	834.6829944378591	0.7634412688162655	0.7862269012979456
ZBTB17	250	4450	5888	3481	238.91310294519923	0.686724818331705	0.7698931359792859
RUNX2	250	12651	3989	3523	460.15171879274186	0.5808273756704148	0.8679455836960561
SMAD1	250	4113	1668	1121	62.55570347405854	0.47230639995662116	0.6592843481498136
ZIC5	250	550	913	504	4.578736208625878	0.7341949616648412	0.9156615206377521
FOXJ3	250	306	778	144	2.170766845992523	0.32783910479358835	0.46680575032790184
HDAC1	250	18774	23213	15157	3973.747259961703	0.730146512422456	0.755612281524414
E2F5	250	1865	2450	1532	41.66362724537248	0.723376921814302	0.8173677633069337
KLF11	250	7694	7488	6125	525.3275462751892	0.8070251454402254	0.8042418325637539
BRD4	250	38680	38758	32404	13669.73137594602	0.8369026285823208	0.7490630710793739
JUN	250	27681	23467	20918	5923.133281663171	0.8235300878472385	0.8547070585450931
FOXP1	250	14438	1341	1137	176.54197136865142	0.46331261991023565	0.8248112040244402
ZNF217	250	4585	247	202	10.32638825567612	0.4309352359171563	0.8098647345247215
GATA3	250	9845	8550	5662	767.5275827482448	0.6186682467129394	0.6289097030915213
EBF1	250	10259	12151	7932	1136.6564146986414	0.7129802761589794	0.7449120417093864
PAX5	250	12941	5090	4735	600.6172152822103	0.6480733779071983	0.9209245419641097
IRF2	250	3319	2032	1748	61.49546822285037	0.6934504392509839	0.8558744750798074
TBX21	250	1348	10201	1266	125.38477249931613	0.5316373096603958	0.9329306570411139
RAD21	250	24854	24666	19688	5589.9404030272635	0.7951649340573501	0.7390446399742858
RBPJ	250	11035	10867	8744	1093.4379958055986	0.7985128756811619	0.7827813442950586
EP300	250	25416	32519	19128	7536.271578371478	0.6704033794901221	0.648316805953629
TCF4	250	5524	3199	2297	161.1313577094921	0.5669293773692403	0.7030813026464814
ZFX	250	16302	15663	12794	2328.241323971916	0.8008205751378565	0.7848479998998703
SMAD3	250	10947	17784	9754	1775.1568159022522	0.7197454530952534	0.8699279985435819
YY1	250	17694	18433	14562	2973.953697456004	0.8064935234084961	0.7872289301522978
NPM1	250	13185	5456	3965	655.9438314944834	0.5137216948189369	0.6893786348203882
E2F6	250	6544	12398	4479	739.787653870703	0.5228558558620742	0.6442239055266296
ATF7	250	6324	2593	1926	149.52249475699827	0.523661536570141	0.7270283853365503
MED1	250	18047	27969	15669	4602.5033555211085	0.7142301709598642	0.8231246536867152
ASCL1	250	20093	21561	16060	3950.2614479803046	0.7720733716459269	0.7501663062308959
GABPA	250	13278	10200	9403	1234.9375398924044	0.8150133126002321	0.9110993366140547
ZBTB40	250	4652	5512	3980	233.80891766207714	0.7888034798148524	0.8479015534917956
JUND	250	8772	9961	6651	796.7346767575453	0.7129559900575309	0.7340527350458508
ZEB1	250	5688	5489	3243	284.6852557673019	0.5804828394802647	0.5684350177919263
STAT3	250	14624	10543	9688	1405.8615118081518	0.7906880927974238	0.9064258464392394
ZNF382	250	1586	3	3	0.04338469955320507	0.5009457755359394	1.0
MYOD1	250	7210	7942	6154	522.1283851554664	0.8142022729979592	0.8421022320978648
TEAD4	250	5352	6433	3507	313.93650041032186	0.6002134192459145	0.6337878631044914
RBBP5	250	6181	9699	5431	546.6355338743504	0.7193075227175718	0.8668882702727037
EBF3	250	2694	2876	1942	70.64779793927237	0.6980522832896057	0.7133438661384165
CHD2	250	7990	5816	5085	423.7242637001915	0.7553663838739277	0.864435715874275
MYC	250	30871	32644	26347	9188.957089450168	0.830277772034527	0.7913480745950024
NR2C2	250	7702	4585	4162	321.9993617215282	0.7240608806731217	0.9007741176011598
POLR2C	250	15544	19139	14953	2712.652648855658	0.8716315936178582	0.9539409242204566
AHR	250	4537	2653	2014	109.75345126287955	0.6015231300441211	0.748746341436184
MCM7	250	2198	2166	1352	43.410850734020244	0.6196483498387269	0.6165060957361945
NEUROD1	250	13932	8081	6500	1026.5751071396007	0.6354538598442137	0.7758853451540623
MYCN	250	23338	22016	18671	4685.049767484271	0.8240453763742683	0.8069926948538444
RUNX1	250	25433	26311	21121	6101.647332907814	0.8166002964790604	0.7769426654069412
NFE2L2	250	4010	702	355	25.668095194674933	0.29711334200112255	0.48693829533314675
KMT2A	250	22908	26976	19526	5634.778955046959	0.7880972870283548	0.804205597137995
MAX	250	31380	28443	24414	8138.427464210814	0.8181798738868499	0.8015717891672718
GABPB1	250	8114	14266	6921	1055.4784717789732	0.6690548337529059	0.8309844355889251
MAZ	250	17106	13344	10914	2081.357381234613	0.7279587151043809	0.7842424658000577
FOXL2	250	4366	4144	2846	164.97404942099024	0.6693156534258229	0.6737895112719431
BCOR	250	22946	25564	18471	5348.696489468405	0.7637582054882128	0.7456996751052335
MXI1	250	1997	14614	1880	266.10885383423	0.5350279422144028	0.932404761409072
NRF1	250	12068	12848	10264	1413.7837512537612	0.8246964791874686	0.8306773620995078
CTCF	250	46103	42093	36746	17695.02670739491	0.8350065801533795	0.7808424521220109
MITF	250	13767	14277	10916	1792.208069663536	0.7787484904907269	0.761916531277893
TET1	250	11542	301	123	31.678143521473512	0.2096473028448463	0.33908074774394603
RREB1	250	1677	1242	1149	18.99183003556123	0.8051364150959702	0.9239579895834186
SNAI2	250	8502	6127	5411	474.98635907723167	0.7597893420904966	0.8733194847910694
ZFY	250	11397	7184	6060	746.5674113248838	0.6876300380301696	0.8253962298607418
ZNF792	250	780	492	328	3.499224947569983	0.5435897435897435	0.6642789359292252
SIN3A	250	10905	15085	8927	1499.9719613385612	0.7051976139488945	0.7896869640506124
GATA1	250	19628	14045	11447	2513.679766572445	0.6991103064525993	0.7747005592240175
CDK9	250	20528	22244	17347	4163.625713504149	0.8124458329940322	0.8056143214332971
TFAP2C	250	8793	16760	8103	1343.76474879183	0.7025005211348689	0.9073730421001148
KDM5A	250	10409	7651	6133	726.1717789732835	0.6953981076092132	0.7807887861549102
ATF2	250	3533	8284	2473	266.86762104495307	0.4992494884747425	0.6754571226720664
RXRA	250	10732	5614	4730	549.3703656423817	0.6416372478632502	0.8254561411553002
ZFP37	250	665	0	0	0.0	0.0	0.0
BMAL1	250	7728	7082	5649	499.0398103401112	0.7643171451198998	0.7823167756276471
GMEB1	250	8020	5428	4908	396.9413695632352	0.7580852584823865	0.8966420313899508
POU2F1	250	8542	8353	4292	650.6002188383331	0.5081429040295622	0.4727617216218392
SIX5	250	3381	3104	2688	95.69275098021336	0.83050521867196	0.8617162525086001
SMC1A	250	22472	15913	13775	3260.663226041762	0.7393147448556439	0.831019357277894
HNF4A	250	7105	7598	4946	492.23844260052886	0.6735451327148391	0.6735100787682042
ONECUT2	250	2749	1651	743	41.384143339108235	0.360155193265587	0.43589024906624396
TAF1	250	22065	16077	13956	3234.6038570256223	0.7502836514975284	0.8348439047988467
USF1	250	7027	8866	6088	568.080441323972	0.7765203667552671	0.8546196478420797
ZNF629	250	3076	3948	2395	110.73263426643567	0.6926224270523305	0.7703411139684767
PML	250	4288	7421	3266	290.1545363362816	0.6008814299175192	0.7443623048242051
BHLHE40	250	10239	9037	6258	843.7115254855476	0.6518394719420415	0.6608199493226451
GTF2B	250	5669	2169	1748	112.11872891401477	0.5571224801178198	0.7953211952881841
HMBOX1	250	916	65	54	0.5429014315674295	0.4448605979173665	0.8293438543728189
NR5A1	250	2222	1404	35	28.446138415245738	0.02034017504314534	0.004764525597858931
OLIG2	250	6846	4918	3458	306.99943466763926	0.604121914323328	0.6833659030586644
E2F1	250	20508	18124	14623	3389.140074769764	0.7599347679081543	0.7624001844764536
RUNX3	250	2655	10421	2412	252.28189112792924	0.5699651453469933	0.8988645404957332
ESR1	250	33994	31372	26357	9724.261584754262	0.8077433925289904	0.7683360772473067
RBL2	250	1729	1753	1484	27.636883377404942	0.852424184336395	0.8559978186864932
ELF2	250	1151	900	833	9.44560955594055	0.8246370306014095	0.9247659652022022
HOXB13	250	6128	10778	4253	602.2392997173338	0.5443137632407569	0.6606802028354058
CREBBP	250	11797	5179	4075	557.095495577642	0.5661291190322457	0.7611374274514621
FOXM1	250	2928	2488	1462	66.42531230053798	0.5434687593344227	0.5763087526428029
SRF	250	6932	7236	4314	457.37167867238077	0.6092584777593089	0.5956524652733765
ZNF76	250	1812	3708	1459	61.264666727455094	0.5993306043135658	0.7983704371007592
ARID2	250	5934	7895	3486	427.18090635542995	0.5145036823679858	0.5554602469463286
ERG	250	20484	32687	18810	6105.229397282757	0.7468679066716999	0.883578363807845
PPARG	250	2848	2796	1851	72.60880824291056	0.6559734713314366	0.6530061480479781
EZH2	250	10851	12227	5761	1209.7672745509255	0.5010445850017596	0.47205921224529773
RUNX1T1	250	7318	5315	4217	354.65642381690526	0.6848326026084988	0.7786443654282323
KMT2B	250	12810	13252	10042	1547.8993343667366	0.770845612569225	0.7542199202279678
KDM5B	250	20363	19199	14762	3564.7783076502233	0.7469182552721032	0.7161994957400958
MYB	250	12107	10548	9204	1164.444570073858	0.816401919817539	0.8567707080715162
PBRM1	250	4574	8533	3958	355.8853104768852	0.6645859991285664	0.8539631931938667
ZNF274	250	2979	759	502	20.61695085255767	0.4149547491199928	0.6519421724310446
ERF	250	3849	51	45	1.7899060818820096	0.44702214478932645	0.8780737949823147
ARID4B	250	10166	3229	2603	299.3162578645026	0.531090753205674	0.7863250592558165
HMGB1	250	5012	3489	3119	159.4498769034376	0.7581294431913136	0.8888738759529798
RFX5	250	3208	2172	1677	63.53402024254582	0.6474275292431904	0.7652321617933139
PRDM4	250	508	30	14	0.13896234157016504	0.24711286089238846	0.46418472850747816
AR	250	23581	24973	19284	5369.6390352876815	0.7949854966810999	0.7640483867006873
E4F1	250	2678	5925	2416	144.68086076411052	0.6549647542249238	0.8965783679039249
SKI	250	1465	8073	832	107.84120543448527	0.33548883502882615	0.5335844246563273
UBTF	250	3275	10104	2009	301.7288228321328	0.40613363009434705	0.5742063456163107
STAT5B	250	967	1270	681	11.198048691529133	0.6202301948554259	0.7007748314298035
SREBF1	250	675	2647	536	16.29183003556123	0.49828373140802307	0.7889809078768462
FOS	250	8224	8891	5031	666.7236618947752	0.5887996094179092	0.5774932849947161
TBP	250	15910	12948	10429	1878.3867967538981	0.7304761326406044	0.7724401066460644
SMARCA4	250	22391	20600	14313	4205.841159843166	0.6670179365148878	0.6165097544010464
ATF4	250	7054	9359	5576	601.9730646484909	0.6931318193692284	0.7709247009026198
STAT1	250	15973	19655	11888	2862.6726999179355	0.674544653808211	0.6884135760688118
SMAD4	250	8061	9317	5629	684.8211634904715	0.6512324448054179	0.6702899897217184
THRA	250	3566	470	441	15.282392632442782	0.5309829238314578	0.9362241542220319
BRD7	250	2118	2505	770	48.377769672654324	0.3354678744494015	0.3486734051040846
KDM2B	250	16994	15733	11841	2437.9192304185285	0.7246986050262179	0.7072601462561464
ZBTB33	250	5696	3450	2809	179.18482720889943	0.6536779942191825	0.8040243895979569
FOXO1	250	7647	2876	1911	200.53589860490564	0.45718322819879187	0.6393149138137154
THAP11	250	7466	7503	6600	510.78141697820735	0.8818278207067026	0.8754891755502882
ZBTB7A	250	16459	12398	9812	1860.6609100027356	0.693782987385952	0.754586999819072
EGR1	250	16190	22268	14437	3287.3066472143705	0.7700263636649083	0.8641368935872962
NCOA2	250	328	359	277	1.0736938086988237	0.8080499694272709	0.8440015409155931
REST	250	11029	11025	7090	1108.7327892769217	0.6429672833258187	0.6031772927876692
SMARCE1	250	383	1068	42	3.729771131576548	0.07449320855458093	0.10090491147329197
ELF1	250	13650	15968	11139	1987.4459742864958	0.7568133106873087	0.7846955311449132
MBD3	250	665	14295	399	86.67981216376403	0.31395592864637983	0.5400471821756225
BCL6	250	9297	6832	4653	579.1657153278015	0.5907718730375364	0.6515180315362806
TET2	250	5816	8202	2991	434.9670101212729	0.439469065484414	0.4750078646026537
MEF2B	250	3741	1726	1384	58.876319868697	0.5859042776437107	0.7948562520729932
TFAP4	250	10148	14773	9134	1366.977331995988	0.7591844785711375	0.8845237009016298
SFPQ	250	6662	166	115	10.083815081608462	0.35501658389788515	0.6729011806779776
HEY1	250	12959	10548	8109	1246.3894592869517	0.6972570290601469	0.7377873445330221
SATB1	250	326	68	52	0.2021336737485183	0.4621075424034644	0.7640043726006644
BMI1	250	12000	7524	5862	823.2698094282848	0.6338034290271133	0.7519673300174774
ARNT	250	5544	13070	4594	660.7101303911735	0.5900677724893486	0.8054590193565349
SP1	250	15047	16583	11842	2275.2293334549104	0.7505527685847445	0.7490559387826066
MLX	250	433	153	131	0.6040758639555028	0.5793747830155926	0.8556391837595309
KLF5	250	9774	7717	5946	687.7537886386432	0.68942767687485	0.7480526436621986
TFAP2A	250	17787	17871	14072	2898.436008024072	0.7892802788342033	0.7504796297344614
CXXC5	250	9072	1692	1593	139.96374578280296	0.5585422998986829	0.9362128302538056
ONECUT1	250	2107	1934	1617	37.15635998905808	0.8017664317837474	0.8328802684030554
CEBPD	250	4679	2096	1915	89.42449165678855	0.6614602621914711	0.9097965667140789
REL	250	4226	1067	644	41.115546639919756	0.377975676969144	0.5876728625582075
CREB1	250	16699	21320	15378	3246.3087444150633	0.8210940128870442	0.9018040349768986
PHF20	250	5517	6635	4994	333.7767393088356	0.8289386549131759	0.8990975357040167
ETV6	250	15789	17243	14099	2482.444852740038	0.8553142975236114	0.8729949275904065
NR3C1	250	16006	17212	12556	2512.038588492751	0.7569734409089968	0.7443300825613787
ZBTB26	250	14815	382	353	51.603264338469955	0.4739554858967404	0.9122267357093121
FOSL2	250	5696	9245	4877	480.1633992887754	0.691871640683394	0.842978209883277
NONO	250	10959	7567	6872	756.1480167776056	0.7676091695040803	0.8979569660723743
KDM6A	250	11592	8744	6699	924.2313121181727	0.672011946908522	0.7384833130461896
CEBPG	250	2090	2688	1780	51.22567703109328	0.7569385110503531	0.8479478594037955
GATAD1	250	7287	1595	1323	105.97943831494483	0.5055116403024582	0.8173295876504282
MAFK	250	1995	1577	1126	28.687106774870063	0.6392124890539601	0.7087152073890125
MYBL2	250	4394	3735	2288	149.64520835232972	0.5666468635884763	0.5964137207924622
IKZF1	250	9628	10784	5451	946.7343120269901	0.5358161323797184	0.5188489616454433
CXXC1	250	9039	7296	2852	601.3362268624054	0.3532103756528726	0.33618772344750236
TP53	250	9418	8063	4809	692.4166499498496	0.5535230470429736	0.5585152700324786
POU2F2	250	7752	6605	4474	466.87298258411596	0.6272535074829166	0.6528256919490827
EPAS1	250	1166	5350	929	56.88064192577733	0.4851929273336432	0.7863169565343211
MED12	250	12725	17047	11648	1977.9618400656516	0.7993254198521758	0.899786342620879
KLF9	250	3532	4376	1738	140.93217835324154	0.44461942107780317	0.4709631023749905
TRIM28	250	4443	16717	3682	677.2465669736482	0.5244870820978175	0.7979156061238928
MAFB	250	8265	9224	6458	695.143247925595	0.7407486532672861	0.761290066749966
SPI1	250	21526	14047	13091	2757.141624874624	0.7700455246866678	0.9153222327300112
ZIC2	250	6504	3882	3313	230.2227409501231	0.6814024564125085	0.8441854583025573
TCF3	250	5671	11605	1757	600.0907723169508	0.23061107970428776	0.22814630981112102
TCF21	250	2590	2647	2559	62.51235524756086	0.977392852402297	0.987734855968787
TCF12	250	10014	7718	2750	704.7328531047689	0.3154627315487263	0.291628295922061
DDIT3	250	2863	3546	1523	92.57042035196498	0.48072875450222696	0.51632049778712
SIX2	250	1191	570	389	6.1901158019513085	0.5045362145918953	0.6789697997979396
NFYB	250	5754	6704	5255	351.7353515090727	0.8485690508543191	0.9076313301053492
KLF4	250	9367	3375	2332	288.26137503419346	0.46996103736917233	0.6621029096651959
POLR3C	250	134	116	107	0.1417342937904623	0.8604606278950078	0.9223188786303606
GTF2F1	250	5756	4146	2624	217.6016777605544	0.5443856566792277	0.6125647464556598
ETS1	250	10867	15194	9242	1505.5457098568434	0.7293655653135614	0.8264158591565212
CEBPB	250	11379	9287	7575	963.5887024710495	0.7406781336897938	0.7943151024498505
NR4A1	250	1074	194	117	1.8998449895139966	0.35601566549559405	0.5991674239107363
KDM2A	250	11742	0	0	0.0	0.0	0.0
SOX13	250	3871	78	73	2.7531503601714236	0.4773778060396505	0.933552035415002
TP53BP1	250	13457	8146	5281	999.5506701923954	0.5203644024530326	0.5991016142729538
TCF7	250	6433	7699	5313	451.60633719339836	0.7579936684681716	0.8127526688363007
ZNF384	250	8767	5413	2771	432.71424272818456	0.41399369530841673	0.4695083517763287
JUNB	250	2710	2422	1574	59.84881918482721	0.6153439717716748	0.6410051960741323
PGR	250	11947	12295	8143	1339.3668733473146	0.6719477271055472	0.6413903125625556
FOXF1	250	230	330	171	0.6920762286860582	0.6308300395256917	0.7427040503892923
ZBTB48	250	4083	3502	2542	130.37900975654236	0.674226183057916	0.715270487763015
TAL1	250	8111	7835	2768	579.4627974833592	0.3472757418073748	0.30163682459756797
RELA	250	18203	21058	15131	3495.201732470138	0.7748879409178117	0.7911312118835626
FOXK1	250	5304	4589	4323	221.939053524209	0.8785402753387256	0.9390894692654423
SOX10	250	1563	2973	740	42.37073949120087	0.3611776623004352	0.4587766910886444
ZNF341	250	5248	280	265	13.398741679584207	0.49846199912891986	0.9437361995419683
CHD8	250	6993	11208	5015	714.6671286587034	0.5822969841974125	0.6849482114863683
ZNF547	250	1607	584	424	8.55738123461293	0.49493653621570016	0.7219531630394699
SAP30	250	8016	5583	4397	408.0726543266162	0.6680486756202801	0.7708180384423016
ATF1	250	8379	10698	7393	817.3478800036473	0.7866943050010786	0.8696052153215856
ZNF362	250	662	1624	490	9.802936080970182	0.5209527034066048	0.7362760283426333
GLYR1	250	1301	3899	936	46.25329625239355	0.4797540668994336	0.7091046352942482
HES2	250	112	82	74	0.0837421354974013	0.7815766550522648	0.9023392888230714
NR2F1	250	5303	1790	1652	86.55393453086532	0.6172134040287094	0.918987749129589
MECOM	250	18675	14495	12998	2468.260463207805	0.7963668587192279	0.8755273617242331
ZBTB8A	250	4278	4430	3268	172.80514270082975	0.7508029426632348	0.7539702656978177
VDR	250	1946	2120	826	37.61758001276557	0.4070415365820551	0.41311553267845974
NFATC1	250	3820	412	99	14.350688428923133	0.13310374625120724	0.2128742817047388
PDS5B	250	457	892	368	3.7170055621409683	0.6089038474747575	0.8036546680724836
NFIC	250	7002	0	0	0.0	0.0	0.0
SOX2	250	2028	1090	649	20.156104677669372	0.4577162839512875	0.587790329104853
ZNF366	250	2412	3298	1644	72.53374669462934	0.5900379847276656	0.671719992149956
ZNF777	250	2736	3101	2132	77.3624145162761	0.7333799604353246	0.7728159703684827
ZNF711	250	7646	2112	1626	147.24493480441325	0.49127328906380047	0.7526409227240649
SMARCC1	250	11888	8190	5632	887.7789732834868	0.5807114673871067	0.6496956212854844
RUVBL2	250	12683	13474	10616	1558.2268806419258	0.8124568620575128	0.8141984579979218
SMAD5	250	8622	3736	3242	293.7156195860308	0.6218939325076978	0.8564906482419702
ZBTB11	250	3215	6700	2999	196.4119631622139	0.6902134351570297	0.9284433657842633
FOXA2	250	9917	12817	6979	1158.9877724081334	0.6241261233943534	0.6645357503904922
MAFG	250	562	659	498	3.377021975015957	0.8209057182509896	0.8854325680868472
KLF10	250	2243	5589	1350	114.30771405124464	0.42170919295887793	0.5804936176569123
ZBTB1	250	46	108	35	0.04529953496854199	0.5424718196457328	0.760633844009705
TBL1XR1	250	1232	801	257	8.998194583751253	0.2647264174651815	0.3131328788902287
BAP1	250	852	6928	789	53.82197501595696	0.5199710096607357	0.9210702399364359
ESRRG	250	1149	393	275	4.117415884015683	0.4695420511696198	0.6965665092247832
TBX2	250	7539	1643	1415	112.94407768760829	0.5244600667319147	0.8509858387035809
GTF3C2	250	1595	287	209	4.174022066198596	0.4296287396371501	0.7242120381945367
KMT2D	250	6250	9887	4214	563.4517187927419	0.5502281217760696	0.6419620656825311
SMARCA2	250	2318	232	138	4.903583477705845	0.3271808336556485	0.5860788935400397
OGT	250	8195	873	834	65.23420260782348	0.5285479160245645	0.9517186786988144
GATA2	250	9142	4149	2439	345.8571897510714	0.4273215655995949	0.5503718673430318
CTCFL	250	6122	14475	5386	808.0236163034558	0.6259338301964827	0.8614973144671715
ZNF331	250	2483	4911	2321	111.18822832132761	0.7036844228393064	0.9316977839749303
ARID1A	250	5887	7515	3935	403.3993343667366	0.5960206872365907	0.6440295129013416
HIF1A	250	4497	19722	4080	808.6973101121547	0.5570735423859289	0.886939865010732
PBX1	250	5053	7359	3362	339.062888665998	0.5611014347253264	0.6412765041064661
YY2	250	935	1414	558	12.055165496489469	0.49570831032683105	0.5915248821964494
ZNF687	250	13264	12998	9583	1572.038588492751	0.7298745888993593	0.7011192426607791
ZSCAN30	250	125	392	58	0.4467949302452813	0.30597959183673473	0.4620772708138875
PHF6	250	3021	5306	2036	146.1605361539163	0.5288327854035447	0.6573721724682934
SMAD2	250	4864	7244	1920	321.2803501413331	0.32989188875003633	0.3519300712093043
NFKB1	250	1646	4009	1509	60.169727363909914	0.6465855076381908	0.9136099225976636
STAT5A	250	5495	9570	4863	479.50351053159477	0.6965684107239125	0.8739905408513234
ISL1	250	722	1398	122	9.203574359441962	0.12812129714392145	0.15824493724024075
ETV5	250	2769	6285	1940	158.68665086167593	0.5046426899934581	0.6824136074415523
HNF1B	250	7390	1662	1077	111.992158293061	0.3968759617592317	0.6225825545787101
NR2F6	250	1095	2931	656	29.264566426552385	0.41145057790365624	0.5880778792087096
KLF17	250	1595	1903	1110	27.6765295887663	0.6396071538586986	0.690555262422794
ZNF414	250	992	752	389	6.802078964165223	0.45471216540837334	0.5128810886973151
ZNF350	250	4358	633	497	25.153770402115438	0.44959660902177684	0.7762592027757257
HDAC2	250	10193	6423	4196	596.9694446977295	0.5324661710751146	0.6177500308553638
MXD1	250	2497	3110	1526	70.80942828485456	0.5509043005947973	0.5997841178182588
CBFB	250	7857	6734	4049	482.4385702562232	0.5583068718807551	0.5705072996283352
SP2	250	5518	11326	4458	569.8629342573174	0.6007545210105568	0.7857779633190293
ZNF10	250	433	257	209	1.014689523114799	0.647954277909077	0.8124892404545444
SMARCB1	250	1547	1030	611	14.52913285310477	0.49408093334421144	0.5873835345200616
NANOG	250	9277	13110	7683	1108.9766572444607	0.7071092011961375	0.8048487457600417
ADNP	250	88	814	71	0.6531594784353059	0.4470208845208845	0.8053736128463291
ELF3	250	4898	6030	3710	269.307376675481	0.6863545346630127	0.7433400537306084
USF2	250	6122	3676	3360	205.20171423360992	0.7314386225102282	0.9089546628808987
CLOCK	250	720	1796	335	11.7910093918118	0.3259016951249691	0.45637515887877417
HINFP	250	1463	633	576	8.444232698094282	0.6518320791206798	0.9087351314579302
ZNF548	250	567	0	0	0.0	0.0	0.0
CHD6	250	3201	1218	1092	35.55045135406219	0.6188475584138577	0.8934415424790962
CUX1	250	1609	1445	1347	21.200009118263882	0.884672936187234	0.9311701077204599
FLI1	250	18386	18975	14445	3181.1283851554663	0.7734584743762332	0.7408067558983926
NFE2	250	5574	12293	5522	624.7942190206985	0.7199348516784196	0.9894932637071092
IRF9	250	4059	535	444	19.800902708124372	0.4696465452335067	0.8233692557336802
MCM2	250	1183	3727	711	40.202799307011944	0.3958922132953629	0.5869783372642312
TCF7L2	250	8891	3673	3220	297.7718883924501	0.6194157801216739	0.8657868490600341
VEZF1	250	66	11009	10	6.625275827482447	0.0762117496153285	0.05683772378819054
PRDM10	250	1376	10576	1285	132.69422813896233	0.5276838959645358	0.9268080289985408
SUZ12	250	10521	13315	8338	1277.3512811160756	0.7093606289200831	0.7638378451638549
SOX6	250	542	6635	473	32.790827026534146	0.47199117394338974	0.8644957638978049
RAD51	250	1929	1853	1521	32.59265979757454	0.8046612655363627	0.8176232359274698
NR2F2	250	2301	6176	1569	129.57942919668096	0.46796268602522445	0.6628934947737021
TLX3	250	1046	2071	903	19.752585027810706	0.6496549823521212	0.8606573834791338
XBP1	250	3266	1807	1270	53.8129114616577	0.5458386129195472	0.6937006874447696
MYOG	250	227	0	0	0.0	0.0	0.0
TARDBP	250	2326	1406	933	29.819968997902798	0.5323512180325323	0.6562949691577967
FOSL1	250	3588	3193	1732	104.46324427828941	0.5125783791955717	0.5269604620073228
HAND1	250	1920	4477	1532	78.37913741223672	0.5700550498845953	0.7893160270486946
IKZF2	250	11465	2781	2008	290.7282301449804	0.4485920832488478	0.6895921122516668
PIAS1	250	1673	1169	971	17.832926050879912	0.7055094831257986	0.828000639975956
TWIST1	250	4972	9330	3974	422.98495486459376	0.6126068901173474	0.7806118489172212
GATA4	250	6387	1953	1097	113.73950031913924	0.3667275381998333	0.5345955615593719
PHF21A	250	4763	42	36	1.82407221664995	0.4323505593713446	0.8506568402762175
CEBPA	250	9614	8600	6963	753.9017051153461	0.7669537278484382	0.7913612679225215
ZFP3	250	1040	324	221	3.072490197866326	0.4472993827160494	0.6790552481353058
E2F3	250	4910	217	199	9.715236618947753	0.4787901114062339	0.9131629372733463
ZBTB21	250	1459	1864	1337	24.797811616668188	0.816827880522552	0.914935285283924
SMC3	250	9091	8350	5420	692.1660435853014	0.6226479172334025	0.6173852793523106
RBBP4	250	4375	2	2	0.07978480897237165	0.5002285714285715	1.0
CHD1	250	3737	804	638	27.396261511808152	0.4821287594673142	0.7862487755684117
KLF1	250	8953	13327	5839	1087.9605270356524	0.5451583694145705	0.6040706457095087
NFYA	250	6379	9060	6151	526.978572079876	0.8215880214708375	0.9610391036997563
ZSCAN29	250	1177	430	354	4.614844533600802	0.5620102349291656	0.8213383823498205
GRHL2	250	3149	2775	2424	79.6797209811252	0.8216408469441179	0.869774288891646
TOP2B	250	1836	1153	381	19.302525759095467	0.26897933212024333	0.3190423216591252
TRIM24	250	2497	7186	1717	163.61303911735206	0.46328098588888356	0.6657219685049794
CREM	250	4976	9704	4247	440.2945563964621	0.6455756799993638	0.8392752772276979
MGA	250	2850	6575	2032	170.8648673292605	0.5110159428990728	0.6946775882915008
ELK4	250	1560	259	171	3.6841433391082337	0.38492352242352246	0.6553288888873016
BRCA1	250	5890	5701	3496	306.1811799033464	0.6033870684826091	0.5912745036430167
LYL1	250	2184	2806	1796	55.87949302452813	0.7312006715071576	0.8176794975997701
MTA3	250	3071	1638	930	45.86758457189751	0.4352992606004654	0.5553133689513956
ARID3A	250	835	79	39	0.6014862770128567	0.2701887364511483	0.48978624593145
HHEX	250	6010	4378	3552	239.91775325977935	0.701172174592521	0.8003906276510859
ZNF660	250	700	19	13	0.12127290963800492	0.35139097744360903	0.6821819622010886
ZNF263	250	5553	2934	2099	148.5593325430838	0.5466997334111114	0.7002269659678847
TFDP1	250	1044	10554	1018	100.46845992523023	0.535776052659666	0.9724439524322211
GATA6	250	2460	1156	953	25.930154098659614	0.6058964188257799	0.8203650856305366
E2F4	250	8857	7114	6057	574.5299352603264	0.7676428022683471	0.8383661077218988
TP63	250	3225	10374	1992	305.06200419440137	0.4048464632063163	0.5777307594301089
IRF4	250	4384	4132	2433	165.17450533418437	0.5718958007998813	0.5716978217759661
BANP	250	3353	2710	2113	82.85429014315675	0.7049433618404183	0.7727571798701142
HNRNPK	250	2659	1532	1200	37.14405033281663	0.6172936487440557	0.7779050215012911
GTF3C1	250	7487	8041	5845	548.9465396188566	0.7537930813277027	0.7633341960570889
ZBTB10	250	1148	1106	592	11.577350232515728	0.5254708243284965	0.5303459772975259
PATZ1	250	3620	9258	3073	305.589131029452	0.5904120849938354	0.8349631287053142
RTF1	250	216	4	2	0.007878179994529041	0.25462962962962965	0.499013284119356
XRCC4	250	596	651	561	3.537849913376493	0.9015131599294839	0.940924496197972
ZNF639	250	4198	3172	1423	121.41931248290325	0.39379190054472585	0.42666653363509904
HMGXB4	250	1018	4997	892	46.38411598431659	0.5273675010507286	0.8703191229447149
ZHX2	250	7579	4832	4012	333.92657973921763	0.6798277241314228	0.8176997297762072
NFKB2	250	8117	1654	1231	122.41741588401568	0.44795668219282114	0.7238150887931702
MTOR	250	3505	3794	2589	121.25439956232333	0.7105261554959141	0.7292940698965318
TRPS1	250	740	1046	302	7.057900975654236	0.34841351868120507	0.40240845684394067
NR2C1	250	3156	2647	2422	76.17335643293517	0.8412126170047829	0.9124795129368161
RFX1	250	2430	3796	2324	84.10941916659068	0.7843009969341781	0.9548146018121859
IRF3	250	1053	10979	898	105.41521838242	0.4672970162237552	0.8364262459603812
SPDEF	250	689	430	366	2.7014680404850915	0.691183717554933	0.8502218116535355
SNAPC4	250	220	151	119	0.3029087261785356	0.6644942805538832	0.787653499284502
DMC1	250	1034	84	29	0.79197592778335	0.1866422584507691	0.33900605604736833
E2F8	250	1856	687	548	11.626442965259415	0.5464648270842745	0.7941879741186699
EHMT2	250	711	7691	567	49.86141150724902	0.43559544363048047	0.7821939264983943
CHD7	250	4882	801	72	35.65680678398833	0.05231784726281824	0.0474861389480655
ZEB2	250	2334	2853	1909	60.71762560408498	0.7435146965670917	0.8130456626124432
SREBF2	250	12617	3318	2989	381.7197592778335	0.5688732367989208	0.8879534741142134
POU2F3	250	3720	1394	1034	47.28439865049695	0.5098536739636845	0.7326829809952042
HMGA1	250	194	214	163	0.3785538433482265	0.8009442142788323	0.8398937689220694
ZNF574	250	706	8759	545	56.386012583204156	0.4170881945142948	0.7521605089813106
FUS	250	170	1171	133	1.8151727911005744	0.44796553975988346	0.7800039360623005
MEIS1	250	1325	10810	886	130.60317315583114	0.37532019618452517	0.632450463586776
KLF16	250	1543	3641	887	51.22698094282848	0.40923428590957417	0.5602548165037841
MBD5	250	1297	444	342	5.250916385520197	0.5169778490904166	0.76752088195898
GATAD2A	250	1930	2593	1504	45.632260417616486	0.6796488753099716	0.7739294772184909
AGO2	250	6087	44	17	2.442126379137412	0.1945782367788282	0.3503036212505913
ZFP64	250	1207	1891	1050	20.811862861311205	0.7125936006119775	0.8676432556654007
ZZZ3	250	1380	356	258	4.479620680222486	0.455837811431363	0.7212110427576388
PBX3	250	1583	5437	1396	78.47880915473694	0.5693145547848316	0.8757079653394975
HSF1	250	5628	3326	2127	170.68230144980396	0.508719342468142	0.6200065684191116
MBD2	250	1453	3684	1216	48.808717060271725	0.5834825995562739	0.8312195760795271
MBD6	250	1247	0	0	0.0	0.0	0.0
NKX2-1	250	1536	3408	1479	47.73126652685329	0.6984347491197183	0.9617004653003896
BACH1	250	736	2094	394	14.05292240357436	0.36174136248494665	0.5262810660047013
STAT2	250	3574	4487	2890	146.22538524664904	0.7263503506804274	0.800453624618135
TFE3	250	2981	6221	1933	169.0963891675025	0.4795809348399047	0.6272987466701508
NCOR2	250	911	251	220	2.0849913376493117	0.5589934444439585	0.8754594985389129
ESRRA	250	3716	1223	1056	41.43948208261147	0.5738135326936973	0.8586614926044134
ZNF143	250	9338	11602	7889	987.8679310659251	0.7623982785369943	0.826469810532593
HDAC3	250	1223	831	370	9.267010121272909	0.37389072067365076	0.4389905167759722
GFI1	250	1580	939	632	13.528038661438861	0.5365282215122471	0.6682773624432998
PPARA	250	969	1145	816	10.116759369016139	0.777384509308205	0.840439384570618
ZNF316	250	2209	0	0	0.0	0.0	0.0
ZNF501	250	1145	6617	779	69.08420716695541	0.39903820581234123	0.6598246791821244
MXD4	250	2304	0	0	0.0	0.0	0.0
RFX3	250	1258	979	938	11.22988966900702	0.8518742560381688	0.957634566760925
NR1H2	250	499	950	458	4.322512993526033	0.6999704672502901	0.9171177159322323
MCM3	250	1560	55	41	0.7823470411233701	0.3858682983682984	0.7417815188234206
KMT2C	250	5356	4852	3915	236.9591684143339	0.7689198482705715	0.7969682102079996
CHD4	250	384	652	213	2.282921491747971	0.4406873082822086	0.5520242356766772
DOT1L	250	3078	2700	1572	75.77824382237623	0.5464717348927874	0.5701582774608893
ASXL3	250	197	965	180	1.733427555393453	0.5501170405828357	0.9129395278097454
IRF1	250	7102	9418	4559	609.8899972645208	0.5630024508931799	0.6082937598209988
NFXL1	250	38	201	27	0.06964529953496854	0.4224273369992144	0.7099948026622293
MTA1	250	1321	4757	1047	57.29914288319504	0.506339038672361	0.7831765338632877
JMJD1C	250	2551	2164	1343	50.33613567976657	0.5735350965987025	0.6115749463011052
LEF1	250	1689	1051	612	16.186185830217926	0.4723235757875862	0.5757690958617477
RYBP	250	1193	57	51	0.6200510622777423	0.46874310671901886	0.8935791870505656
ELK1	250	2688	1828	1580	44.804084982219386	0.726065111493175	0.8609238626494233
NKX3-1	250	591	262	149	1.411890216102854	0.41040867464899705	0.5663654796310175
MTF2	250	2119	628	426	12.133965532962524	0.43969108731134443	0.6720065912145842
BATF3	250	1642	116	115	1.7367739582383515	0.5307079255743626	0.9912482779049621
ZNF580	250	2063	1099	364	20.673265250296343	0.2538261328656863	0.31838841019683617
STAT4	250	334	0	0	0.0	0.0	0.0
BATF	250	3620	4078	2813	134.60709400930062	0.7334353721220727	0.7684622589858013
OTX2	250	2688	4051	1970	99.28957782438223	0.6095932919267435	0.722641824342572
NOTCH1	250	2245	12046	2026	246.5876721072308	0.5353192494842525	0.8904130058930706
HDAC4	250	84	173	71	0.13250661074131487	0.627821359757776	0.844993578863
DLX5	250	852	1395	25	10.837421354974014	0.023631934979049925	0.016836910015468783
ZNF280B	250	2394	3940	1779	86.00674751527309	0.5973153060315765	0.7335347495761062
HIVEP1	250	2430	2149	1417	47.61621227318319	0.6212520130905943	0.6516581101104596
ASXL1	250	8007	9099	4657	664.3174341205435	0.5467152855165347	0.5437634720085764
ZBED1	250	172	455	94	0.7135953314488921	0.3765525172501917	0.5446223525391031
CPSF4	250	562	1667	455	8.542481991428833	0.5412769759215417	0.8066698951258209
ASH2L	250	1523	4835	1061	67.14420534330263	0.4580464589496728	0.6826608777492669
ZBTB9	250	1084	1295	745	12.80003647305553	0.6312794739916511	0.6835324761552114
MEF2C	250	3105	2779	1389	78.67962979848637	0.4735815371671247	0.4852462636141689
SOX9	250	2338	170	154	3.6241451627610104	0.48587530820711516	0.9038321995961952
TFEB	250	4591	9413	2832	394.04653050059267	0.4588597920776873	0.5808864661514093
FOXC1	250	2228	5611	1584	113.9902252211179	0.4966270729430872	0.6953656469883824
ESR2	250	896	1667	738	13.619330719431021	0.6331860859970864	0.8209389603595667
SMARCC2	250	4181	1817	1420	69.27032916932616	0.5605698236262086	0.7728481660374221
ZNF770	250	2643	1822	913	43.90941916659068	0.42326924091266077	0.4887774504862726
HMG20A	250	529	2	2	0.009647123187745053	0.501890359168242	1.0
PRKDC	250	613	600	552	3.353697456004377	0.9102446982055465	0.919550326893276
ZBTB49	250	147	9	2	0.012063463116622595	0.11791383219954647	0.2211783014628079
NFIB	250	1376	2242	1057	28.129771131576547	0.6198113317635832	0.7633303316834813
RB1	250	2974	887	642	24.053414789824018	0.46982946528690217	0.7160890323932058
XRN2	250	675	189	146	1.163262514817179	0.4943915343915344	0.7710777956660795
MECP2	250	693	754	503	4.764493480441324	0.6964692395726879	0.7239317091313124
LCOR	250	2461	733	669	16.448554755174616	0.5922641502112352	0.9106833146109516
TEAD1	250	1988	4681	1637	84.85299534968541	0.5865761219743154	0.8155686349281815
ZNF83	250	1248	824	228	9.37678490015501	0.22969566840926064	0.2683734161357644
PKNOX1	250	4397	6181	4129	247.81487188839245	0.8035321180768594	0.9354090040031611
PAX8	250	569	1189	306	6.168879365368833	0.39757235703379395	0.5327195132645665
ZNF48	250	356	7909	232	25.673420260782347	0.3405095318801934	0.6246139196612817
ZNF444	250	1182	1686	972	18.171350414881008	0.6994237404483625	0.8195610667645442
MTA2	250	2805	3276	1601	83.78936810431294	0.529736113559643	0.5575498692060993
PRMT1	250	618	358	237	2.0173611744323883	0.5227531594077127	0.6600957833247303
ATRX	250	533	634	272	3.0812619677213458	0.4696705156811335	0.5074716531648635
POU5F1	250	1522	2410	973	33.445974286495854	0.5215124235963817	0.6311857073935563
FOXA3	250	3371	0	0	0.0	0.0	0.0
PRRX1	250	1440	1982	821	26.0242545819276	0.49218347068056956	0.5622272857184129
ZNF697	250	732	645	422	4.305097109510349	0.6153831490659549	0.6519404181398394
SMARCA5	250	1288	105	94	1.2331540074769765	0.48410973084886133	0.8939931160595108
MEF2D	250	1111	2003	710	20.291173520561685	0.49676610197215426	0.6323491748990999
XRCC5	250	923	4050	906	34.085438132579554	0.6026427510934553	0.9808755523542255
ETV1	250	3264	3576	2205	106.428959606091	0.6460811044216344	0.6646156218015322
POU2AF1	250	4168	2951	2862	112.1525303182274	0.8282505003346405	0.9686492490524767
ZFP36	250	920	404	367	3.389076319868697	0.6536644425312097	0.9076410606577899
KDM3A	250	431	576	377	2.2636637184280115	0.7646119328435164	0.8740484642184945
ELF4	250	3257	1927	1407	57.22840339199416	0.5810715621250242	0.7218911652399985
ZHX3	250	196	312	62	0.557600072946111	0.2575222396650968	0.31437600003881655
HIC1	250	1148	2340	1035	24.494574632989877	0.6719378182792817	0.8994219365134914
NCOA1	250	1873	2341	1202	39.980787817999456	0.57760349470305	0.6339372792491078
YAP1	250	3802	2892	2254	100.25881280204248	0.6861186476070322	0.771468786961461
SKIL	250	1416	340	255	4.389896963618127	0.4650423728813559	0.7467299129824302
SIX4	250	452	1011	439	4.1667912829397284	0.7027312395507821	0.9709713354281116
PTF1A	250	241	1	1	0.0021975015956961796	0.5020746887966805	1.0
NR1D1	250	287	747	142	1.9548554755174614	0.3424336136648802	0.491308647821763
ZBTB7B	250	1308	782	569	9.32667092185648	0.5813183869479184	0.7243336970694656
ZNF592	250	829	1166	616	8.813841524573721	0.6356829096205932	0.7403028595411468
HNF4G	250	1960	525	401	9.382693535150906	0.48420068027210883	0.7595115632363799
EHF	250	1443	19	19	0.24999544086805872	0.5065835065835066	1.0
ZNF280D	250	906	608	84	5.022777423178627	0.1154365632624608	0.13097878264673488
JARID2	250	3775	759	513	26.125877632898696	0.4058916838991702	0.6643352623702313
BANF1	250	477	258	191	1.1221482629707304	0.5703646823655599	0.7391756449731245
ATF6	250	369	120	104	0.4037567247196134	0.5742547425474255	0.866216533548031
MAFF	250	947	1164	502	10.051135223853379	0.4806832573110238	0.5250541233044578
NFATC2	250	356	201	171	0.6524664903802316	0.6655416736542009	0.8502601979946035
DNMT1	250	177	124	69	0.20012765569435578	0.47314106068890105	0.5557345984409667
ZNF121	250	318	1410	252	4.0884471596608005	0.48558811722199924	0.7897496941325739
ETV4	250	2528	969	849	22.336390991155284	0.6059997991535055	0.8732390271918873
KLF13	250	757	38	28	0.2622959788456278	0.38691510811374535	0.7350130258482507
ELL2	250	1142	1218	749	12.683103857025623	0.6354047144553818	0.6520020187936291
RELB	250	707	4107	544	26.476237804322057	0.4509525772570996	0.7604786062516199
NR1H3	250	1465	1258	869	16.804686787635635	0.6419765378709366	0.6865924356471982
ZNF449	250	949	0	0	0.0	0.0	0.0
CDX2	250	389	315	100	1.1173064648490927	0.28726486310033866	0.31503072826816203
ZNF221	250	596	1020	448	5.543174979483906	0.5954467693117516	0.7493466181970924
FOXK2	250	2679	2533	1729	61.8756907084891	0.6639899426856277	0.67464202550356
LDB1	250	1774	1027	221	16.612546731102398	0.1698835500121302	0.20228621466710092
NCOR1	250	1605	4042	1063	59.153916294337556	0.46264695772272757	0.6493829458747072
AGO1	250	1688	501	438	7.711206346311663	0.566865084995885	0.8722857668560196
HIC2	250	638	394	225	2.2920762286860583	0.4618652833251118	0.5685560854299563
ZMYM3	250	2906	2400	1213	63.59441962250388	0.46141445859142005	0.49195464607295836
KLF6	250	808	828	68	6.1003373757636545	0.08314200985315923	0.07719128153972303
HBP1	250	370	656	267	2.213185009574177	0.5643169083717864	0.7199464586497445
ZIK1	250	537	145	110	0.7099936172152822	0.48173120143838694	0.7574329582663608
PCBP1	250	1639	173	167	2.585456369107322	0.5336046581342776	0.9647917374176959
ZBTB44	250	453	0	0	0.0	0.0	0.0
SIRT1	250	149	133	50	0.18069663536062733	0.35575515971135896	0.37509083470997046
BRCA2	250	689	22	6	0.1382146439317954	0.1407177727932445	0.26812930694341214
PBX2	250	1136	1829	1114	18.945418072399015	0.794854900314957	0.9803053491244478
MEIS2	250	1477	4133	411	55.661903893498675	0.1888551302240451	0.2500025131809847
MYBBP1A	250	2292	2751	2196	57.49331631257409	0.8781851815903212	0.9570374970453975
POU2AF2	250	1326	193	154	2.333527856296161	0.45703311216874154	0.7954543367718788
ZNF184	250	512	135	66	0.6302543995623233	0.30889756944444446	0.4864915484384511
ZNF175	250	388	0	0	0.0	0.0	0.0
ZBTB3	250	36	98	10	0.032169234977660256	0.1899092970521542	0.2771318301106933
RARA	250	1707	11697	1202	182.0623598066928	0.4034603678440073	0.668838917284523
NBN	250	1344	1469	942	18.002516640831587	0.6710727049499173	0.6968320037971658
PRDM1	250	1310	1593	982	19.028266618035925	0.6830326380203466	0.7459278220284987
NR5A2	250	878	62	5	0.49636181271085983	0.043169961055184065	0.07322555738206557
DUX4	250	589	14	12	0.07518920397556306	0.4387581857870482	0.8563714775520681
ZBTB16	250	11	705	10	0.07071213640922769	0.4616376531270148	0.9085027302344789
ZNF407	250	866	4796	752	37.87121364092277	0.5125788041227581	0.8623402520503984
ZNF264	250	290	343	196	0.906993708397921	0.6236453201970443	0.674845126121162
MAF	250	362	1085	244	3.5813805051518193	0.44945897089899944	0.6707760323213451
GFI1B	250	1479	1557	1135	20.997565423543357	0.7481881863103357	0.7640607506256116
MEF2A	250	1057	29	27	0.2795021427920124	0.4782892375950152	0.9303633241337402
ZSCAN4	250	695	719	611	4.5564420534330266	0.8644640337799301	0.8783390777809231
PRDM15	250	1155	24	23	0.25275827482447344	0.4891233766233766	0.9578898462578138
HAND2	250	401	2125	347	7.76990061092368	0.5143153880005867	0.8626758224156935
PARP1	250	74	2	1	0.0013495030546184007	0.25675675675675674	0.4996623964378262
HNRNPL	250	499	2603	461	11.84368560226133	0.5504755188440654	0.9219962897392008
NFRKB	250	825	1216	554	9.147442326980944	0.5635536283891547	0.6678321377419613
SETDB1	250	224	682	167	1.3929789368104313	0.49520187473816507	0.7439433862967876
SALL4	250	249	3	2	0.006811343120269901	0.3373493975903614	0.6659081285432717
ZNF7	250	621	1057	365	5.98520105771861	0.4665393047195523	0.5837498537591689
ZNF766	250	777	1911	185	13.53922677122276	0.1674515960230246	0.22458360565618427
GATAD2B	250	946	820	213	7.073219658976931	0.24245732996442015	0.25331528659276875
PCGF2	250	620	302	192	1.707303729369928	0.47271950437940613	0.6336907245294248
ZNF644	250	770	574	376	4.030090270812437	0.5716819765600253	0.6526132404181185
TBXT	250	250	7	1	0.015956961794474332	0.07342857142857143	0.14089876491631198
RARB	250	26	22	14	0.005215646940822468	0.5874125874125874	0.6362774068804494
ZNF532	250	44	45	30	0.01805416248746239	0.6742424242424242	0.6816875712656784
KAT2B	250	244	218	139	0.48501869244095924	0.6036434050233117	0.6368066258006542
ZNF589	250	442	266	210	1.0720525211999636	0.632293403191236	0.7886217723236572
BCLAF1	250	959	3098	799	27.09019786632625	0.5455339345711283	0.8283095642586132
HOXB7	250	6	8	6	0.00043767666636272456	0.875	1.0
TBX3	250	690	53	49	0.33345491018510076	0.4977713973202078	0.9240504575878559
ZKSCAN1	250	385	353	211	1.2392176529588765	0.5728928295500533	0.5963165676044431
SUPT6H	250	675	3476	392	21.394182547642927	0.34675702169373057	0.5670173177113306
BACH2	250	458	301	187	1.25702562232151	0.5147797008516009	0.6196741550433835
TCF7L1	250	142	39	36	0.050496945381599344	0.5882990249187432	0.9229771944511554
ZSCAN20	250	782	700	542	4.991337649311571	0.7336901717208623	0.7726647039684289
CREB3	250	95	256	77	0.22175617762378044	0.5556537828947368	0.810082997172497
ASH1L	250	1091	1972	913	19.617507066654507	0.6499143369222274	0.8338595215303056
IRF5	250	657	446	383	2.6718519193945474	0.7208486052241811	0.8578930747511538
ZNF558	250	112	1573	93	1.60641925777332	0.4447399191717374	0.8278885432263879
HMG20B	250	297	616	182	1.6682046138415245	0.45412457912457915	0.6106074530524803
SSRP1	250	485	552	258	2.441141606638096	0.499675033617212	0.5295910622058065
ZNF768	250	1023	10638	645	99.23109327983951	0.34556511570593773	0.5908067512879512
XRCC6	250	527	1911	348	9.182976201331266	0.42122258332613444	0.6543180471610053
ZNF281	250	645	4739	581	27.871386887936538	0.5116874491887373	0.8962939026967814
WT1	250	937	633	465	5.408233792285949	0.6154309154455836	0.7323100635702141
DLX6	250	685	330	198	2.061183550651956	0.44452554744525546	0.5974858925540212
TBX5	250	185	115	81	0.1939910641013951	0.5710928319623972	0.7038482539796002
ARHGAP35	250	291	515	213	1.366508616759369	0.5727754979481533	0.7306941278528074
KDM5C	250	246	1668	190	3.741478982401751	0.4431332982394572	0.7688419801921765
ZNF800	250	501	1041	362	4.755548463572536	0.5351487227274557	0.7198961125517057
PDX1	250	572	1009	402	5.262587763289869	0.5506057371765994	0.7000374488617741
KAT7	250	103	4375	74	4.108917662077141	0.3676804438280167	0.7067480776385532
ZNF785	250	60	112	48	0.06127473329078144	0.6142857142857143	0.7997955420872962
SOX17	250	1159	1009	588	10.663180450442235	0.5450445558566517	0.5782986345330305
MAU2	250	822	1680	486	12.591957691255585	0.4402632950990616	0.5848818118465957
ZNF561	250	106	469	88	0.4533053706574268	0.5089109707527055	0.8294593680719974
ZNF12	250	435	1021	313	4.049740129479347	0.5130512119062898	0.7169046839961183
EOMES	250	1316	148	32	1.7759460198778152	0.12026616281935432	0.2066968679737936
ZKSCAN8	250	248	562	168	1.270867146895231	0.48817586959017334	0.6757577871939848
NKX2-5	250	462	35	34	0.14744232698094284	0.5225108225108225	0.9713077011626569
ZNF510	250	140	16	5	0.020424911096927144	0.17410714285714285	0.3116212453209167
TP73	250	601	373	251	2.0440685693443967	0.5452797616126831	0.6711199642246293
MLXIP	250	373	4342	297	14.767630163216923	0.4323241535077916	0.7878472008695726
ERCC6	250	24	70	11	0.01531868332269536	0.30773809523809526	0.45798737834549885
MBD1	250	93	280	67	0.23743959150177807	0.47985791090629804	0.7197145067416868
ZBTB12	250	1871	401	291	6.8411689614297435	0.44060879335600067	0.7209246848277872
CREB5	250	153	175	99	0.2441415154554573	0.6063865546218488	0.6464947365310798
ZNF354C	250	56	12	9	0.006127473329078144	0.45535714285714285	0.7498722790884376
ZNF507	250	469	0	0	0.0	0.0	0.0
PSIP1	250	367	2	2	0.006692805689796663	0.502724795640327	1.0
TAF7	250	471	3337	373	14.33142153733929	0.4518545523491039	0.7854023582487121
ZNF24	250	906	1089	644	8.996389167502507	0.6510925023869034	0.7079164489016481
CBX4	250	139	3	0	0.0038023160390261695	0.0	-0.0012690471190804431
MYNN	250	283	656	233	1.6927874532688976	0.5892522407997931	0.8222583788473112
PPP1R10	250	314	106	43	0.30349229506701925	0.2713015262588631	0.40395381675359066
ZNF207	250	55	430	36	0.2156469408224674	0.3691331923890063	0.6531856462834127
ZNF324	250	300	19	0	0.05197410413057354	0.0	-0.0027429825363445184
PCBP2	250	21	44	8	0.008425275827482447	0.2813852813852814	0.38070391712775814
PHOX2B	250	317	347	204	1.0029999088173611	0.6157146883153484	0.6424016684734561
SAFB2	250	463	4	0	0.01688702471049512	0.0	-0.004239654967172434
BCL11A	250	979	1191	508	10.631795386158476	0.47271457964011665	0.5136147616620459
GTF2I	250	1082	1146	752	11.306391902981673	0.6756023523111812	0.6917885775123653
PHC1	250	125	108	87	0.12309656241451628	0.7507777777777778	0.8053336781941465
HSF2	250	328	113	106	0.3379593325430838	0.6306119145262249	0.9378672713672761
E2F7	250	165	680	133	1.0230692076228687	0.5008244206773619	0.8048505979141817
ZNF239	250	115	0	0	0.0	0.0	0.0
PROX1	250	382	1203	104	4.190261694173429	0.17935092460820026	0.264179898467925
LCORL	250	41	2880	30	1.0766845992523024	0.3710619918699187	0.7244717807230512
KDM6B	250	135	1202	131	1.4796206802224856	0.5396776976643864	0.9700420263904425
DDX20	250	1155	1279	1024	13.469909729187563	0.8436027876215523	0.885241746041997
ZNF34	250	143	100	98	0.13039117352056168	0.8326573426573427	0.9799738877171839
CCNT1	250	168	190	120	0.2910549831312118	0.6729323308270676	0.7137898637715955
MAF1	250	170	14	5	0.021701468040485093	0.19327731092436976	0.3561448140900196
IRF8	250	87	814	26	0.6457372116349047	0.16539580332683781	0.2936075414192661
HDAC6	250	275	275	161	0.6895687061183551	0.5854545454545454	0.5844124502948032
ZFP1	250	54	148	33	0.07287316494939364	0.4170420420420421	0.6105855951822973
ZNF740	250	682	1083	464	6.734804413239719	0.55439571300531	0.6771638736532651
MEN1	250	173	8430	141	13.297984863681956	0.41587744019089545	0.7996268239152429
ZNF778	250	35	27	21	0.008616759369016139	0.6888888888888889	0.7777068353070542
BRF1	250	59	209	50	0.11243731193580742	0.5433460384397047	0.8471663694475813
ZNF549	250	69	0	0	0.0	0.0	0.0
HNF1A	250	467	2269	341	9.661922130026444	0.44023959464828527	0.7244926541283465
INO80	250	353	17	14	0.05471870155922312	0.43159473421096484	0.8229595633637522
ZNF114	250	43	36	20	0.014115072490197866	0.5103359173126615	0.5553812270497028
KHSRP	250	338	279	246	0.8598705206528677	0.8047655404975504	0.88135476868522
NFE2L1	250	84	422	30	0.3232242181088721	0.21411645226811105	0.354659647250816
THRB	250	77	664	3	0.4661985957873621	0.021739555625097794	0.03310695872573201
CBX2	250	110	0	0	0.0	0.0	0.0
CBX1	250	425	2086	261	8.083796845080697	0.3696187468275901	0.606635581061693
CARM1	250	344	121	80	0.3795386158475426	0.44685758216413607	0.660090837578352
NFKBIZ	250	11	206	6	0.02066198595787362	0.2872903795233892	0.5445991376160199
ZNF524	250	88	127	29	0.10190571715145437	0.27894595561918395	0.32876815497110723
CIITA	250	154	0	0	0.0	0.0	0.0
ZFP41	250	23	327	19	0.0685784626607094	0.4420954660284537	0.8255668540440552
DNMT3B	250	425	168	56	0.6510440412145527	0.23254901960784313	0.3307397745129449
LMNB1	250	50	184	22	0.08388802771952221	0.2797826086956522	0.4390588751073197
ZNF512	250	142	180	114	0.23306282483815083	0.718075117370892	0.8024927352038066
MSX2	250	119	201	84	0.21809975380687516	0.5618964003511853	0.7053423128653666
HOXA13	250	117	8	2	0.008534694994073128	0.13354700854700854	0.24919901782698783
CASZ1	250	35	831	17	0.2652047050241634	0.253085783049682	0.4817876470225352
SIX1	250	55	458	20	0.2296890672016048	0.203652242953553	0.36096765923158625
ZSCAN5A	250	112	31	27	0.03165861220023707	0.5560195852534562	0.8708358336047073
TAF15	250	129	551	113	0.6481170785082521	0.5405253309697661	0.8753426935716507
ZNF512B	250	25	162	23	0.03692896872435488	0.5309876543209877	0.9198816524820105
ZNF707	250	76	173	45	0.1198869335278563	0.4261104350471554	0.5914608090680686
ORC1	250	174	4	0	0.006346311662259505	0.0	-0.0015890991451742527
GLI2	250	20	1675	0	0.3054618400656515	0.0	-0.015509977313764526
ZNF138	250	252	3	0	0.006893407495212911	0.0	-0.0023030945548264455
KDM3B	250	89	3	3	0.002434576456642655	0.5168539325842697	1.0
TEAD2	250	130	40	35	0.047414972189295156	0.5721153846153846	0.8748516523644331
ZNF354B	250	12	244	11	0.0266982766481262	0.4808743169398907	0.9164808485490956
ZNF577	250	77	303	12	0.2127382146439318	0.09772405812009773	0.15350543190750934
ZNF311	250	44	15	1	0.006018054162487462	0.04469696969696969	0.06629205966954312
CDT1	250	44	175	18	0.07021063189568706	0.25597402597402596	0.4081464907073382
ASCL2	250	77	554	37	0.3889669007021063	0.2736532420647944	0.47788199190376685
PTBP1	250	20	245	20	0.04467949302452813	0.5408163265306123	1.0
LIG4	250	23	34	19	0.007130482356159387	0.6924552429667519	0.8260330231104667
SIRT6	250	91	20	11	0.016595240266253305	0.33543956043956047	0.5496262970094634
GLI4	250	37	271	20	0.09142883195039664	0.3071706392739603	0.5394023810188492
ZNF416	250	48	16	2	0.007002826661803593	0.08333333333333333	0.12461686522778274
MLLT3	250	72	172	14	0.11292057992158293	0.13791989664082688	0.19317907379333157
ZBTB5	250	221	436	205	0.8785994346676392	0.6988926480966416	0.9273128375573315
DNMT3A	250	119	1684	82	1.8272636090088448	0.3688846084752191	0.6842268846864213
SALL2	250	19	25	14	0.004331175344214461	0.648421052631579	0.7367821030070731
NSD2	250	8	1	1	7.294611106045409e-05	0.5625	1.0
MTF1	250	7	128	7	0.008169964438770858	0.52734375	1.0
RBAK	250	67	66	43	0.040320962888666	0.6466530981456354	0.6513021237253239
FOXN3	250	97	80	54	0.07075772772864047	0.6158505154639176	0.6747122922617799
STAT6	250	95	6	5	0.0051974104130573535	0.4429824561403509	0.8331888356529014
ZSCAN18	250	63	14	12	0.008042308744415064	0.5238095238095237	0.8570607455988865
PHF19	250	13	21	6	0.002489286039937996	0.37362637362637363	0.4614353352691139
ZNF101	250	57	206	11	0.10706665450898149	0.12319025719638903	0.19146373204809145
DEK	250	30	82	10	0.022430929151089633	0.22764227642276422	0.33283449526103825
SAMD1	250	41	8	7	0.0029907905534786177	0.5228658536585366	0.8749532514207007
ZNF133	250	43	23	21	0.009017962979848637	0.7007077856420627	0.9130093705097245
TSHZ1	250	112	0	0	0.0	0.0	0.0
ZC3H8	250	43	215	35	0.08429834959423725	0.4883720930232558	0.8135880413847466
ZNF8	250	84	53	43	0.0405945108051427	0.6616127583108715	0.8111761280620821
BRF2	250	11	6	6	0.0006018054162487463	0.7727272727272727	1.0
ARID1B	250	36	6652	31	2.1835688884836326	0.4328856818333668	0.8521428833364612
ZNF624	250	24	28	16	0.006127473329078144	0.6190476190476191	0.6665815411369121
HES1	250	54	212	40	0.1043858849275098	0.46470999301187976	0.7402386032728264
AEBP2	250	41	29	18	0.01084161575635999	0.5298570227081582	0.6205477974145401
PRDM2	250	26	8	7	0.0018965988875718064	0.5721153846153846	0.8749703586151545
MYRF	250	170	0	0	0.0	0.0	0.0
SNAI1	250	11	152	1	0.015245737211634905	0.04874401913875598	0.08964736390365054
NFATC3	250	62	1677	52	0.9480623689249567	0.43485871467866966	0.8362050347946686
SMC1B	250	31	1	1	0.0002826661803592596	0.5161290322580645	1.0
HMGA2	250	22	89	18	0.01785356068204614	0.5102145045965271	0.8180341482556283
PRMT5	250	65	79	48	0.04682228503692897	0.6730282375851997	0.7382730052931072
EN1	250	18	460	12	0.07549922494756998	0.34637681159420286	0.6652626438360345
ZNF398	250	21	3862	14	0.7395094374031185	0.3351458656999827	0.6544999747971167
ZNF302	250	28	17	11	0.004340293608097018	0.5199579831932774	0.6469686906155542
POU3F2	250	12	248	12	0.027135953314488922	0.5241935483870968	1.0
BPTF	250	2	1233	0	0.022485638734384972	0.0	-0.011370657616865091
ZBTB4	250	24	1187	16	0.259761101486277	0.3400730131985397	0.663019397816555
OVOL2	250	8	9	0	0.0006565149995440868	0.0	-8.207111005735858e-05
GLI1	250	16	14	13	0.0020424911096927146	0.8705357142857143	0.9285610061778737
HOXA9	250	2	38	2	0.0006929880550743139	0.5263157894736842	1.0
ZNF593	250	6	1	1	5.470958329534057e-05	0.5833333333333334	1.0
KAT6A	250	7	11	7	0.0007021063189568707	0.8181818181818181	1.0
TOP1	250	27	36	15	0.008862952493845172	0.48611111111111116	0.5554096154274931
TAF2	250	18	122	12	0.02002370748609465	0.3825136612021858	0.6662954443105609
CAMTA2	250	28	342	26	0.08731649493936354	0.502297410192147	0.928347985616023
HDGF	250	29	532	18	0.14067657518008572	0.3272621208192896	0.6188406831970407
ZNF140	250	26	29	6	0.006875170967447798	0.21883289124668437	0.23056576954297694
FOXO3	250	7	13	7	0.0008297620133126653	0.7692307692307692	1.0
ZNF530	250	17	57	7	0.008835597702197502	0.2672858617131063	0.41145881687498426
MKI67	250	5	1	1	4.5591319412783804e-05	0.6	1.0
ZNF23	250	20	26	17	0.004741497218929516	0.7519230769230769	0.8499644303381854
RBBP8	250	2	4	0	7.294611106045409e-05	0.0	-3.647438586252804e-05
YBX1	250	19	32	15	0.005543904440594511	0.6291118421052632	0.7894122379774203
RPA2	250	25	4	3	0.0009118263882556761	0.435	0.7499429978567195
FOXB1	250	4	2	2	7.294611106045409e-05	0.75	1.0
MAPK1	250	5	89	2	0.004057627427737759	0.21123595505617979	0.39951268924357325
QKI	250	12	1	0	0.00010941916659068114	0.0	-0.00010943114045486878
ZHX1	250	3	94	3	0.0025713504148810067	0.5159574468085106	1.0
HOMEZ	250	5	1219	2	0.05557581836418346	0.2008203445447088	0.3932559404708117
TET3	250	12	3	0	0.0003282574997720434	0.0	-0.00010943114045486877
MRE11	250	16	19	3	0.0027719522202972555	0.17269736842105263	0.18735921241028353
CDC45	250	3	449	3	0.012282301449803957	0.5033407572383074	1.0
HNRNPA2B1	250	3	1	1	2.7354791647670285e-05	0.6666666666666666	1.0
ARID3B	250	5	1	1	4.5591319412783804e-05	0.6	1.0
SMC2	250	2	4	2	7.294611106045409e-05	0.75	1.0
SOX1	250	13	24	7	0.0028448983313577093	0.41506410256410253	0.5383605140459016
MCM5	250	7	3	2	0.000191483541533692	0.47619047619047616	0.6666453893595226
NKRF	250	2	3491	2	0.0636637184280113	0.5002864508736752	1.0
SMYD3	250	2	0	0	0.0	0.0	0.0
DPF1	250	1	0	0	0.0	0.0	0.0
ZFP30	250	8	43	6	0.003136682775599526	0.44476744186046513	0.7499019402154579
ZSCAN5B	250	1	1	0	9.118263882556761e-06	0.0	-9.118347026051117e-06
ATR	250	4	103	3	0.0037567247196133857	0.3895631067961165	0.7497649839824034
HMGB2	250	4	665	0	0.024254581927600986	0.0	-0.006100637585431861
TERF1	250	3	103	3	0.0028175435397100393	0.5145631067961165	1.0
HMGN2	250	2	8	2	0.00014589222212090818	0.625	1.0
FOXP3	250	5	64	3	0.0029178444424181635	0.3234375	0.5997664361440067
TFAM	250	5	5	2	0.00022795659706391903	0.4	0.3999726439611544
ZMYND11	250	6	0	0	0.0	0.0	0.0
TOP2A	250	7	7	3	0.0004467949302452813	0.42857142857142855	0.42853495318775314
ZNF410	250	2	7	2	0.00012765569435579466	0.6428571428571428	1.0
FOXO4	250	1	8	0	7.294611106045409e-05	0.0	-7.295143258375736e-05
TFCP2	250	3	445	3	0.012172882283213277	0.503370786516854	1.0
RAG1	250	1	5794	1	0.05283122093553388	0.5000862961684501	1.0
SUV39H1	250	2	1	1	1.8236527765113522e-05	0.75	1.0
WRN	250	2	3	2	5.470958329534057e-05	0.8333333333333333	1.0
WDHD1	250	1	2	1	1.8236527765113522e-05	0.75	1.0
DDX11	250	1	1	1	9.118263882556761e-06	1.0	1.0
PAX6	250	1	189	1	0.0017233518738032278	0.5026455026455027	1.0
NR4A2	250	2	1	0	1.8236527765113522e-05	0.0	-1.82368603421235e-05
WDR77	200	4637	4940	3574	208.87006473967358	0.7471193681521366	0.7599438102446948
EP400	200	5121	9075	4038	423.75376128385153	0.6167382726449671	0.76943938108384
HDAC2	200	14478	10606	7399	1400.1428649585118	0.6043376182977277	0.6516348284623312
TCF4	200	7007	4369	3220	279.1427281845537	0.5982756085754484	0.7190611007581762
ATF3	200	5903	15443	4533	831.2211999635269	0.5307228346757107	0.7298778093417349
BCL11B	200	13386	6664	5381	813.3883833318137	0.6047300699750989	0.780706687768373
FOXA3	200	4966	0	0	0.0	0.0	0.0
GATA6	200	3396	1470	1212	45.51946749338926	0.5906901276411625	0.81888134368112
FOXA1	200	24702	27246	19231	6136.871450715784	0.7421741681878603	0.7053077232685828
MNT	200	10929	12177	9020	1213.4807422266801	0.7830339260479255	0.8035102448618356
ZBTB17	200	5873	7677	4579	411.1153551563782	0.6880633120560349	0.7630854395246848
RUNX2	200	14605	5294	4721	705.0138597611015	0.6075048626551319	0.8751358181329852
SMAD1	200	5930	2556	1732	138.20625512902345	0.48484774112164086	0.6591934271697059
ZIC5	200	720	1142	645	7.497401294793471	0.7303159661412726	0.8947372260307632
FOXJ3	200	618	1365	302	7.691893863408407	0.35495928020199863	0.482228735252491
HDAC1	200	23743	27730	19129	6003.4046685511075	0.7477497738851844	0.739903875269338
E2F5	200	2669	3417	2168	83.15832041579283	0.7233819661527507	0.8062526395349313
KLF11	200	8908	8464	6995	687.4925868514634	0.8058453065276385	0.8110977175285384
BRD4	200	44597	44664	38003	18162.491182638827	0.8515033757488517	0.750553337474184
JUND	200	11199	12257	8415	1251.6289140147717	0.7189764194073698	0.720127059105862
JUN	200	30729	26526	23492	7432.456040849822	0.8250556121694825	0.8410981216220984
FOXP1	200	16724	2274	1918	346.77100392085345	0.4790665756236541	0.8152788274126922
ZNF217	200	6031	471	406	25.901349503054618	0.4646573031552126	0.8539649582684006
GATA3	200	12915	11520	7913	1356.622595057901	0.6497953869047619	0.6450982920061553
EBF1	200	12144	14247	9436	1577.6016048144434	0.7196620479840288	0.7437158908153733
PAX5	200	15174	6779	6315	937.9460745873986	0.673862863303747	0.9205622810669012
IRF2	200	4750	2961	2556	128.2461019421902	0.7006635738281874	0.8570295851405674
TBX21	200	2163	12328	2044	243.14273730281755	0.5553926232073066	0.9380162253141577
RAD21	200	29019	29359	23725	7768.476529588766	0.8128337656619479	0.7508767251135601
RBPJ	200	13251	13280	10665	1604.570803319048	0.8039661333811587	0.7779576936133378
CTCF	200	49420	45791	40035	20634.55110786906	0.8421977847974151	0.771191871130885
ZNF280B	200	4211	5926	3146	227.54067657518007	0.638985908128535	0.732644439535947
EP300	200	30103	38205	23770	10486.779565970639	0.7058960849171585	0.6771549330158532
ZFX	200	18613	18307	14870	3107.0319230418527	0.8055807991068689	0.7738811040524356
SMAD3	200	14412	19989	12827	2626.8028448983314	0.7658625701671307	0.865509250363803
YY1	200	20631	21551	17029	4054.150460472326	0.8077902579176605	0.7827090128669508
NPM1	200	14326	7246	5241	946.5322877724082	0.5445669736322869	0.681719140157161
E2F6	200	7924	14346	5514	1036.5433026351782	0.5401093428136092	0.6500885441614349
ATF7	200	7667	3397	2486	237.48335005015045	0.5280344839674131	0.7116647573246813
MED1	200	22049	32506	19209	6535.285802863134	0.7310665151902085	0.8169361660327521
ASCL1	200	22904	24520	18486	5120.872435488283	0.7805115500174071	0.7515622612516918
GABPA	200	14741	11361	10366	1527.0584571897512	0.8078142094504219	0.8988198174995803
ESRRA	200	5057	1805	1541	83.23046411963162	0.5792328671976038	0.8466693744438842
ZBTB40	200	5310	6235	4420	301.88611288410686	0.7706465385097492	0.8222883863943958
ZEB1	200	7113	7412	4575	480.7290599069937	0.6302154189075907	0.6173256456310561
STAT3	200	17710	13195	12106	2130.787362086259	0.8005186717330646	0.9015745597415289
ZNF382	200	2700	4	4	0.09847724993161303	0.5007407407407407	1.0
BANP	200	3952	3298	2498	118.84467949302453	0.6947568824683343	0.7483608319355642
MYOD1	200	8744	9714	7492	774.4981854654874	0.814037040323047	0.8429010960614071
TEAD4	200	7408	8793	5007	593.9504331175344	0.6226605786583133	0.6476397806571145
RBBP5	200	8473	12022	7345	928.8082976201331	0.7389172360605737	0.8504809998870834
EBF3	200	3303	3426	2343	103.18298531959515	0.6966215238177044	0.6999828441452662
CHD2	200	9447	7044	6098	606.7718428011307	0.7555986153541256	0.8530423379600005
MYC	200	35190	37148	30281	11919.742135497401	0.8378224840934105	0.7890440222629252
SMARCA4	200	30760	28904	21763	8106.930245281298	0.7302252611847767	0.6566343199200089
NR2C2	200	8947	5372	4848	438.2537065742683	0.7221573956536137	0.8937926742000829
POLR2C	200	16392	20081	15695	3001.438424364001	0.8695319203079164	0.9479484115686242
AHR	200	6902	3806	2887	239.52778335005016	0.588411851956975	0.7423224003513386
HSF1	200	8591	4135	2822	323.91524573721165	0.5054750218761881	0.6554786669251115
MCM7	200	3302	3346	2158	100.74306556031732	0.6492462500764811	0.6426403680090006
ELF1	200	15387	17833	12507	2502.0185191939454	0.7570846117348979	0.776483962798848
NEUROD1	200	15605	10212	8182	1453.0706665450898	0.6627666931102285	0.7682365135375194
MYCN	200	26859	25350	21728	6208.403847907359	0.8330428265425559	0.8107785802594091
RUNX1	200	29097	31049	24923	8237.738241998724	0.8296238724034837	0.7998970410158969
NFE2L2	200	4992	878	434	39.9651317589131	0.2906221708720285	0.4701891092766924
MEIS2	200	2745	4898	891	122.59514908361447	0.25325057400477946	0.2930153407273749
KMT2A	200	27534	30809	23306	7734.977714963071	0.801455831039043	0.7864541016656513
MAX	200	35322	32297	27933	10402.06650861676	0.827844675415961	0.8006844824754799
GABPB1	200	8980	15436	7528	1263.9307011944925	0.662999230676445	0.8118212857128204
MAZ	200	20296	16621	13822	3075.9534603811435	0.7563097354627122	0.7933561917404264
FOXL2	200	5401	5080	3553	250.17853560682047	0.6786252946742146	0.6838392451444677
BCOR	200	26128	29023	21152	6914.497528950488	0.7691771327590579	0.7410154651658266
GATA1	200	24250	17084	14254	3777.578189112793	0.7110708711593654	0.7873207357905552
GMEB1	200	9375	6577	5910	562.2264520835233	0.7644929907252547	0.8891063820297858
MXI1	200	2673	17391	2496	423.8729187562688	0.5386523893797771	0.9213028016620022
TFEB	200	5631	10782	3553	553.6011853743047	0.48025105379464406	0.5907353202166787
NRF1	200	13494	14022	11411	1725.29286039938	0.8297138543452552	0.8230051971477057
MITF	200	17260	16468	13067	2591.7541716057262	0.7752733135170538	0.7549048898340571
TET1	200	13570	461	220	57.04176164858211	0.24671783009925238	0.4034036761237052
RREB1	200	2737	2045	1892	51.03642746421082	0.8082255927777723	0.9232684076542959
ZNF281	200	842	6130	768	47.06355429926142	0.5186997477457929	0.9069107972087393
KMT2D	200	8128	11195	5484	829.6978207349321	0.5822831348710933	0.6377239616753922
SNAI2	200	10448	7301	6420	695.5489012492021	0.7469016338150829	0.8666253088806286
ZFY	200	12688	8431	7055	975.4037384881918	0.696414994511488	0.8154406499848502
ZNF792	200	1534	904	630	12.644624783441232	0.5537968293892997	0.6926029644086339
SIN3A	200	14107	18338	11598	2358.8416704659435	0.7273011135473384	0.7864346113132857
CEBPB	200	13884	11150	9168	1411.5674295614115	0.7412852940378512	0.7964764878060108
IKZF2	200	13590	4029	3034	499.26242363453997	0.48814642407665837	0.7181093555899578
BMAL1	200	9962	9307	7335	845.4119996352695	0.7622072018076125	0.7669468189759419
CDK9	200	23377	25826	19971	5505.009592413605	0.8137958593586986	0.8094224581413045
TFAP2C	200	10789	19668	9947	1934.8778335005015	0.7138514612754315	0.9049030514638937
PHF21A	200	6676	63	57	3.835032369836783	0.4566499757482382	0.8985886371559323
KDM5A	200	12839	9547	7660	1117.6614662168324	0.6994829806105676	0.7761390182115397
ATF2	200	4703	9823	3358	421.2416248746239	0.5279315454888979	0.6858767164878573
RXRA	200	13502	7302	6209	898.9842618765387	0.655086390520637	0.8292991857739324
ZFP37	200	1334	0	0	0.0	0.0	0.0
POU2F1	200	10266	10283	5431	962.5720616394639	0.5285905608092085	0.48029908631161705
SIX5	200	3811	3464	3014	120.3729734658521	0.8304804585971204	0.8654156111226169
SMC1A	200	26502	19628	17133	4743.149958967812	0.7596825922539585	0.8323799035178601
HNF4A	200	8815	9928	6386	797.9877815263974	0.6838391152543348	0.6970192967396439
ONECUT2	200	3253	2205	991	65.4040758639555	0.37703748780996155	0.43260314421742707
TAF1	200	24607	18205	15777	4084.712637913741	0.7538945332407929	0.8280488252300507
CHD7	200	6587	1151	131	69.131366827756	0.06685086611242401	0.05718682590032529
USF1	200	8336	10852	7251	824.8588675116258	0.7690067081224756	0.8555479146428249
ZNF629	200	3896	4942	3011	175.56334457919212	0.6910557227701709	0.7621246961131501
FLI1	200	20293	21037	16044	3892.621874715054	0.7766368632883769	0.740920607589578
PML	200	5883	9250	4544	496.1954043950032	0.6318191398946116	0.7514296321250511
BHLHE40	200	11879	10867	7563	1177.0684143339108	0.6663149999822215	0.6590275203916331
GTF2B	200	7160	3488	2822	227.72025166408315	0.6015968556199067	0.7957230509621348
HMBOX1	200	1252	89	78	1.0160299079055348	0.4693524069354202	0.8749772260960026
NR5A1	200	4460	2011	112	81.78225585848455	0.04040289617864079	0.0156632107667878
OLIG2	200	8637	6593	4694	519.2280568979667	0.6277214909361153	0.6873442042622807
E2F1	200	22422	20222	16461	4134.382091729734	0.774079737922176	0.7662177196496842
RUNX3	200	3499	12230	3193	390.1957691255585	0.5868128775024379	0.901569871476298
ESR1	200	38321	35975	30667	12570.42012400839	0.8263596325099781	0.7732067814024323
RBL2	200	2125	2080	1777	40.302726360900884	0.8452811085972851	0.8514485439011219
ELF2	200	1457	1183	1066	15.716522294155192	0.8163696289983181	0.8997672782707853
HOXB13	200	8746	13409	6255	1069.3454363089268	0.5908309114924416	0.6755096924926263
CREBBP	200	15770	7326	5970	1053.4423269809429	0.5967363570407325	0.7838202419672068
FOXM1	200	4164	3658	2176	138.88859305188294	0.5587175135990807	0.5788709624043313
SRF	200	8697	9056	5721	718.1547551746147	0.64477445235167	0.62701369575628
ZNF76	200	2139	4537	1734	88.4894957600073	0.5964250307816579	0.8024882100518133
ARID2	200	8544	11785	5503	918.1274733290782	0.5555136137237235	0.6012259594735778
SP1	200	17245	19563	13547	3076.173383787727	0.7390208677759227	0.7390044990903714
ERG	200	23356	35622	21362	7586.280951946749	0.7571556898229683	0.8735551347538968
PPARG	200	3791	3849	2461	133.04968541989606	0.6442779692012348	0.6364084020773063
EZH2	200	15348	17146	9338	2399.533217835324	0.5765174275863689	0.5358523830575661
RUNX1T1	200	9428	6768	5422	581.8246010759551	0.6881091958865048	0.7824180671899299
E4F1	200	3276	6743	2954	201.42306920762286	0.6698966703045006	0.8952701437472197
KMT2B	200	15116	15572	11886	2146.3148718883926	0.7748061111036718	0.7509577165447894
BATF	200	5168	5781	4174	272.4191483541534	0.7648414751965845	0.7969597418321
KDM5B	200	24184	22631	17977	4990.49971733382	0.768847792357922	0.7361752827059508
MYB	200	13694	12048	10556	1504.3796115619587	0.8235052827005594	0.858492629188727
ATRX	200	1189	1163	523	12.608799124646668	0.4447822436536697	0.44366751109273733
PBRM1	200	6380	12068	5301	702.050150451354	0.6350692990504175	0.8099666202430843
ZNF274	200	4882	1390	967	61.87635634175253	0.44687900642206435	0.6815055570919072
ERF	200	6039	87	78	4.790672016048145	0.454733884920431	0.8905233722168743
ARID4B	200	12379	4675	3830	527.6905717151454	0.5643231399735535	0.7962534470572517
ZBTB26	200	16060	657	598	96.21063189568706	0.47371661823716615	0.8947911580430936
NFE2	200	7101	14458	7035	936.1380322786541	0.7386436788219163	0.9892941641928773
HMGB1	200	5670	4518	3964	233.5831129752895	0.7882487685940541	0.8706941890557428
RFX5	200	4335	2937	2304	116.09277833500502	0.6579809211433176	0.7756041052543438
PRDM4	200	745	40	19	0.2717242637001915	0.250251677852349	0.47140922653201744
AR	200	27192	29222	22889	7245.414643931796	0.8125173243391546	0.7842738532341863
DNMT3B	200	575	259	83	1.3579374487097657	0.2324055732751385	0.3168817301912311
SKI	200	2279	10013	1388	208.0753806875171	0.37382942324166824	0.5697573964349321
UBTF	200	4676	12191	2935	519.7876903437585	0.4342122994715071	0.5811089833031177
STAT5B	200	1298	1738	907	20.57011033099298	0.610315773049092	0.6939166656721086
SREBF1	200	902	3593	723	29.551253761283853	0.5013883549128232	0.79483035448019
FOS	200	10861	11051	6852	1094.4188109783897	0.6254577601811344	0.5895185917763706
TBP	200	18118	15648	12628	2585.123224218109	0.751995256160986	0.7688104961995069
ZNF777	200	3590	4097	2718	134.11352238533783	0.7102576584674023	0.7476768968979919
TET2	200	8992	11080	5042	908.4650314580103	0.5078873960969719	0.511352395285988
ATF4	200	9424	11636	7513	999.8875170967448	0.721444239410389	0.77315117718592
STAT1	200	18490	24050	14267	4054.750615482812	0.682414363441946	0.7074522311661992
SMAD4	200	10920	11480	7860	1143.0801495395276	0.7022246046636291	0.6870179927008524
BACH1	200	1200	2977	628	32.57408589404577	0.36714197738215204	0.5100331480665711
THRA	200	5459	930	877	46.292240357435944	0.5518314433893324	0.9400254219546097
BRD7	200	4071	4903	1726	182.00157745965168	0.38800191161242426	0.3970169834966883
KDM2B	200	18560	19060	13757	3225.6186742044315	0.7314955098690161	0.6867822771616895
ZBTB33	200	7355	4527	3693	303.60248928603994	0.6589397221925641	0.8025286519006795
FOXO1	200	9963	4300	3022	390.634631166226	0.5030564950783013	0.673092719808574
THAP11	200	8410	8504	7351	652.1258320415793	0.8692476115317629	0.8634935322392979
ZNF740	200	1013	1463	633	13.51344032096289	0.5287745973567141	0.6198047924506073
ZBTB7A	200	19781	15603	12605	2814.2877997629253	0.7225425529978828	0.7655745196967977
EGR1	200	18925	24939	16959	4303.552247652047	0.7880677476556669	0.8655399907519901
NCOA2	200	388	445	315	1.5743594419622504	0.7598604193212093	0.8110891402170399
REST	200	13922	14071	9450	1786.235634175253	0.6751879214643499	0.631502403540934
SMARCE1	200	670	1958	92	11.961885656970912	0.09215007698992271	0.12163142620232174
ETS1	200	13266	18643	11299	2255.1111334002007	0.7288991007602931	0.8213586547071002
ETV4	200	3488	1466	1299	46.625403483176804	0.629252154336208	0.882342546914802
TFAP2A	200	20878	20687	16524	3938.207221664995	0.7951088140387091	0.7514447724623504
MBD3	200	1275	17098	867	198.77769672654327	0.3653538425546848	0.6208961673076093
BCL6	200	12350	9231	6673	1039.5080696635362	0.6316070738582413	0.6877247732459244
MEF2B	200	4858	2323	1872	102.90082976201332	0.5955991306793521	0.7968559215525249
TFAP4	200	12257	17349	11162	1938.9686605270356	0.7770216581736354	0.8938751042739194
SFPQ	200	9380	254	201	21.724446065469134	0.4063835770528684	0.7718227376827672
HEY1	200	13820	11571	8766	1458.1127017415884	0.6959408664382649	0.7226311420989472
SATB1	200	620	91	71	0.5144524482538525	0.44736795462601914	0.7789702273883842
BMI1	200	14077	9698	7555	1244.8139509437403	0.6578588298782059	0.7464861192497648
ZNF264	200	552	619	361	3.115601349503055	0.6185921074196343	0.6520214448259085
ASH2L	200	2429	7196	1752	159.37890033737577	0.48237653643634876	0.7017123254182669
ARNT	200	6919	14941	5740	942.6167502507523	0.6068887095040947	0.8027234950085459
MLX	200	680	219	193	1.357891857390353	0.582551034112275	0.880537823209452
KLF5	200	11729	10022	7792	1071.8340293608096	0.7209128918000316	0.7508426092526704
ZNF414	200	1876	1534	835	26.240393908999728	0.4947122508152106	0.5363982446696399
ZNF501	200	2210	8485	1542	170.984316586122	0.43973501281206917	0.6723909455754736
GTF2F1	200	8129	5917	4033	438.58204613841525	0.5888601938494189	0.656105098978069
CXXC5	200	10650	2305	2158	223.83742135497403	0.5694273522552524	0.9293664024577519
ONECUT1	200	2492	2391	1955	54.3300082064375	0.8010799762082663	0.8134096806432908
CEBPD	200	6255	2659	2380	151.65537521655878	0.6377844696788639	0.888726903656454
REL	200	5782	1694	1119	89.31073219658977	0.4270491779846831	0.6416751756637018
CREB1	200	18837	23513	17242	4038.6102033372845	0.8243113469824318	0.8922180033154892
PHF20	200	6535	7716	5823	459.77988510987507	0.8228569159246597	0.8828026003115647
ETV6	200	17619	19031	15597	3057.419431020334	0.8523975458217807	0.8611414474945502
NR3C1	200	19804	20296	15745	3665.0130755904074	0.7854050150680452	0.748497224825127
FOSL2	200	7852	12023	6721	860.8060180541625	0.7074860793853723	0.8382250581344601
PGR	200	14969	14937	10308	2038.770429470229	0.6893607839276756	0.6411135361882172
NONO	200	11953	8963	8053	976.8828211908452	0.7860967860294129	0.8860522604884075
KDM6A	200	13790	10986	8632	1381.3890763198688	0.7058440652332647	0.7549093848043108
CEBPG	200	2661	3466	2236	84.09798486368196	0.7427048346171853	0.8350732788815343
GATAD1	200	8408	2391	1960	183.30927327436856	0.5264260084100661	0.8047733793586007
MAFK	200	2574	2057	1475	48.27863590772317	0.6450508790080982	0.7102634489761598
JUNB	200	3752	3500	2260	119.7410413057354	0.6240298507462687	0.6331641997987661
MYBL2	200	5858	5190	3330	277.2227591866509	0.6050359470868354	0.6213954126501241
IKZF1	200	12045	13340	7169	1465.1253761283851	0.5662955104017108	0.5391249732772665
CXXC1	200	10488	8340	3644	797.5738123461293	0.3921875771693858	0.377388670016176
TP53	200	11678	11533	6655	1228.0694264612018	0.5734573887151707	0.5266343654438755
POU2F2	200	9809	8849	6294	791.4638552019695	0.6764612160983106	0.6829055490307027
EPAS1	200	1958	6925	1525	123.63590772316951	0.49953629099169194	0.763950896213545
MED12	200	13792	18310	12527	2302.6490380231603	0.7962209113539569	0.8898980452258423
KLF9	200	4278	5430	2226	211.81307559040758	0.46514067863590924	0.4953503028398162
ZSCAN4	200	830	856	708	6.478344123278927	0.8400574259655444	0.8518557476547246
TRIM28	200	6779	20135	5680	1244.5989331631258	0.5599887732287074	0.801423860192315
MAFB	200	9580	10112	7394	883.3132123643659	0.7515133634814091	0.7486399069691796
SPI1	200	24715	16347	15273	3683.9254581927603	0.7761323351206506	0.9151864741493718
SMARCC1	200	15207	11844	8399	1642.3060818820097	0.630723431371824	0.6623109821123183
ZIC2	200	8270	5018	4269	378.39755630527947	0.6834702447247949	0.8385637543109106
TCF3	200	7122	12888	2434	836.9502689887845	0.2653078927152574	0.2541029585066247
TCF21	200	3256	3288	3165	97.61765295887663	0.9673214189637547	0.9711877822248938
IRF9	200	6057	786	638	43.41024892860399	0.4585187537729987	0.8006974917355537
TCF12	200	11824	10375	4358	1118.5739035287681	0.3943102939498182	0.3499651012939192
DDIT3	200	4161	5469	2494	207.49985410777788	0.5277000088194547	0.5783483145353994
SIX2	200	1631	773	523	11.49596972736391	0.49862345262353036	0.6717023284689718
NFYB	200	6405	7441	5775	434.57285492842163	0.8388723532223987	0.8944799116223958
KLF4	200	12853	5347	3863	626.6526032643385	0.5115067967051462	0.685616359290366
RUVBL2	200	15100	15735	12450	2166.4858210996626	0.8078665269351448	0.7951059577973637
POLR3C	200	167	138	124	0.21013950943740312	0.8205328473487807	0.8983960071506214
NR2F2	200	3520	8666	2478	278.1464393179539	0.4949611727125863	0.678578942418122
NR4A1	200	1640	282	179	4.2170146804048505	0.37194905725653	0.6292069513131039
KDM2A	200	13793	0	0	0.0	0.0	0.0
SOX13	200	5654	122	109	6.289669007021063	0.4563605049667434	0.8876504812626557
ARID1A	200	8680	10308	5991	815.8424364001094	0.6357032209782032	0.6580689058868392
MCM2	200	1817	5435	1102	90.04645755448162	0.40462705542411215	0.5859761236034774
PKNOX1	200	5120	7174	4761	334.9218564785265	0.7967646568772652	0.9249751019247092
TP53BP1	200	14397	10551	6791	1385.0893316312574	0.5576655832300386	0.5897843502909496
TCF7	200	7993	9867	6688	719.1294884653962	0.7572735396537745	0.8205907023048341
ZNF384	200	9961	6581	3352	597.7326616212273	0.4229287413436334	0.4603283093690194
FOXF1	200	319	432	226	1.2565697091273822	0.6158060489957042	0.7073110216161991
ZSCAN20	200	1034	879	682	8.287462387161485	0.7177280759083098	0.7737485203324408
USF2	200	7473	4347	3973	296.207996717425	0.7228054582879779	0.9076723762422441
ZBTB48	200	5969	5226	3851	284.4350688428923	0.691029577680883	0.7217480658140351
TAL1	200	9516	9925	3828	861.1862861311206	0.39398127825018026	0.3427934802472661
RELA	200	21281	24590	17955	4771.585574906538	0.7869426098947985	0.7985391901638467
FOXK1	200	6872	6072	5596	380.47582748244736	0.867963176841043	0.9163668666649185
CHD6	200	6195	1653	1449	93.37407677578189	0.5552431634316651	0.8691994041890055
SOX10	200	2450	4553	1310	101.71286587033829	0.4112081291994065	0.5145397752125765
ZNF341	200	6242	413	387	23.506391902981672	0.49952268201118255	0.9332466580721815
CHD8	200	9200	13314	6549	1116.8852010577186	0.6018680320159884	0.6720323704487164
ZNF547	200	2849	1246	898	32.36850551654965	0.517952287615209	0.7132572765441318
SAP30	200	9888	7732	6002	697.1278927692167	0.6916264542597736	0.7540822386491117
ATF1	200	9806	12403	8606	1108.998066928057	0.785745165474085	0.8620214173534009
ZNF362	200	919	2431	667	20.37101303911735	0.5000807935583587	0.7195728118539207
ZBTB8A	200	5295	5435	3962	262.4083614479803	0.7386159548896609	0.7351265320657864
SREBF2	200	15829	4013	3609	579.2083249749247	0.5636632142705957	0.8823458036378838
HNF1B	200	9359	3007	2104	256.61085985228414	0.4622555206779153	0.6716828223254611
GLYR1	200	2302	5803	1686	121.80638278471778	0.5114729895693426	0.7174562868472184
HES2	200	157	112	104	0.16033555211087808	0.7954959053685169	0.9284690271605067
NR2F1	200	7083	2390	2188	154.35734476155739	0.612194913036518	0.9096456674206478
MECOM	200	21461	17022	15219	3330.985155466399	0.8016125380733012	0.8683077901475008
GATA4	200	8360	3060	1864	233.25977933801406	0.4160584169872095	0.5768978021900038
VDR	200	2851	2793	1238	72.60730372936993	0.43874229342459725	0.42839134874470874
NFATC1	200	5251	723	224	34.617242637001915	0.17623936743393145	0.2751125813907229
PDS5B	200	675	1186	553	7.299626151180815	0.6427662232215352	0.8172833133269696
NFIC	200	9546	0	0	0.0	0.0	0.0
SOX2	200	2980	1608	1029	43.69326160299079	0.49261369327857363	0.6298679882992013
ZNF366	200	3307	4265	2183	128.60723078325887	0.5859777352456033	0.6463621453943246
HHEX	200	8090	6332	5123	467.09109145618675	0.7211579967001055	0.7938586909271912
ZNF711	200	8563	2892	2178	225.80647396735662	0.5037310720687237	0.732202485292788
POU2AF1	200	5705	3735	3572	194.2935625056989	0.7912381046241642	0.9539639891424174
SMAD5	200	9727	4992	4304	442.75721710586305	0.6523295914359449	0.8487660402326761
ZBTB11	200	3663	7878	3411	263.12678034102305	0.6820909221899321	0.9258795891144209
SP2	200	6263	12307	4980	702.824300173247	0.5998969287783256	0.7692518961154453
FOXA2	200	13595	17896	9820	2218.438223762196	0.635525178124501	0.6681774270426033
NBN	200	2171	2273	1485	44.99574177076685	0.668669091814003	0.6773289623740569
AGO2	200	7710	65	23	4.569617944743321	0.178414646313479	0.3049853637927392
MAFG	200	698	823	603	5.238023160390262	0.7982910729144544	0.8628677624118584
KLF10	200	2886	6478	1873	170.470575362451	0.4690637986408286	0.6269604038132607
GTF3C2	200	2120	403	303	7.790279930701194	0.44739278524275483	0.7469697861113707
ZBTB1	200	59	158	45	0.08500045591319413	0.523760995494529	0.7623695135646461
ELF3	200	6576	7764	5049	465.5426643567065	0.7090505449068694	0.7501005381229389
TBL1XR1	200	1751	1376	511	21.96932616029908	0.33159975860969815	0.3611666140863184
BAP1	200	1327	8233	1255	99.61877450533419	0.5490887985390828	0.9413385193577634
MTA2	200	3994	4752	2374	173.05997993981947	0.5469853559800981	0.5760205626115835
ESRRG	200	1484	516	365	6.982255858484544	0.4766606072003176	0.7033502235670207
TBX2	200	9222	2998	2536	252.09771131576548	0.5604459215129178	0.8317492935186057
SMARCA2	200	3605	417	232	13.70734932068934	0.3103549892402305	0.5412760443603821
OGT	200	10043	1115	1061	102.10581745235707	0.5286076150579414	0.9466874221113812
CEBPA	200	11426	10196	8269	1062.2731467128658	0.7673523239963201	0.7890236886921472
GATA2	200	11978	5377	3298	587.2682228503693	0.44434564539980353	0.5659464669987819
CTCFL	200	7079	16086	6273	1038.3221847360262	0.6380542704519923	0.8665712649061754
ZNF331	200	4146	7059	3831	266.8607094009301	0.7333672935311204	0.9187964194110304
HIF1A	200	5898	21519	5345	1157.2814990425823	0.5773122755981288	0.8833510152757819
PBX1	200	6306	8933	4129	513.6454636637184	0.5584959856739475	0.6241597460336099
YY2	200	1301	1918	819	22.752967994893773	0.5282615281899943	0.6229210880748797
ZNF687	200	14279	14166	10269	1844.4088082429105	0.722036355180963	0.6837259133700996
ZSCAN30	200	264	808	131	1.9450351053159478	0.3291704170417042	0.4924728861616848
PHF6	200	3589	6543	2471	214.12261329442873	0.5330740630163481	0.6687287056993352
SMAD2	200	6544	9207	3091	549.3809428284854	0.4040319476942042	0.4239834146142967
CHD1	200	5451	1183	904	58.7994255493754	0.46500002403647467	0.7518236457614852
KLF1	200	10822	15575	7389	1536.9075408042308	0.5785949761098387	0.6302675482138009
NFKB1	200	2006	5096	1828	93.21214552749157	0.6349894586256928	0.9069421109174246
STAT5A	200	6525	11826	5776	703.6076411051336	0.6868130419823066	0.8713366229548921
ISL1	200	1132	2155	227	22.243640010941917	0.1529332311249211	0.18450568734841663
ETV5	200	3942	7791	2830	280.04123278927693	0.5405746629946313	0.6963373782477078
NR2F6	200	1444	4213	892	55.4716148445336	0.4147270715296868	0.6024568126216625
KLF17	200	1991	2835	1439	51.4679037111334	0.6151680799931261	0.7153952744292265
GFI1	200	2792	1513	1043	38.518245646028994	0.531463112433409	0.6812439363104051
ZNF350	200	5838	1339	1068	71.27821646758457	0.4902747598144679	0.7862306986278346
AGO1	200	2482	717	629	16.226807695814717	0.5653455226304427	0.8744244201028144
MXD1	200	3873	4422	2432	156.1630892678034	0.5889571927700418	0.6123047541205862
CBFB	200	9867	10010	6041	900.5987963891675	0.6078696665653187	0.5732959173788428
ZNF10	200	641	361	291	2.109975380687517	0.6300361709759249	0.8049541776084429
SMARCB1	200	3416	2307	1324	71.85841159843166	0.4807466634994401	0.5602068320410165
NANOG	200	11713	15362	9578	1640.6957782438224	0.7206052108586303	0.78803261369048
PAX8	200	1015	2402	575	22.23060089358986	0.4029431549242626	0.5567953641640816
ADNP	200	151	1156	122	1.591647670283578	0.4567416760237402	0.8059010788365941
CLOCK	200	937	2383	461	20.3599069937084	0.3427246804674341	0.4807122188613095
HINFP	200	2272	870	773	18.023525120816995	0.6143673101829368	0.8861470910757773
ZFP3	200	1769	448	286	7.226333546092824	0.40003305943632395	0.6324644316814223
ZNF548	200	1074	0	0	0.0	0.0	0.0
CUX1	200	2075	1870	1736	35.38114343029087	0.8824843760067006	0.9269603059403044
LEF1	200	2699	1591	907	39.154819002461934	0.4530660493247842	0.5592343821563955
TCF7L2	200	11189	5076	4490	517.8751162578645	0.6429208729078661	0.8714383622769666
VEZF1	200	94	11968	11	10.257973921765297	0.05897019712140175	0.008860856525509388
EHMT2	200	1017	9869	784	91.51794474332087	0.4251677307038826	0.7482393108795845
PRDM10	200	1920	13022	1786	227.97702197501596	0.5336804222341678	0.9208048580070635
PRDM1	200	1743	2135	1320	33.93184097747789	0.6877909765525804	0.7524967054316143
MTOR	200	4603	4957	3377	208.0520744050333	0.7074553960059116	0.7210433386798253
SUZ12	200	13084	15738	10296	1877.596352694447	0.7205640249641223	0.7512136732045752
SOX6	200	883	8832	795	71.11020333728459	0.4951766689029494	0.8916109053695154
KMT2C	200	7389	6626	5425	446.4257682137321	0.7764719130994642	0.8056500407710389
RAD51	200	2211	2135	1729	43.04262788365095	0.7959175805028509	0.8059233876313329
TLX3	200	1700	3128	1444	48.487280021883834	0.6555242966751917	0.8449905974666715
XBP1	200	4392	2995	2200	119.94200784170694	0.6177341714028541	0.7234838385283502
MYOG	200	341	0	0	0.0	0.0	0.0
SAFB2	200	1057	6	1	0.05782802954317498	0.08380637023021129	0.15855683328269482
TARDBP	200	3450	2254	1542	70.90635542992614	0.5655368234250222	0.6738573254652036
FOSL1	200	5123	4894	2653	228.61276556943557	0.5299764932636704	0.5196540206863395
PROX1	200	708	2024	221	13.066399197592778	0.21066830798776265	0.2992136235207451
HAND1	200	2906	6388	2309	169.26714689523115	0.5780109793784888	0.7818566765394308
PIAS1	200	2499	1745	1464	39.76251481717881	0.7124014075544258	0.835213568525399
TWIST1	200	6346	11717	5073	677.9983769490289	0.616180926531336	0.7754058511869709
MEF2A	200	1663	45	42	0.6823652776511352	0.4792944477851273	0.9323068566543526
E2F3	200	6274	335	301	19.164675845718975	0.473241617859063	0.8923489635269819
STAT2	200	5031	6105	4123	280.0606820461384	0.7474335288288777	0.8088798994824757
ZBTB21	200	1853	2385	1692	40.297300993890765	0.8112739158325611	0.9111823466207255
SMC3	200	11054	10862	7065	1094.8167046594328	0.6447839279275702	0.6112492327433481
MEIS1	200	2258	12892	1581	265.4339017051153	0.41140566983266585	0.6602371180663292
NFKB2	200	10494	2012	1537	192.5223671013039	0.45519057372934113	0.738936059772686
RBBP4	200	6414	4	4	0.23393817817087625	0.5003118178983473	1.0
NFYA	200	7166	9886	6870	645.9658612200237	0.8268079720310282	0.9546014647010135
ZSCAN29	200	1661	633	506	9.587061183550652	0.5520019250285093	0.7962827010919765
GRHL2	200	3848	3424	2921	120.1381599343485	0.8060957142440788	0.8477539242409711
TOP2B	200	3177	1807	772	52.34648490927327	0.33511199321214197	0.41013995578125073
TRIM24	200	3557	8741	2430	283.5026625330537	0.480580097535239	0.6557198971568188
RARA	200	2309	13533	1684	284.92474696817726	0.42687830722372916	0.6912170142568441
CREM	200	5579	11248	4785	572.1946931704204	0.641544774756077	0.8414158427696525
MGA	200	3916	8019	2790	286.335406218656	0.5301926884323889	0.6897784985617788
POU5F1	200	2630	4176	1734	100.14479803045501	0.5372727372055417	0.6458295323374851
ELK4	200	2047	449	306	8.380623689249568	0.41550076542019776	0.6754568507692044
BRCA1	200	7146	6779	4351	441.7136318045044	0.6253535875989162	0.6168707142247449
LYL1	200	2841	3582	2327	92.79166590681135	0.7343574318854627	0.8129690556485406
DDX20	200	1328	1469	1161	17.78820096653597	0.8322902740984359	0.8725396915802507
ARID3A	200	1234	176	79	1.9803410230692076	0.2564415426550759	0.4425917130842156
MTA3	200	4459	2464	1326	100.18214643931795	0.41776272197190567	0.518575427338532
NKX2-1	200	2313	5114	2233	107.85704385884928	0.701028694490223	0.9637211729166101
ZNF660	200	1325	39	17	0.4711862861311206	0.2243638122883406	0.42899877054660385
ZNF263	200	6928	4027	2797	254.3909546822285	0.5491428634717963	0.6739656865514418
RYBP	200	2226	65	58	1.3193216011671378	0.45918169880434034	0.8900765479262185
TFDP1	200	1552	12573	1495	177.92738214643933	0.5410893936114125	0.9585174762531549
ASXL1	200	9242	10813	5886	911.2222668004013	0.5906099527180738	0.5971564591591784
IRF3	200	1304	12127	1108	144.19265067931065	0.47052981204542316	0.8310064166132426
E2F4	200	10259	8568	7267	801.4872982584116	0.7782547848720018	0.8324859496195429
HNF4G	200	2515	869	612	19.928284854563692	0.4737988638937377	0.6973164982230284
TP63	200	3835	11508	2354	402.4179812163764	0.4091867162076243	0.5685463619235499
ZBTB10	200	1734	1672	880	26.436108324974924	0.5169064529836702	0.518706016820884
IRF4	200	6906	6182	3742	389.2850551654965	0.5735766974980285	0.5787812755785948
HNRNPK	200	3809	2453	1944	85.1962888665998	0.651434578369487	0.7850328565637916
GTF3C1	200	9034	9276	7080	764.1048965077049	0.7734830127152247	0.7637213077618306
PATZ1	200	5074	11930	4332	551.9542263153096	0.6084412389840751	0.8359149736347322
RTF1	200	484	7	4	0.030892678034102308	0.28984651711924436	0.5695287988255952
XRCC4	200	659	722	615	4.338451718792742	0.8925163619855485	0.9327896985617674
ZNF639	200	5224	4318	2133	205.6827938360536	0.4511432519734691	0.46866939235015564
HMGXB4	200	1705	7271	1522	113.0396188565697	0.550996668160301	0.8850473905207618
ZHX2	200	9202	6051	4928	507.71680496033554	0.6749732971402141	0.7974124791234007
ZNF580	200	3570	1613	686	52.50670192395368	0.3087256725380791	0.4059570770711345
DOT1L	200	5147	4525	2735	212.36596152092642	0.567898695479961	0.5849404368585666
TRPS1	200	1298	1924	602	22.771514543630893	0.38834012986555355	0.45421545398515717
DNMT1	200	437	292	167	1.163526944469773	0.4770344189837309	0.5702052129612595
NR2C1	200	3779	3111	2835	107.1985866690982	0.8307405055038208	0.9081164291437146
GFI1B	200	1880	2116	1455	36.273183185921404	0.7307771588303905	0.7694886269895498
RFX1	200	2590	4209	2467	99.40102124555484	0.7693173114056935	0.9506142895547509
ARHGAP35	200	447	1059	312	4.316339928877542	0.4963020704602924	0.6950418274342662
SPDEF	200	1024	655	528	6.1158019513084705	0.6608659351145039	0.8042794070468795
XRCC5	200	1545	6138	1521	86.4704112337011	0.6161333029638698	0.9835450715673856
SNAPC4	200	423	286	197	1.103109327983952	0.5772661145001571	0.6876062782220388
DMC1	200	1933	110	44	1.9388164493480442	0.21138127263321263	0.38923489608955136
E2F8	200	2411	1009	809	22.18199142883195	0.568664680669495	0.797328384501633
RB1	200	4831	1384	1023	60.965660618218294	0.47545962491759025	0.7271423807724556
ELL2	200	1629	1623	1034	24.107476976383698	0.6359185238894393	0.6316200172816117
ZEB2	200	3265	4039	2672	120.24560043767667	0.739963305702024	0.8114320151416174
POU2F3	200	4731	1800	1351	77.64931157107686	0.5180594307052773	0.7393097683204317
HMGA1	200	236	270	198	0.5810157745965169	0.7861581920903955	0.8385856598394943
ZNF574	200	796	10512	612	76.2975471870156	0.4135316995938597	0.744338789897368
FUS	200	438	2245	376	8.966080058356889	0.5129653923991416	0.8554892815737432
HIVEP1	200	3936	3501	2422	125.64909273274368	0.6535739353216155	0.6803295332414556
KLF16	200	2452	5591	1533	125.00348317680313	0.4496972893688674	0.6050703155952232
MBD5	200	2116	707	559	13.641032187471506	0.5274212372628027	0.7865463535188363
GATAD2A	200	3059	3926	2370	109.50701194492568	0.6892154248830564	0.7664005295858209
ZFP64	200	1561	2400	1362	34.160663809610654	0.7200088084561178	0.869665396166355
ZZZ3	200	2097	498	388	9.52225768213732	0.4820713469040684	0.7748106198697162
PBX3	200	2021	6836	1718	125.97388529224035	0.5506953900371436	0.8401077443480366
MBD2	200	2109	4952	1700	95.22903255220206	0.5746824326239341	0.7968984524002964
MBD6	200	2026	0	0	0.0	0.0	0.0
ELF4	200	3902	2727	1957	97.02520288137138	0.6095880517489645	0.7072215289501621
MLXIP	200	631	5882	483	33.84281936719248	0.42378329546048515	0.7521590549356464
ZFP36	200	1154	478	432	5.0297437767849	0.6390578885158409	0.9027422984960589
FOXC1	200	3620	7812	2658	257.859396370931	0.5372499596880278	0.7138727633931714
TFE3	200	4232	7509	2645	289.7609920671104	0.4886219869489945	0.5974368888323333
NCOR2	200	1338	324	287	3.9528768122549467	0.5501508608758235	0.8843920244260556
ZNF143	200	10793	13420	9179	1320.7081243731193	0.7672188831061917	0.8296082910881392
HDAC3	200	1648	1363	611	20.48166317133218	0.40951414462671576	0.439858675020861
ELK1	200	3356	2321	2020	71.0246740220662	0.7361107758923936	0.8662207551679828
PPARA	200	1347	1605	1141	19.713093826935353	0.7789854921632704	0.8447961785489506
ZNF316	200	2770	0	0	0.0	0.0	0.0
MXD4	200	3680	0	0	0.0	0.0	0.0
SMARCA5	200	2069	155	141	2.9241816358165407	0.48891314177021783	0.9079406565054707
RFX3	200	1366	1051	1005	13.090781435214735	0.8459784518126082	0.9556801315787439
JMJD1C	200	3613	2982	1958	98.23986504969454	0.5992691085158428	0.6449080533469382
NR1H2	200	647	1368	548	8.07053888939546	0.6237854424830753	0.8450533180487318
MCM3	200	2814	80	54	2.052703565241178	0.34709488272921113	0.6664412854682937
CHD4	200	611	1118	367	6.228667821646758	0.46445971149088416	0.5965417224372634
ASXL3	200	259	1378	243	3.254326616212273	0.5572832318115337	0.937437846794032
IRF1	200	8280	10995	5608	830.113978298532	0.593672354363973	0.6413367946547797
GLI2	200	33	2844	3	0.8557673019057171	0.04598197161488301	0.06670660700578511
NFXL1	200	49	271	33	0.12108142609647123	0.3976203027336396	0.6726605156820633
MTA1	200	1938	6920	1461	122.28467219841342	0.48249856833515276	0.737293620483153
BRCA2	200	810	35	11	0.2585027810704842	0.16393298059964725	0.3091834859977428
HIC1	200	1672	3218	1486	49.060782347041126	0.675266741207502	0.8853931201015728
IRF5	200	1003	690	565	6.310476885201058	0.6910753247503865	0.8171684722759586
NKX3-1	200	973	471	255	4.17874532688976	0.4017386636641551	0.5372961324324165
MTF2	200	3129	946	664	26.99037111334002	0.4570555608482875	0.6931479375883899
BATF3	200	2111	233	226	4.484936628066016	0.5385076738848013	0.9693674460811946
MAU2	200	1398	2658	836	33.882410868970545	0.45625966795518913	0.5880120566746703
PCGF2	200	779	460	241	3.2674386796753896	0.41664201596249373	0.5205071445597971
ZNF280D	200	1237	1240	213	13.986322604176165	0.17198248885180067	0.1627239997998925
STAT4	200	427	1	0	0.003893498677851737	0.0	-0.003908717263348681
WT1	200	1385	996	728	12.57828029543175	0.6282777318660926	0.7274821222369275
OTX2	200	3783	5589	2817	192.78915838424365	0.624336435183589	0.7309350223104846
PRMT1	200	1208	735	511	8.095924136044497	0.5591256701356039	0.6918437969497326
NOTCH1	200	3096	13007	2760	367.1894957600073	0.5518331512608298	0.876869427364807
DLX6	200	1162	675	395	7.151910276283395	0.4625581691846752	0.5807429798656252
SMARCC2	200	6266	2351	1827	134.32448253852468	0.5343448462281095	0.7636099664239167
HDAC4	200	160	281	138	0.409957144159752	0.6768016014234876	0.8621467880682702
DLX5	200	1301	2083	84	24.710340111242818	0.05244608545514861	0.04645470519123766
ASH1L	200	1210	2404	1011	26.523570712136408	0.6280431374706068	0.8318513194895273
ZBED1	200	247	749	145	1.6869061730646484	0.39031799484332685	0.5842048281696719
CPSF4	200	1176	3047	957	32.67321965897693	0.5639274662933766	0.8084537126518822
ZBTB9	200	1743	1878	1120	29.847305553022704	0.6194747039275312	0.636342982140824
MEF2C	200	4705	4095	2440	175.68136226862404	0.557222916415265	0.5777327252580908
SOX9	200	3514	260	235	8.330810613659159	0.48536075478306556	0.9006632474123714
GTF2I	200	1527	1477	994	20.565140877176987	0.6619676781596353	0.6683682782140358
ESR2	200	1056	2076	887	19.989568706118355	0.6336130451918024	0.8368742293560361
ZNF770	200	3865	2276	1162	80.21099662624236	0.4055958229980652	0.4926652796382641
HMG20A	200	804	4	3	0.029324336646302546	0.376865671641791	0.7481536935314974
SKIL	200	2399	470	368	10.281116075499225	0.46818798612897217	0.7781252770622505
PRKDC	200	664	661	593	4.002042491109693	0.8950989282394328	0.8964989171993281
ZNF561	200	215	996	177	1.9525850278107049	0.5004833286634911	0.8216359489507985
ZBTB49	200	273	12	2	0.02987143247925595	0.08699633699633699	0.16458708495967286
NFIB	200	2025	3108	1524	57.38761739764749	0.6214700414700415	0.7453766786436969
XRN2	200	1212	294	217	3.249092732743686	0.4585690711928336	0.7351684962096365
MECP2	200	1222	1271	859	14.162140968359624	0.6893958904480022	0.6994629723802267
LCOR	200	3850	1283	1157	45.04012036108325	0.6011560769705742	0.8982196417894002
TEAD1	200	2705	6808	2288	167.9186650861676	0.5909581203802854	0.8356379063369039
ZNF83	200	1990	1307	396	23.715966080058358	0.2509894537723045	0.29010259933084054
ZNF48	200	622	9729	404	55.17860855293152	0.34552151075496434	0.615399130503074
ZNF444	200	1505	2149	1202	29.490699370839792	0.6790005086194768	0.7946471771673684
ZBTB7B	200	2240	1374	1018	28.063827847177897	0.5976833801206072	0.7355000873254051
PRRX1	200	2520	3413	1507	78.42399927053889	0.5197814495463191	0.5851040476735725
ZNF697	200	1264	1042	671	12.00955594054892	0.5874041825603149	0.6398024834698506
NR1H3	200	2334	1942	1401	41.32969818546549	0.6608391423253794	0.7153635749011718
ZMYM3	200	4403	3289	1852	132.04583751253762	0.49185569390172973	0.5448144236380857
MEF2D	200	1884	3471	1243	59.62764657609191	0.508938254545855	0.6486462871480172
ETV1	200	4344	4617	3073	182.87816175800128	0.6864981176937979	0.6945535244079816
INO80	200	848	45	39	0.347952949758366	0.4563286163522013	0.8656276610734349
KDM3A	200	803	1085	720	7.944332998996991	0.7801160395062295	0.8956047941736194
LDB1	200	2616	1599	433	38.14155192851281	0.21815706203992175	0.2529751807791111
ZHX3	200	314	556	87	1.5919029816722896	0.2167724419190762	0.27338631051331924
NCOA1	200	2743	3243	1637	81.11196316221391	0.5507856794448549	0.5845054394872736
KAT2B	200	388	336	211	1.1887298258411598	0.5858953117329406	0.626655339484305
YAP1	200	5207	3906	3016	185.45219294246377	0.6756828488492439	0.7607879145345876
MYRF	200	298	0	0	0.0	0.0	0.0
SIX4	200	764	1671	731	11.640776876082795	0.6971344399848353	0.9561379737421458
PTF1A	200	324	1	1	0.0029543174979483906	0.5015432098765432	1.0
NR1D1	200	745	2179	417	14.802179265067931	0.3755518663508598	0.5508066572016425
ZNF592	200	1323	1740	944	20.990425822923317	0.6280292960095917	0.7089115107010304
EHF	200	2056	47	42	0.881116075499225	0.45702251842039904	0.8915845403330818
HNRNPL	200	759	3833	709	26.52728184553661	0.559548226740459	0.9317380719298599
STAT6	200	279	13	7	0.033071943102033374	0.28177557209815274	0.5372843919799336
JARID2	200	4950	1213	803	54.74924774322969	0.41210863790418617	0.6460179290182685
BANF1	200	937	521	382	4.451326707394912	0.5704447362329648	0.7309062878547713
ATF6	200	623	212	172	1.2043038205525667	0.5437021109058421	0.8102428051189975
MAFF	200	1153	1537	629	16.159031640375673	0.47738608399575433	0.5390736131227813
NFATC2	200	446	281	229	1.1427555393453086	0.664199767007644	0.8141909811903737
ZNF766	200	1500	2877	453	39.3498677851737	0.2297278415015641	0.28319590235315045
ZNF24	200	1386	1742	973	22.015245737211636	0.630286794465899	0.6972106919015969
ZNF121	200	494	2189	395	9.860180541624874	0.490021417355456	0.7955136181304919
KLF13	200	1226	90	69	1.006109236801313	0.41147362697118	0.7640287460194509
SSRP1	200	844	1035	473	7.965168231968633	0.5087156856011174	0.5562385849218556
ZNF324	200	612	28	0	0.15625056989149266	0.0	-0.005611692860679638
RELB	200	910	5273	707	43.75335096197684	0.4555011743424412	0.7656556591296095
ZNF449	200	1297	0	0	0.0	0.0	0.0
CDX2	200	716	738	163	4.818163581654053	0.22426041997850146	0.2224210860262986
FOXK2	200	3653	3367	2360	112.15146348135315	0.6734825240163318	0.6906154038500738
ZNF221	200	1211	2014	877	22.239026169417343	0.5798233587021321	0.7190351909654796
POU2AF2	200	1746	248	205	3.948281207258138	0.47201206444222743	0.8238078378930932
CBX1	200	762	3463	506	24.061329442874076	0.405079039535305	0.6530877019810791
NCOR1	200	2407	5411	1613	118.75879456551472	0.48411263058978243	0.6530086084831089
CARM1	200	638	251	163	1.4601805416248745	0.4524441419275874	0.6473508709311262
HIC2	200	1018	650	387	6.033555211087809	0.4877708931539973	0.5915936270775575
KLF6	200	1495	1294	151	17.63955502872253	0.10884788553292013	0.10448494036046263
ZIK1	200	982	329	243	2.9459104586486733	0.4930279994304781	0.7362400817576827
HBP1	200	679	1137	489	7.039509437403119	0.5751279430794161	0.7172452805358793
PCBP1	200	2859	301	286	7.8468040485091635	0.5251005451107943	0.9488322139852021
ZBTB12	200	2303	523	372	10.98266618035926	0.43640475595469874	0.7050881092764135
TBX3	200	1092	85	77	0.8463572535789186	0.4881975867269985	0.904935784846459
ZBTB44	200	729	0	0	0.0	0.0	0.0
SIRT1	200	200	202	75	0.36837786085529317	0.37314356435643564	0.3738466949245442
PBX2	200	1223	2116	1200	23.5968633172244	0.7741507681226399	0.9808237953557368
MYBBP1A	200	2698	3195	2565	78.60043767666636	0.8767605633802817	0.9492250048778229
E2F7	200	249	1036	187	2.3521838241998725	0.4657529732830938	0.7486294386818774
ZNF644	200	1200	815	568	8.917662077140513	0.5851329243353783	0.6935796898410179
ZNF184	200	667	217	105	1.3197683960973832	0.32064612854862895	0.4807127237989602
ZNF175	200	637	0	0	0.0	0.0	0.0
SUPT6H	200	1004	4866	600	44.54694994073129	0.360457062010896	0.5789267646029751
ZBTB3	200	61	184	15	0.10234339381781708	0.16371168923734852	0.24463431659650775
NR5A2	200	1216	87	13	0.9646393726634449	0.08005803841500303	0.1398885358250301
SALL4	200	461	4	2	0.016814078599434668	0.25216919739696314	0.49788936809237333
DUX4	200	688	22	17	0.13801404212637913	0.3987182875264271	0.7712925070195078
ZBTB16	200	33	908	31	0.2732196589769308	0.4867674542784675	0.9388879694501142
ZNF407	200	934	7128	825	60.70531594784353	0.49951919264017763	0.8751853160330355
MAF	200	508	1308	315	6.058758092459196	0.43045221411543744	0.6154928428145555
NFE2L1	200	116	801	40	0.847232606911644	0.19738258211718113	0.3400071772433874
PRDM15	200	1516	41	38	0.566754809884198	0.4759476156766845	0.925803630505192
NFRKB	200	1214	1692	798	18.729716421993253	0.5644811712059075	0.6519615640784475
HAND2	200	682	3327	549	20.689468405215646	0.48499943147111474	0.798884194873982
PARP1	200	152	3	2	0.004157928330445883	0.3399122807017544	0.6662040334313386
ZNF12	200	785	1826	528	13.070210631895687	0.48088404573708843	0.6670681666393803
ZNF23	200	32	33	21	0.00962888665997994	0.6463068181818181	0.6561465335607505
SETDB1	200	378	1010	283	3.4811707850825204	0.5144376342396144	0.7463411914451856
ZNF7	200	1060	2055	640	19.86231421537339	0.45760455401000777	0.596207304340508
GATAD2B	200	1897	1954	590	33.79901522750068	0.3064810623248797	0.2985190483035369
TBXT	200	370	7	1	0.02361630345582201	0.07277992277992278	0.13995556136452753
RARB	200	38	39	23	0.01351326707394912	0.5975033738191633	0.6051227346855887
ZNF532	200	57	69	39	0.03586213185009574	0.6247139588100686	0.6840117190632625
ZNF589	200	720	457	360	3.0002735479164766	0.6438730853391685	0.786343483600672
TSHZ1	200	210	0	0	0.0	0.0	0.0
SAMD1	200	124	11	10	0.012437311935807422	0.49486803519061584	0.908988005038979
BCLAF1	200	1176	4334	978	46.47382146439318	0.5286451221005246	0.8247052580430669
HOXB7	200	8	8	7	0.0005835688884836327	0.875	0.874990881070927
ZKSCAN1	200	561	525	295	2.68555667001003	0.5438757321110262	0.5596522306876173
KHSRP	200	447	404	343	1.6466490380231604	0.8081738542981816	0.848391967274147
BACH2	200	596	381	241	2.070538889395459	0.5184541739329563	0.6305380964845702
TCF7L1	200	190	49	45	0.08489103674660345	0.5776047261009667	0.918225675363313
HNF1A	200	632	3529	484	20.336719248655054	0.4514860594495518	0.7580368077380709
CREB3	200	152	412	115	0.5710221573812346	0.517852580480327	0.7556610331316218
KDM5C	200	405	2456	312	9.069754718701558	0.44870310049463147	0.7651101397067409
ZNF558	200	321	2916	259	8.5350232515729	0.4478369421688909	0.8015777619457247
HMG20B	200	549	980	320	4.905808334093189	0.4547042860860191	0.5791169920435134
ZNF768	200	1432	12680	918	165.56724719613385	0.3567294644273303	0.5941355758037602
XRCC6	200	898	3303	633	27.045627792468313	0.4482718686595907	0.6957360701590742
GLI4	200	66	667	39	0.40140421263791376	0.32468992776339106	0.5884058236929259
TBX5	200	272	155	109	0.38442600528859305	0.55198055028463	0.7024879265941644
ZNF800	200	938	1728	669	14.779465669736481	0.5501861969912343	0.7086286645528936
PDX1	200	781	1418	538	10.098094282848546	0.5341340258501903	0.6847847979128512
ZC3H8	200	100	451	75	0.4112337011033099	0.45814855875831484	0.7489676704602679
CBX4	200	283	5	0	0.012902343393817817	0.0	-0.002587144724693062
KAT7	200	261	6894	181	16.40680222485639	0.35987065214129227	0.6729263089583357
ZNF785	200	95	206	71	0.1784444241816358	0.5460143076136944	0.7468929943802721
SOX17	200	1675	1413	833	21.58087900063828	0.5434196321999345	0.5831593865237201
SIX1	200	118	714	55	0.7682319686331722	0.2715662536200921	0.4626030037937877
ZNF624	200	45	52	26	0.021336737485182822	0.5388888888888889	0.5775774862603669
BCL11A	200	1264	1658	658	19.109255037840796	0.45871665572368725	0.5132102937929541
EOMES	200	1875	218	53	3.727090361995076	0.1356929663608563	0.22995398588298976
ZKSCAN8	200	428	1032	276	4.027500683869791	0.4561508367746142	0.6414861807188514
PHOX2B	200	440	504	270	2.0220661985957875	0.5746753246753247	0.6118525914662074
MYNN	200	436	1056	358	4.1981945837512535	0.5800580344731721	0.8193615704667805
DNMT3A	200	166	2267	113	3.4314033008115254	0.3652842512529164	0.6739837762266631
NKX2-5	200	667	51	43	0.3101759824929333	0.45380251050945114	0.8421773964487036
ZNF510	200	281	25	7	0.06405580377496124	0.15245551601423488	0.2781504538847599
TP73	200	755	474	315	3.2631530956505883	0.5408877525358371	0.6622316671286458
ERCC6	200	42	86	20	0.032935169143795025	0.3543743078626799	0.4757793977570588
MBD1	200	184	542	130	0.9093462204796207	0.47318706882721	0.7050641368891098
ASCL2	200	296	1414	137	3.816394638460837	0.27986304904621734	0.45582162351902594
CREB5	200	231	265	160	0.5581745235707122	0.6482071387731765	0.6918962091486199
ZNF354C	200	82	26	20	0.019440138597611015	0.5065666041275798	0.7690580945134363
ZNF507	200	558	0	0	0.0	0.0	0.0
PSIP1	200	849	3	2	0.023224218108872072	0.33451118963486454	0.6640660656797248
TAF7	200	715	4717	578	30.752758274824473	0.4654635591247845	0.7997799747725906
SIRT6	200	165	24	16	0.03610832497492478	0.3818181818181818	0.6661644064958981
PPP1R10	200	427	212	61	0.8254217197045682	0.2152964959568733	0.28495180987374696
ZNF138	200	517	8	3	0.037713139418254764	0.19040135396518376	0.37203970573415296
ZNF207	200	134	895	90	1.0935533874350323	0.38610022513132664	0.6689400618145769
HDAC6	200	352	381	188	1.2228686058174523	0.5137646146504414	0.5324666709366908
PCBP2	200	27	85	13	0.020926415610467767	0.3172113289760349	0.4810792907247714
ZBTB5	200	261	536	229	1.2756086441141608	0.6523167209927374	0.8767924728480655
PHC1	200	173	144	118	0.22715418984225402	0.7507626846499679	0.8191591753401666
HSF2	200	421	141	128	0.5412692623324519	0.6059197115951551	0.9074461236284423
ZNF239	200	173	0	0	0.0	0.0	0.0
LCORL	200	86	4758	73	3.731084161575636	0.4320898951093385	0.841981629786736
KDM6B	200	200	2350	192	4.285584024801678	0.5208510638297872	0.9591241147968692
ZNF34	200	207	113	107	0.2132853104768852	0.7319054337138216	0.9468022451357265
CCNT1	200	258	323	182	0.7598614023889851	0.6344469244246046	0.7045562157821594
CIITA	200	192	0	0	0.0	0.0	0.0
TAF15	200	233	1199	204	2.5473420260782347	0.5228391327536897	0.8741607050447573
MAF1	200	338	18	10	0.05547551746147533	0.29257067718606183	0.5541815550596145
IRF8	200	209	950	49	1.810431293881645	0.14301435406698565	0.22776035010262966
ZFP1	200	102	269	59	0.2501869244095924	0.39888111378380353	0.5773948010297071
MEN1	200	294	11073	231	29.684161575636	0.40328792042419787	0.7616487896618123
ZNF778	200	58	47	31	0.02485638734384973	0.5970286133528979	0.659394335610094
AEBP2	200	77	50	33	0.03510531594784353	0.5442857142857143	0.6597611161296798
BRF1	200	66	278	53	0.16730190571715145	0.49683889252234575	0.8025297401394373
ZNF549	200	98	0	0	0.0	0.0	0.0
ORC1	200	235	6	0	0.012856752074405033	0.0	-0.002147393429889889
ZNF114	200	67	59	29	0.03604449712774688	0.46218062231216794	0.4912145946765963
THRB	200	130	920	7	1.0905443603537885	0.03072742474916388	0.0458419098143236
CBX2	200	185	0	0	0.0	0.0	0.0
NFKBIZ	200	25	428	14	0.09756542354335734	0.2963551401869159	0.5582761209058786
CDC45	200	49	1351	38	0.603619950761375	0.4018187585915195	0.7727102731896772
ZNF524	200	184	317	77	0.5318500957417708	0.330690234535729	0.4167925056428741
HDGF	200	59	1077	36	0.5794018418893043	0.3217978376847175	0.6063032436307425
ZFP41	200	46	624	39	0.2617306464849093	0.45516304347826086	0.8469552936973547
LMNB1	200	81	559	25	0.4128658703382876	0.17668234722498288	0.3050999938786994
TEAD2	200	223	76	63	0.15453633628157198	0.5557292895916922	0.8285988459687048
ZNF512	200	174	267	146	0.423616303455822	0.692948469585432	0.8386877327220323
MSX2	200	179	313	118	0.5108689705480076	0.5181073411033965	0.6582424955055972
HOXA13	200	245	12	2	0.026807695814716877	0.08741496598639456	0.16480085294341634
CASZ1	200	83	1486	51	1.1246284307467858	0.324389077170053	0.6091620790638705
ZNF707	200	202	328	100	0.6041396918026808	0.39996377686549145	0.49353477353551967
ZSCAN5A	200	230	82	62	0.17197045682502052	0.512831389183457	0.755584973612894
ZNF512B	200	51	345	41	0.1604358530135862	0.461381074168798	0.8033027983660878
KDM3B	200	156	4	4	0.005689796662715419	0.5128205128205128	1.0
ZNF354B	200	21	287	14	0.0549557764201696	0.35772357723577236	0.6657920639709399
ZNF577	200	95	467	17	0.40453177714963073	0.10767496900710019	0.17543618668660055
PRDM2	200	65	23	18	0.013631804504422357	0.5297658862876254	0.7824797742089677
ZNF311	200	68	32	1	0.019841342208443514	0.02297794117647059	0.03064896169777924
FOXN3	200	123	112	69	0.12561320324610195	0.5885235191637631	0.6156403513690797
CDT1	200	103	742	58	0.696872435488283	0.3206369560097349	0.5601307499458091
PTBP1	200	32	416	31	0.12138232880459561	0.5216346153846154	0.9686310112215571
MLLT3	200	149	249	20	0.3382967083067384	0.10727473653001267	0.1322580251425916
LIG4	200	32	43	26	0.012546731102398104	0.7085755813953488	0.8124264551615934
ZSCAN5B	200	7	7	4	0.0004467949302452813	0.5714285714285714	0.5714012148908149
ZNF416	200	75	35	5	0.0239354426917115	0.10476190476190475	0.1422705676093148
ZNF140	200	40	42	10	0.01531868332269536	0.24404761904761904	0.24971266464771774
ZNF101	200	78	401	14	0.2852010577186104	0.10719994884583413	0.1764760268178438
SUV39H1	200	3	2	2	5.470958329534057e-05	0.8333333333333333	1.0
RPA2	200	38	10	5	0.0034649402753715694	0.3157894736842105	0.49982669293636894
SALL2	200	28	58	19	0.01480806054527218	0.5030788177339902	0.6784013481318522
MRE11	200	59	59	21	0.031740676575180087	0.3559322033898305	0.3555855228559425
RBAK	200	86	117	56	0.09174797118628614	0.5648976346650766	0.6507902408497618
NSD2	200	12	4	2	0.00043767666636272456	0.3333333333333333	0.49994528442977254
ZNF8	200	114	69	56	0.07172426370019148	0.6514111365369947	0.8113981546595719
MTF1	200	9	183	8	0.015017780614570986	0.4663023679417122	0.8887031742987245
SMC1B	200	70	1	1	0.0006382784717789732	0.5071428571428571	1.0
ZSCAN18	200	109	18	14	0.017890033737576364	0.45310907237512743	0.7775566934300425
PHF19	200	17	28	7	0.004340293608097018	0.33088235294117646	0.41161448435925696
ARID1B	200	58	8836	46	4.673000820643749	0.39915471191520585	0.7749732746138583
MKI67	200	7	1	1	6.382784717789733e-05	0.5714285714285714	1.0
FOXO3	200	10	15	8	0.0013677395823835142	0.6666666666666667	0.7999726414664173
DEK	200	78	193	29	0.13726634448800948	0.26102696957619237	0.3706873917785799
ZNF133	200	59	32	29	0.017215282210267167	0.6988877118644068	0.9061995374551824
FOXB1	200	10	4	4	0.00036473055530227043	0.7	1.0
GLI1	200	22	22	17	0.0044132397191574725	0.7727272727272727	0.7726816722603239
BRF2	200	12	6	6	0.0006565149995440868	0.75	1.0
HES1	200	68	324	53	0.20089358986049055	0.4714960058097313	0.7787581460254066
QKI	200	32	3	1	0.0008753533327254491	0.18229166666666666	0.3331387535951647
EN1	200	29	738	18	0.1951490836144798	0.32253994953742643	0.6181198773800042
HMGB2	200	5	1348	1	0.061457098568432574	0.10037091988130564	0.19004449696275916
SNAI1	200	18	348	1	0.057116804960335554	0.029214559386973177	0.052549146354601804
NFATC3	200	99	2592	87	2.3398194583751253	0.4561763468013468	0.8758537390189083
ZNF530	200	27	96	9	0.023634539983587124	0.21354166666666666	0.33274925316833065
HMGA2	200	30	121	20	0.033099297893681046	0.41597796143250687	0.6662984904776249
TOP1	200	40	122	24	0.044497127746876995	0.3983606557377049	0.5995545331726733
PRMT5	200	88	127	69	0.10190571715145437	0.6636989978525412	0.7838405922788312
ZNF398	200	36	4748	25	1.558566608917662	0.34985490966956845	0.6806172415911078
ZNF302	200	43	26	20	0.01019421902069846	0.6171735241502684	0.7691402525065765
POU3F2	200	24	359	20	0.07856296161210906	0.4445218198700093	0.8327859654258645
SOX1	200	22	31	11	0.006218655967903711	0.4274193548387097	0.4998586269484398
BPTF	200	2	2097	0	0.038241998723443055	0.0	-0.019493739135284877
ZBTB4	200	41	2228	30	0.8329351691437951	0.372586154048255	0.7261437935203611
CAMTA2	200	65	791	55	0.4688155375216559	0.4578430419138384	0.8450361622323157
OVOL2	200	18	16	1	0.002626059998176347	0.059027777777777776	0.06234610403823004
HOXA9	200	4	56	4	0.0020424911096927146	0.5357142857142857	1.0
ZNF593	200	14	2	2	0.0002553113887115893	0.5714285714285714	1.0
KAT6A	200	9	22	8	0.0018054162487462387	0.6262626262626263	0.8888665953272695
TAF2	200	40	245	28	0.08935898604905626	0.40714285714285714	0.6993283070596299
FOXP3	200	8	127	6	0.00926415610467767	0.3986220472440945	0.7497101594807518
HNRNPA2B1	200	7	1	1	6.382784717789733e-05	0.5714285714285714	1.0
ZFP30	200	13	61	9	0.007230783258867512	0.4199243379571248	0.6921364542636519
RBBP8	200	2	5	0	9.118263882556761e-05	0.0	-4.55933980759586e-05
YBX1	200	24	48	20	0.010504239992705389	0.625	0.8332603552814825
ARID3B	200	14	1	1	0.00012765569435579466	0.5357142857142857	1.0
MAPK1	200	6	137	2	0.007495212911461658	0.17396593673965935	0.3324994902601651
ZHX1	200	4	126	4	0.0045956049968086075	0.5158730158730158	1.0
HOMEZ	200	10	1895	4	0.17279110057445063	0.20105540897097626	0.3894502435629784
TET3	200	19	15	0	0.0025987052065286767	0.0	-0.00017327703349718653
EGR2	200	3	4181	3	0.11437038387890945	0.5003587658454915	1.0
ZNF410	200	4	11	4	0.00040120361083249747	0.6818181818181819	1.0
ZMYND11	200	12	0	0	0.0	0.0	0.0
SMC2	200	2	7	2	0.00012765569435579466	0.6428571428571428	1.0
SMYD3	200	12	0	0	0.0	0.0	0.0
MCM5	200	9	7	3	0.0005744506246010759	0.38095238095238093	0.42852453079425296
TOP2A	200	13	12	8	0.0014224491656788546	0.641025641025641	0.6666271495055796
NKRF	200	2	4868	2	0.08877541716057263	0.5002054231717338	1.0
DPF1	200	1	2	0	1.8236527765113522e-05	0.0	-1.82368603421235e-05
ATR	200	6	212	4	0.0115984316586122	0.34276729559748426	0.6660210613507769
NR4A2	200	3	1	0	2.7354791647670285e-05	0.0	-2.73555399527661e-05
TERF1	200	3	298	3	0.008151727911005744	0.5050335570469798	1.0
HMGN2	200	2	14	2	0.0002553113887115893	0.5714285714285714	1.0
WDHD1	200	4	5	2	0.00018236527765113522	0.45	0.499977203300962
TFAM	200	5	6	2	0.0002735479164767028	0.3666666666666667	0.39996717245404145
FOXO4	200	2	12	0	0.00021883833318136228	0.0	-0.00010943114045486878
TFCP2	200	4	575	4	0.020972006929880552	0.5034782608695653	1.0
RAG1	200	1	7119	1	0.06491292057992158	0.500070234583509	1.0
PAX6	200	3	349	2	0.00954682228503693	0.3361986628462273	0.6656025222357399
WRN	200	2	3	2	5.470958329534057e-05	0.8333333333333333	1.0
DDX11	200	3	1	1	2.7354791647670285e-05	0.6666666666666666	1.0
WDR77	150	6105	6439	4837	358.4398194583751	0.7717524976726716	0.7793462592989867
EP400	150	6627	10535	5150	636.595650588128	0.6329852942998502	0.7534390144890621
ZKSCAN8	150	812	2142	530	15.859432843986506	0.4500708329308735	0.6457911936238031
HDAC2	150	20326	17373	12327	3219.874149721893	0.6580069636127801	0.6434709863121265
TCF4	150	9327	6446	4819	548.2068204613842	0.6321337177260803	0.7241341039823848
ATF3	150	8081	19318	6329	1423.4408498221937	0.5554085280724609	0.7368404905642921
BCL11B	150	15361	8986	7265	1258.6299443785904	0.6407154186550604	0.7772851581311253
FOXA3	150	7615	0	0	0.0	0.0	0.0
GATA6	150	4957	1999	1656	90.3532688976019	0.5812436175723528	0.8202915215211724
FOXA1	150	30621	32378	24309	9040.272982584116	0.7723272629295796	0.7075168044660337
MNT	150	13260	14770	11200	1785.813805051518	0.8014696946952313	0.8204665703518985
ZBTB17	150	7856	10153	6158	727.2906720160481	0.6951898553957445	0.7618082149408937
SOX6	150	1754	11732	1594	187.6349776602535	0.522323821912488	0.8978526730882939
HMGXB4	150	3092	10427	2704	293.97541716057265	0.566920812484158	0.8613307394153561
RUNX2	150	17237	7227	6453	1135.8785356068204	0.6336353543389062	0.8729298037275129
SMAD1	150	9154	4522	3145	377.444953040941	0.5195271880816308	0.6677568558269406
ZIC5	150	927	1493	835	12.619777514361266	0.7300158741512892	0.8993854003645131
FOXJ3	150	1415	2520	688	32.5139053524209	0.37961747714397887	0.4741357596183811
ZNF777	150	5132	5874	3813	274.8734202607823	0.6960584790339929	0.7284402664114185
WT1	150	2391	1698	1224	37.01940366554208	0.6163838777039339	0.7146264074089433
MLX	150	1214	442	377	4.892750980213368	0.5817424169008625	0.8512950765612729
STAT2	150	7340	8734	6049	584.5496489468405	0.7583475802229878	0.8088950502317382
E2F5	150	4155	5162	3303	195.5695267621045	0.7174070582442929	0.7848175373304985
HDAC1	150	30694	34018	25038	9520.821482629708	0.7758757822350042	0.7328695833098527
KLF11	150	10632	9787	8133	948.8044497127747	0.7979775799011035	0.8128577275090673
TAF1	150	28052	21142	18264	5407.817853560682	0.7574747158954754	0.8170861393865776
HAND2	150	1456	5851	1099	77.67900063827847	0.4713194161418824	0.7409892179214269
BRD4	150	52214	52268	45180	24884.848655056077	0.8648381935344589	0.7426191574257817
JUND	150	14578	15759	11028	2094.7816358165405	0.7281364832727796	0.7156182086676004
POU2F1	150	12414	12788	6890	1447.5265067931066	0.5469024448417814	0.4962829205376
JUN	150	34689	30787	27128	9738.034494392268	0.8315928929866261	0.8261672290248567
FOXP1	150	20007	4524	3843	825.3092732743686	0.5207761335256798	0.8158807939579003
ZNF217	150	8527	1090	954	84.74906537795204	0.4935546343347575	0.864710396861125
NFIC	150	13659	0	0	0.0	0.0	0.0
TCF7	150	10576	13189	8875	1271.8780341023069	0.7560366938925518	0.8171778050379543
GATA3	150	17684	16278	11877	2624.7848272088995	0.7006295786295562	0.677658343159305
EBF1	150	14675	17301	11552	2315.0558493662807	0.727448083029735	0.7473289553788253
PAX5	150	18137	8785	8269	1452.8453086532325	0.698591178649794	0.9296250526998604
OLIG2	150	10777	9121	6668	896.298139874168	0.6748926267009709	0.7017521070408174
BCOR	150	30271	33710	24831	9304.599343485	0.7784481974219221	0.7405372486617249
MYBBP1A	150	3244	3691	3042	109.17848089723716	0.8809490442476635	0.9355625196621032
MYOD1	150	11281	12502	9632	1285.9949120087535	0.8121308728179947	0.835017592739274
IRF2	150	6901	4637	3983	291.78386979119176	0.7180616324338389	0.8494896501342566
TBX21	150	3612	14801	3391	487.4734384973101	0.5839606011925057	0.9292692842739946
MITF	150	22447	19359	15947	3962.3550013677395	0.7670901186888854	0.7783932798149792
RAD21	150	35003	35644	29271	11376.373958238351	0.8287233687518898	0.7573923593716553
RBPJ	150	16210	16734	13201	2473.4033008115257	0.8016233982876975	0.7809501097038275
DDIT3	150	6832	8894	4591	554.0604358530136	0.5940877339353057	0.6430357480982704
CTCF	150	53551	50370	44140	24595.27555393453	0.8502881259397902	0.7582903354394148
ZNF280B	150	6961	8604	5210	546.1151089632534	0.6769939961040828	0.7270410880721181
POU2AF1	150	8275	4838	4577	365.04467949302455	0.749581935058431	0.9416493165484118
EP300	150	36572	45141	30016	15053.311315765479	0.7428379617308716	0.6953345951417944
ZFX	150	21592	21877	17649	4307.1777514361265	0.8120618693065915	0.7718807897878378
SMAD3	150	18158	22637	16069	3747.995313212364	0.7974049181748407	0.8550312754640962
YY1	150	24633	25875	20492	5811.788775417161	0.8119267649088622	0.7799822790049059
NPM1	150	16058	9882	7203	1446.9331266526854	0.5887312484351088	0.6823973016189161
E2F6	150	9950	16962	7048	1538.9067201604814	0.5619293733139226	0.6549794535086443
THRA	150	8340	2093	1986	159.16494939363545	0.5935033530748263	0.9446695311647963
ATF7	150	9400	4992	3529	427.8727090361995	0.5411783108292417	0.6794567927812855
MED1	150	27884	38610	24494	9816.734202607824	0.7564100687827556	0.8123678459144986
NFE2	150	9444	17290	9358	1488.891766207714	0.766065699386772	0.9891893362764465
ASCL1	150	26555	28229	21654	6835.242956141151	0.7912615746225764	0.7514675262428613
GABPA	150	17157	13259	11897	2074.2651864684963	0.795348458282658	0.8782268848831153
ESRRA	150	7224	2990	2549	196.95231147989423	0.6026799834812979	0.8421079590539811
ERG	150	27144	38977	24626	9647.047396735661	0.7695219936359273	0.8560892255300373
ZBTB40	150	6475	7459	5103	440.38501869244095	0.7361240366254443	0.7726449816185754
ZEB1	150	8937	10134	6285	825.8188930427647	0.6617227937182539	0.673043917398751
STAT3	150	21995	17287	15833	3467.015273092003	0.8178679865043451	0.8947900429174128
ZNF382	150	4690	5	5	0.21382328804595604	0.5005330490405118	1.0
BANP	150	4884	4389	3196	195.4579739217653	0.6912828754934018	0.7155149530918894
TEAD4	150	10690	12618	7720	1229.929971733382	0.6669973152226889	0.6860488356718648
RBBP5	150	11914	15393	10219	1672.2184918391538	0.7608017951602981	0.8345014489276703
ZBTB48	150	9229	8165	6153	687.10481444333	0.7101425742240522	0.7309403314603663
EBF3	150	4250	4361	3012	169.00018236527765	0.6996865802500776	0.6966429661059079
CHD2	150	11539	8814	7566	927.3707121364092	0.7570482404036485	0.8417574917689493
CDK9	150	27383	30582	23539	7635.879511261056	0.8146610320399712	0.8053387073729513
MYC	150	40971	42662	35355	15937.857226224127	0.8458254453036282	0.7756574134238076
SMARCA4	150	41715	39655	32082	15083.508024072216	0.7890518686635192	0.6917973069189643
NR2C2	150	10630	6568	5828	636.6174888301267	0.7177960819183178	0.8752398789647362
POLR2C	150	17395	21265	16629	3372.888438041397	0.8689767708396765	0.9453719936105682
AHR	150	10998	5875	4619	589.1606638096107	0.6030991089288962	0.7623839999447989
HSF1	150	12838	5614	4123	657.1763654600164	0.5277849541903149	0.6992025317159843
MCM7	150	5058	5496	3617	253.47650223397466	0.6866098886108909	0.7000743152427027
ELF1	150	17793	20453	14484	3318.320680222486	0.7610940803183546	0.7713938991740743
NEUROD1	150	17938	13013	10319	2128.45075225677	0.6841177403691877	0.7524931957509801
MYCN	150	31406	29804	25745	8534.917698550196	0.8417790228516515	0.8091596081828448
CBFB	150	12553	14218	8601	1627.4145527491567	0.64505613094557	0.6382802533483984
RUNX1	150	34187	36617	29802	11414.474140603628	0.842809565694226	0.8074434067141187
NFE2L2	150	6466	1441	667	84.95947843530591	0.28301398464353017	0.429220596515136
TFAP2A	150	25082	24376	19790	5574.895887662989	0.8004380845791343	0.756078155165859
MEIS2	150	5157	6070	1787	285.4289231330355	0.3204589881030534	0.30823138022090907
KMT2A	150	33735	36477	28421	11220.494164311116	0.8108133214845006	0.7639743888326206
MAX	150	40540	37195	32473	13749.296070028267	0.8370293997162781	0.7985984974431223
GABPB1	150	10303	16977	8486	1594.9122914197137	0.661748170448373	0.7913433969883346
MAZ	150	24249	20581	17431	4550.639819458375	0.7828899894334982	0.8034978650184285
FOXL2	150	7080	6424	4640	414.716148445336	0.688829319430666	0.703126022323199
MEF2C	150	7160	5911	4126	385.910093918118	0.637138811362964	0.6769283341371303
GATA1	150	30054	21038	17900	5765.25988875718	0.7232179655603973	0.7945358870023589
MXI1	150	3844	21214	3613	743.5635634175253	0.5551092028147434	0.925494360318309
NRF1	150	15499	15582	12892	2202.1101303911737	0.8295802539717763	0.8039391146678201
TFEB	150	7237	12409	4624	818.8559587854472	0.5057857766652603	0.5928729577864814
RBBP4	150	9684	15	15	1.324519011580195	0.5007744733581165	1.0
GMEB1	150	11072	8162	7278	824.01444332999	0.7745135137384156	0.8795309702951827
TET1	150	15900	795	446	115.25941460745874	0.29452830188679247	0.48656883596488937
FOXK1	150	8944	8226	7384	670.8611653141242	0.8616115097337427	0.888552676737805
RREB1	150	4622	3549	3279	149.57124099571442	0.8166776887194289	0.9205748909181186
ZNF281	150	1190	8528	1080	92.53505972462843	0.5171023381209895	0.8997690076801913
HOXB13	150	12955	16920	9611	1998.7106774870065	0.6549508641934757	0.69478717642763
KMT2D	150	11098	12902	7441	1305.6113431202698	0.6236067286727435	0.6265466855800559
SNAI2	150	13440	8966	7871	1098.7785173702928	0.7317559208464782	0.8608149011162727
TFAP2C	150	13554	23763	12515	2936.844187106775	0.7250013771264961	0.9021395166172222
ZFY	150	14479	10006	8297	1321.0255676119266	0.7011196452237091	0.8032233700508336
ZNF792	150	3118	1912	1394	54.35958785447251	0.5880804801919479	0.7211516305237335
SIN3A	150	18256	22883	15136	3809.1734111425185	0.7452745079061827	0.7840356163473031
USF1	150	10295	13910	9054	1305.766845992523	0.7651773403503896	0.8619459548174305
CEBPB	150	17429	13954	11546	2217.600674751527	0.7449460569906285	0.7948263404075151
IKZF2	150	16401	6140	4745	918.2286860581745	0.5310564651356963	0.732849273526125
BMAL1	150	13695	12863	10156	1606.2622868605818	0.7655679732350561	0.7595218020545814
PHF21A	150	9202	108	93	9.06187653870703	0.4356088048491874	0.8483900899346614
KDM5A	150	15985	12293	9847	1791.7717242637002	0.7085199938189428	0.7670748663133412
ATF2	150	6612	11949	4880	720.4047414972189	0.5732272016931002	0.7060218966161382
FOSL2	150	11092	16065	9701	1624.8106136591593	0.739226811853082	0.8530714932135064
RXRA	150	17246	9831	8337	1545.9599343485002	0.66572409036856	0.8196749818755984
GLYR1	150	4431	8490	3277	343.0217014680405	0.5627728427964558	0.7177088732554145
ZFP37	150	3004	0	0	0.0	0.0	0.0
THAP11	150	9901	9892	8468	893.0490744962159	0.8556562169276892	0.8417593326390674
STAT5A	150	8081	14992	7086	1104.6808790006382	0.6747618777038303	0.8573746437422912
SMC1A	150	31928	24783	21660	7215.023470411234	0.7761938016874974	0.8222333690655776
HNF4A	150	11218	13809	8542	1412.5044405945107	0.6900184444630273	0.7270918146066401
SIX5	150	4366	3954	3444	157.4100847998541	0.8299197064918111	0.8656689262229381
HNRNPK	150	5567	4147	3319	210.5074222668004	0.6982647191203771	0.7896604696567731
XRCC5	150	2795	9430	2738	240.32871341296618	0.6349781935246435	0.9776879317901794
ONECUT2	150	4063	3316	1400	122.84953040941005	0.3833841958989106	0.39996563950033326
CHD7	150	8358	1786	287	136.1118628613112	0.09751632368636763	0.09145355599705438
ZNF629	150	5158	6593	3905	310.0820096653597	0.6746856221895607	0.7415385321083973
FLI1	150	22744	23682	18170	4911.310367466034	0.7830707015986205	0.7435047604005179
PML	150	7970	11725	6338	852.0858028631349	0.6678932457269131	0.7707193491238682
BHLHE40	150	14135	13280	9385	1711.6148445336007	0.6853282647746983	0.663306507550062
GTF2B	150	8988	5588	4497	457.9642928786359	0.6525469894003266	0.7873309149709219
HMBOX1	150	1834	133	112	2.2241451627610105	0.4515869827239855	0.8394198988327304
NR5A1	150	7798	3110	271	221.13412966171242	0.06094538215339245	0.017261400347551706
E2F1	150	24736	22606	18543	5098.7691802680765	0.7849525564856505	0.7679244626499868
E2F4	150	11954	10606	8930	1156.0510987507978	0.7945032613073857	0.822644543635739
SMARCB1	150	7490	5726	3540	391.06173064648493	0.5454313983436758	0.5902483047353239
RUNX3	150	4782	14647	4361	638.6610194219021	0.6048508369712244	0.8983911280314169
ESR1	150	43805	41627	35884	16626.887343849732	0.8406062760310765	0.7702810351701689
IKZF1	150	15779	16849	9685	2424.1850186924407	0.59430102126804	0.5436851795753339
RBL2	150	2689	2629	2213	64.460481444333	0.8323737255072261	0.8377876429705834
ELF2	150	2037	1577	1383	29.29104586486733	0.7779606138685429	0.8746534356594143
CREBBP	150	20929	10856	9098	2071.7171879274188	0.6363848614677979	0.7998698314239254
FUS	150	1155	4145	1021	43.65346038114343	0.5651517762494843	0.8794255479969767
FOXM1	150	6445	5753	3635	338.0877632898696	0.5979236791759877	0.6088579265161265
KDM5B	150	29343	27501	22488	7358.091027628339	0.792049762382631	0.7511282999453598
SRF	150	11605	11490	8017	1215.8425275827483	0.6942800419524462	0.661967415885549
ZNF76	150	2580	5855	2095	137.73958238351418	0.5849146691028009	0.801413478881448
VDR	150	4755	4191	2149	181.71063189568707	0.4823553852441803	0.4906828087179185
NKX3-1	150	1743	1016	550	16.14742409045318	0.42844324429325853	0.5339312902443756
ARID2	150	12288	17928	9130	2008.7468222850368	0.6261302806712963	0.6927792374210194
SP1	150	20291	23655	15998	4376.6171696908905	0.7323667940699766	0.7302440160089692
PPARG	150	5488	5779	3595	289.1871250113978	0.6385727711473683	0.6358784119530076
TEAD1	150	4295	10444	3663	409.017780614571	0.6017899221035389	0.8373641554901526
EZH2	150	22204	24753	15528	5011.540184188931	0.663325677146158	0.6116902367943645
RUNX1T1	150	12454	8994	7367	1021.348372389897	0.7053192394665695	0.7959273682088989
E4F1	150	4015	7728	3592	282.92076228686057	0.6797241967879252	0.886658355019494
KMT2B	150	18204	18362	14180	3047.887735935078	0.7755983566512203	0.7344965562480764
BATF	150	7594	8276	6249	573.0641378681499	0.7889807023758804	0.8084300972959463
HOXA13	150	714	28	7	0.18229233154007476	0.12990196078431374	0.2450851719960351
MYB	150	15722	13942	12172	1998.6881006656333	0.8236236148044297	0.851799901491424
ZNF366	150	4664	5719	3007	243.21524573721163	0.5852583898515286	0.625179670102187
ATRX	150	3083	2576	1356	72.41550104860035	0.48311442432252205	0.5126986924104281
EHF	150	2943	81	66	2.1736390991155283	0.418620455317703	0.8097083281713227
PBRM1	150	10300	18162	8500	1705.7408589404577	0.6466264247447193	0.7905578630506496
TCF7L2	150	14345	7276	6490	951.7116804960335	0.6721980293601236	0.8757172411675171
ZNF274	150	7679	2821	1970	197.52401750706665	0.47743887247518857	0.6756211965808259
ERF	150	9301	155	144	13.145390717607368	0.47225723213945087	0.9224558154603063
ZNF12	150	1846	3586	1158	60.360682046138415	0.4751123757431543	0.6147038245168295
PHF20	150	7919	9423	6999	680.411571076867	0.8132903994234204	0.8729033969766856
ARID4B	150	15337	6835	5614	955.8529679948938	0.5937017732647724	0.7923168117155299
EGR1	150	22553	28568	20122	5874.84365824747	0.7982819923492579	0.8542404837689299
ZBTB26	150	17774	1510	1356	244.72271359533144	0.4871522284578188	0.8782875487810292
HMGB1	150	6725	5975	5009	366.38893954591043	0.7915795367936415	0.8277648441677128
RFX5	150	6013	4318	3371	236.747825294064	0.6706520810592027	0.7679633701957577
PRDM4	150	1218	62	31	0.6885748153551564	0.2627257799671593	0.4943846125474864
AR	150	31863	34710	27487	10084.47825294064	0.8272831860560328	0.7990680886965679
RB1	150	8121	2420	1876	179.19959879638915	0.5031063226549676	0.7572296043378969
ZNF697	150	2515	2163	1360	49.60285401659524	0.5847559120542579	0.6200430186412745
DNMT3B	150	844	532	154	4.094173429379047	0.23596906959341482	0.28396319764916855
MGA	150	5610	10088	3994	516.036108324975	0.5539294493660776	0.682761787408623
MEN1	150	639	14913	507	86.89164767028358	0.41371220685610344	0.7609164950267402
SKI	150	3762	12520	2410	429.47241725175525	0.41655435301391247	0.5943019325634381
MEF2B	150	6641	3384	2643	204.9160572626972	0.589505300192977	0.7669139873790268
UBTF	150	6876	14926	4351	935.8181453451263	0.46214272162291115	0.5749288385806998
STAT5B	150	1946	2710	1291	48.08662350688429	0.5698979456392714	0.6548841437588256
SREBF1	150	1336	5041	1033	61.409464757910094	0.4890616258061144	0.7622765965836633
FOS	150	14873	14038	9760	1903.776547825294	0.675739209919092	0.6474434464750777
TBP	150	21031	19190	15452	3679.9935260326433	0.7699679886429841	0.7589942978893003
SMC3	150	14068	15056	9688	1931.319485729917	0.6660597516782762	0.6391105463433698
TET2	150	14312	15786	8846	2060.0823561593875	0.5892263379180609	0.5538657572720533
ATF4	150	12580	14275	9968	1637.453268897602	0.7453262761061257	0.7612987118825074
STAT1	150	21659	30005	17366	5925.761785356068	0.6902808040388546	0.7271381808733927
SMAD4	150	14643	14108	10741	1883.6823561593872	0.7474328170267119	0.7245654033134105
BACH1	150	2504	4675	1256	106.74022066198596	0.38513027284686746	0.47940560686976275
BRD7	150	8169	10141	4336	755.3736573356433	0.479179183743034	0.48297906815971636
ETV5	150	5754	9878	4330	518.2639919759278	0.5954339148948419	0.7280229565016959
KDM2B	150	20863	23560	16236	4481.921035834777	0.733676970310068	0.7175399733972413
ZBTB33	150	9881	6343	5170	571.4888574815355	0.6691490633541509	0.7967603334664709
FOXO1	150	13524	7066	5200	871.3466216832315	0.5602100548066973	0.6987724920119687
E2F3	150	7816	547	473	38.983787726816814	0.4626167623157111	0.8543353573916912
HMG20B	150	1052	1971	660	18.906647214370384	0.4811159146020337	0.6205570397457185
ZBTB7A	150	23936	19877	16276	4338.249949849549	0.7494078934713192	0.7682567781592488
ZNF740	150	1621	2103	1006	31.083824199872343	0.5494844033214793	0.613187154542597
NCOA2	150	529	608	396	2.9327254490744963	0.6999490100487513	0.74718062416345
REST	150	18105	18411	13006	3039.4014315674294	0.7123952995032823	0.6615468030135824
SMARCE1	150	1240	4060	231	45.90498769034376	0.12159343715239154	0.155008613553824
SUZ12	150	16538	19536	13019	2945.9867602808426	0.7268140233016578	0.7410979567238333
ETS1	150	16877	24185	14444	3721.8040029178446	0.7265344978784527	0.8150540668083057
ZSCAN29	150	2638	1158	849	27.854508981489925	0.5274976725184333	0.7265838757437125
ETV4	150	4960	2293	2042	103.70456825020516	0.6511149817818607	0.8853512429798531
MCM2	150	3021	7996	1851	220.260016412875	0.42210088410640273	0.5822532591899193
MBD3	150	2828	20966	2109	540.6387161484454	0.42317407613943825	0.6856639984789296
BCL6	150	16577	12843	9694	1941.263891675025	0.6697971080676596	0.7111469247916115
TFAP4	150	14975	20597	13736	2812.437995805599	0.7920776701925001	0.8981300157341261
SFPQ	150	13470	458	383	56.252940640102125	0.4323390487675994	0.8133153728131894
HEY1	150	14880	12892	9553	1749.1835506519558	0.6915024300307935	0.7003450595118291
SATB1	150	1410	118	89	1.5170967447797938	0.4086789277557399	0.7510364251785563
BMI1	150	16811	12009	9411	1840.8251937631076	0.6717371405744663	0.744496918128664
ZNF264	150	1229	1374	730	15.397519832223944	0.562637166108231	0.5888274718003089
ASH2L	150	4010	10809	2962	395.2228503692897	0.5063421333796603	0.7100789463308783
ARNT	150	9188	17223	7550	1442.9189751071397	0.6300456436757491	0.7885109278088335
KLF5	150	14513	13172	10393	1743.0950670192397	0.7525693766831121	0.7568445956724559
KLF4	150	17717	8637	6525	1395.2925047870885	0.5618804960699405	0.7083560746693891
ZNF501	150	4183	10764	2868	410.5572353423908	0.47603801126340595	0.6514194960571256
GTF2F1	150	11618	8611	6308	912.2148080605452	0.6377509908329251	0.700861896704013
ZNF83	150	3545	2133	842	68.94761557399471	0.31613340501237525	0.3745313783017113
ZNF414	150	3809	3258	2016	113.15511990517005	0.5740286526966518	0.6050679612653745
CXXC5	150	12643	3304	3115	380.8924227227136	0.5945890034949333	0.9353427833210152
SKIL	150	4321	739	578	29.11661347679402	0.45795167822814536	0.7732021863639755
ONECUT1	150	3048	3075	2412	85.4618400656515	0.7878644132898023	0.7853192209972768
CEBPD	150	8996	3704	3269	303.8313485912282	0.6229715606744346	0.8720651695262913
REL	150	7691	2978	2139	208.8428740767758	0.49819228671157506	0.6970197204969792
CREB1	150	21625	26562	19652	5237.560408498222	0.8243084662212479	0.8796029124023035
ETV6	150	19916	21430	17581	3891.67393088356	0.8515747778560763	0.8542840435267834
NR3C1	150	24732	24516	20003	5528.674313850643	0.8123531838400161	0.762315131967632
PGR	150	18661	18520	13150	3151.2876812254945	0.7073607012141028	0.6505888139086332
NONO	150	13298	10638	9524	1289.907212546731	0.8057394961849126	0.8808313069490306
KDM6A	150	16634	13853	11178	2101.128859305188	0.7394490733057466	0.7723766736399184
CEBPG	150	3676	4850	3039	162.56587945655147	0.7266558787566045	0.8186959031690992
SMARCA2	150	6199	1014	580	57.31545545728093	0.33277779421698417	0.5463499410796424
SPI1	150	28795	19363	18126	5083.957189751071	0.7827997784300612	0.9133695432923465
GATAD1	150	9959	3703	2981	336.26494939363545	0.5521750980261307	0.7855489103991226
MAFK	150	3599	2906	2045	95.36513175891311	0.6359649206679152	0.6936635171900436
JUNB	150	5742	5665	3580	296.60280842527584	0.6277133572078333	0.6116159208055166
MYBL2	150	8136	7178	4874	532.5085073402024	0.6390425527251546	0.6532987812045419
CXXC1	150	12369	9574	4704	1079.792158293061	0.43581814499725663	0.4266681377764171
PRDM10	150	3051	16246	2844	451.9608461748883	0.5536059341314604	0.9203551821466984
TP53	150	14979	16611	9615	2268.7714871888393	0.6103659806770838	0.5779776898115242
POU2F2	150	12482	11563	8567	1316.0332451901158	0.7136230162612922	0.7076207943591024
EPAS1	150	3494	8881	2701	282.9416795842072	0.5385859568999427	0.7530409226895274
MED12	150	15606	20151	13990	2867.4797665724445	0.7953542163814298	0.8731406811476106
KLF9	150	5461	7006	2918	348.8626424728732	0.47541725686456104	0.5025564021170756
ZSCAN4	150	1092	1126	882	11.211744323880733	0.7954980188550349	0.805697370509797
RARA	150	3412	16073	2602	500.05540257135044	0.46224448623145176	0.7218353670893125
TRIM28	150	10468	24819	8725	2368.973210540713	0.5925188679374552	0.7847889573265175
MAFB	150	11206	11255	8554	1150.0276283395642	0.761679418582718	0.7362761250743072
LCOR	150	6116	2565	2262	143.0431293881645	0.6258604599573929	0.8748945517252518
SMARCC1	150	19764	17594	12830	3170.6739855931432	0.6891929807536594	0.6697017043612936
ZIC2	150	10810	6704	5751	660.8027719522203	0.6949267313037738	0.842302019272692
NCOA1	150	4616	4896	2615	206.0721801768943	0.5503086380421609	0.5462510767171093
TCF3	150	9411	14735	3723	1264.4395459104587	0.3241323091976961	0.30179122440015205
TCF21	150	4377	4130	3949	164.83094738761739	0.9291952319548421	0.9543525137015908
IRF9	150	8831	1396	1120	112.41065013221483	0.46455910881795337	0.7849779604135628
TCF12	150	14563	14320	7002	1901.5424455183734	0.48488700318439204	0.41071586645162317
SIX2	150	2442	1086	752	24.181745235707123	0.5001968316885443	0.6854452270891285
NFYB	150	7331	8556	6569	571.93431202699	0.8319115737386542	0.8872625248551893
SP2	150	7400	13379	5748	902.7500683869791	0.6031926395339207	0.7457385790314102
GATAD2B	150	4032	4774	1883	175.51534603811433	0.4307210206907788	0.4427567609293438
RUVBL2	150	18173	18563	14683	3076.0043676483997	0.7994694600829579	0.7688281771426613
POLR3C	150	208	175	152	0.3319048053250661	0.7996703296703296	0.8683216876306716
NR2F2	150	5866	12755	4308	682.2360718519194	0.5360757692744119	0.699446189757989
ZNF384	150	11395	8129	4147	844.6243731193581	0.43704019936099503	0.453350540394195
ZMYM3	150	6772	5056	3175	312.2023525120817	0.5484045319708106	0.6034822435994747
IRF4	150	11721	9725	6445	1039.3610376584297	0.6062963472281531	0.6223651461658566
USF2	150	10046	5380	4905	492.8191848272089	0.6999820343150134	0.9028069519086934
NR4A1	150	2818	590	346	15.160207896416523	0.35461139647063067	0.5755339081396921
HDAC3	150	2511	2518	1120	57.65202881371387	0.4454174467924927	0.43301968724501844
KDM2A	150	16648	0	0	0.0	0.0	0.0
SOX13	150	8375	179	163	13.669417342937905	0.4650386058534145	0.9032241963775808
ARID1A	150	13404	14682	9661	1794.451791738853	0.6893858087485734	0.6775929663364033
MTOR	150	6388	6766	4674	394.1023798668733	0.7112456921611261	0.7140424964479237
SOX2	150	5454	2563	1755	127.4605817452357	0.5032633091635343	0.6682459770743563
PKNOX1	150	6161	8559	5682	480.8242819367193	0.7930577408984628	0.9156716228906875
TLX3	150	2829	4646	2459	119.8462113613568	0.6992421140311273	0.8634259887527737
TP53BP1	150	15719	13499	8673	1934.8115346038114	0.5971223462342599	0.5826771576370482
FOXK2	150	5180	4690	3370	221.52092641561046	0.6845646285944793	0.7045974752789516
FOXF1	150	457	593	331	2.4710586304367648	0.6412337961852539	0.7227899292389539
KLF6	150	3291	2093	431	62.80717607367557	0.16844387166609828	0.18135854860044864
ZSCAN20	150	1651	1144	857	17.222066198595787	0.6341026099884368	0.7452914266507245
ZNF660	150	2795	77	32	1.9623871614844535	0.21351671584229726	0.40030075187969927
TAL1	150	11492	12668	5500	1327.4428376037204	0.4563793145704742	0.41050063428563627
RELA	150	25415	29503	21836	6837.045180997538	0.7996528867786574	0.8073523143495204
CHD6	150	11712	3092	2622	330.2042855840248	0.5359338880877145	0.8298208670732952
SOX10	150	4379	6643	2539	265.24753350961976	0.48100978844846687	0.5527198063111018
ZNF341	150	7657	683	626	47.686067292787456	0.49914995627882197	0.9102805761600247
CHD8	150	12212	16192	8883	1803.015446339017	0.6380017642045859	0.6801801383373995
SMARCC2	150	9554	3186	2468	277.55123552475607	0.5164800839343049	0.7531330072683797
NR1D1	150	2379	5762	1433	124.99131941278381	0.4255261494223945	0.5803033022243963
ZNF547	150	5048	2943	2098	135.46333546092825	0.564244079130527	0.6990244114447822
SAP30	150	12364	10844	8350	1222.5331995987965	0.7226794249580026	0.7407879638584833
ATF1	150	11887	14734	10336	1597.000620041944	0.78551402248555	0.8492711279438073
ZNF362	150	1360	3964	973	49.156925321418804	0.4804501543301478	0.7047701532886441
ZBTB8A	150	6886	6890	5051	432.6118355065196	0.733304359152813	0.7156532424167256
SREBF2	150	20147	5062	4533	929.9180632807513	0.5602460644017557	0.8719773692532317
NR2F6	150	2094	6320	1348	120.67183368286678	0.4285175849020106	0.6219584695878149
HNF1B	150	12070	5554	4094	611.2590498769034	0.538157232492372	0.7046173338370809
SIX4	150	1399	3048	1335	38.88166317133218	0.6961225819342275	0.9529452708142836
ZBTB11	150	4341	9632	4022	381.2575180085712	0.6720405365743154	0.9194392055920846
HES2	150	254	173	155	0.4006747515273092	0.7530949888489373	0.895712222663169
NR2F1	150	9807	3543	3217	316.82502963435763	0.6180092897062329	0.8989515438578174
MECOM	150	25032	20053	17970	4577.064794383149	0.8070031901080545	0.8654039337639515
ZNF580	150	6161	2702	1509	151.7919394547278	0.40170148750929746	0.5321950320614551
TBL1XR1	150	2691	2450	1063	60.1162578645026	0.41444899475955377	0.41963704110533995
MEIS1	150	4346	15555	3174	616.4131485365186	0.46718844093882983	0.6857560779044173
GATA4	150	11103	5248	3454	531.3079602443695	0.4846212906915951	0.6196486891917272
KLF1	150	13137	18504	9249	2216.531850095742	0.601939945809042	0.6439713072159744
NFATC1	150	7062	1365	579	87.89669007021064	0.25308196476420775	0.38454470058243645
PDS5B	150	1029	1543	831	14.47749612473785	0.6730707096281712	0.8048342947113724
HHEX	150	10807	9001	7241	886.968241086897	0.737247427768505	0.7830918029046812
ZNF711	150	9660	3991	2970	351.53697456004375	0.5258139042659649	0.7194641097153126
SMAD5	150	11096	6706	5730	678.4879730099389	0.6854305004224176	0.8380758104455609
FOXA2	150	19276	25101	14621	4411.84349411872	0.6704973713625879	0.6868305310053643
BATF3	150	3039	501	493	13.88291237348409	0.573128176027018	0.9835768438364991
NBN	150	3671	3787	2536	126.76280660162305	0.6802396505212854	0.6797618392713412
AGO2	150	9816	109	45	9.756031731558311	0.20871419438774366	0.35512453686970136
MAFG	150	969	1095	798	9.674979483906265	0.7761482675261886	0.821749671547182
KMT2C	150	10313	9145	7651	859.9652138232881	0.7892556104906052	0.8196748669670422
GTF3C2	150	3209	606	465	17.731868332269535	0.45611584374392566	0.760313380226348
KLF10	150	3924	7732	2699	276.6514817178809	0.5184436787319125	0.6641395814357307
ZBTB1	150	119	290	85	0.3146712865870338	0.5036945812807881	0.7135281978946268
ELF3	150	9182	10339	7071	865.6213914470685	0.7270044668908493	0.7461635527477123
BAP1	150	2284	10341	2162	215.36285219294246	0.5778278140962361	0.941023973136453
MTA2	150	6056	7336	3899	405.09543174979484	0.58765642804562	0.618291200293989
ESRRG	150	2196	728	528	14.577259049876904	0.48285594187233527	0.7196613052540998
GATA2	150	16055	7596	5000	1112.006747515273	0.48483532039761296	0.5996294414703179
TBX2	150	11325	5189	4309	535.8386523205982	0.6054480674648401	0.8108812623832895
XRCC6	150	1784	5933	1338	96.51200875353332	0.48775914377212204	0.7357018228790113
MXD1	150	6419	6555	4058	383.6650405762743	0.6256275556845269	0.6088038168762324
PAX8	150	2186	4988	1428	99.42343393817816	0.4697675152295977	0.6367255281551256
PRMT1	150	2518	1556	1127	35.72543083796845	0.5859352507702894	0.7178141312746796
RYBP	150	4322	92	72	3.6256405580377495	0.39963382492002497	0.7736900145439298
OGT	150	12229	1456	1385	162.35455457280935	0.5322458201500846	0.9451163375166105
SAFB2	150	2540	9	2	0.20844351235524755	0.11150481189851268	0.20378149081593494
HIC1	150	2530	4619	2189	106.55667001003009	0.6695647467454842	0.8592911186409251
BCLAF1	150	1580	6386	1310	92.00218838333181	0.5171250797829112	0.8185481202377223
CEBPA	150	14171	12640	10323	1633.276556943558	0.7725762840003966	0.7894923033192341
CTCFL	150	8534	18303	7601	1424.2527765113523	0.6529798575526691	0.8687717058466404
ZNF331	150	6799	9946	6187	616.603027263609	0.7660229410015732	0.9010092682985508
HIF1A	150	8124	24090	7343	1784.5095285857574	0.6043401835681433	0.8768039791964904
PBX1	150	8279	11125	5512	839.8274368560226	0.5806207827846548	0.628050031570904
YY2	150	1801	2645	1172	43.4361721528221	0.5469248863003016	0.6421182604955772
ZNF687	150	15735	15659	11220	2246.688839245008	0.7147904539131811	0.6690354147919929
ZSCAN30	150	730	1844	350	12.274277377587307	0.3346284135143969	0.4705498381588399
PHF6	150	4289	7939	2978	310.48026807695817	0.53472227953111	0.6704804579751776
SMAD2	150	8927	11744	4852	955.9468222850369	0.4783333992123213	0.48877520835105415
CHD1	150	8587	2141	1573	167.63715692532142	0.45894364611746236	0.7121664664998939
DNMT3A	150	270	3238	199	7.971733381964074	0.3992473634845469	0.729036867218993
NFKB1	150	2575	6950	2327	163.18273000820645	0.6192547321366207	0.8971729728094849
ZNF34	150	430	174	150	0.6822285036928969	0.6054530874097834	0.8615260293690576
ISL1	150	2129	3423	575	66.44995896781253	0.2190305763226602	0.2465637346561965
ELF4	150	4816	4050	2817	177.8499133764931	0.6402404023624955	0.6815722602645371
KLF17	150	2585	4569	1901	107.69458375125376	0.5757306513959816	0.7238935516333125
SPDEF	150	1683	1131	850	17.356369107321967	0.6282989041609731	0.7476751159841366
ASXL1	150	10990	12843	7430	1286.9934348500046	0.6272972102291998	0.6331034122159261
GFI1	150	5116	2755	1891	128.51809975380687	0.5280065457785901	0.6710428501643156
ZNF350	150	7700	2851	2246	200.1705115346038	0.5397410341324758	0.7717695526503883
AGO1	150	4276	1250	1094	48.73712045226589	0.5655232927970065	0.8701366681215249
ZNF10	150	1058	548	423	5.286623506884289	0.585854387151077	0.7696758447198775
TFDP1	150	2502	15047	2402	343.28069663536064	0.5598325619427367	0.9536762376450995
SAMD1	150	346	28	24	0.08833774049420991	0.463253509496284	0.8566907279541285
CDT1	150	412	3142	229	11.803629069025257	0.3143543782019986	0.5427244890444958
NANOG	150	15110	18277	12113	2518.149630710313	0.7322000302934324	0.7619889125025345
PIAS1	150	3870	2784	2327	98.24090453177715	0.718569845406754	0.8298432645090498
ADNP	150	292	1858	215	4.946986413786815	0.4260085966645531	0.7317568659599739
CLOCK	150	1351	3178	685	39.14906537795204	0.361288097901049	0.4923203677924896
HINFP	150	3901	1372	1224	48.802516640831584	0.6029469904928317	0.8881497268085213
OTX2	150	5682	7801	4282	404.1696179447433	0.6512559356080352	0.7347394859902978
ZFP3	150	2991	687	420	18.736363636363638	0.37588748779088355	0.6004570868873199
ZNF7	150	2089	4050	1405	77.14461566517735	0.5097420940966497	0.660015324498013
ZNF548	150	2318	0	0	0.0	0.0	0.0
TFE3	150	6545	9705	4120	579.1850551654965	0.5270058002124554	0.59351739495378
CUX1	150	2903	2647	2419	70.06693717516185	0.8735703370053074	0.9115227309202724
SALL4	150	965	4	2	0.035196498586669095	0.2510362694300518	0.49556138172117203
LEF1	150	4690	2514	1516	107.5103492295067	0.4631320044849058	0.5852880565347673
VEZF1	150	149	13217	27	17.956897966627153	0.09162543866375061	0.06900860780195689
EHMT2	150	1645	12686	1260	190.2842162852193	0.4326397670744429	0.7353434916222198
PRDM1	150	2441	2990	1817	66.55046959058996	0.6760296851857688	0.7372022475068536
BRCA1	150	8904	8429	5538	684.3422631530957	0.63949254738886	0.6267104243683443
ZBTB12	150	3000	739	537	20.21519102762834	0.4528288227334235	0.7189701319803986
TAF7	150	1184	6730	992	72.6572444606547	0.4926187703305088	0.8272360178324818
RAD51	150	2626	2639	2040	63.18969636181271	0.7749334994128438	0.7713447619716101
XBP1	150	6134	4702	3649	262.9895869426461	0.6854668673550038	0.7627849673651138
MYOG	150	524	0	0	0.0	0.0	0.0
PCBP1	150	5142	603	575	28.272326069116442	0.5326948493626771	0.9512812741232863
TARDBP	150	5620	3909	2740	200.3153095650588	0.5942455088130412	0.6847939100848975
FOSL1	150	7967	7686	4561	558.3510713960062	0.5829515542270205	0.5615665093353502
PROX1	150	1434	3824	522	50.001057718610376	0.2502615062761506	0.3410399588191481
HAND1	150	4750	9096	3718	393.9637093097474	0.595743970744804	0.7630873732145904
POU5F1	150	4918	7891	3535	353.8610194219021	0.5833834175884325	0.6969855637864848
TWIST1	150	8301	14886	6695	1126.7318865687973	0.6281403890626465	0.7761444129759592
BANF1	150	2115	1211	849	23.354290143156742	0.5512459663486597	0.6951952951999171
MEF2A	150	2869	103	92	2.6945108051427007	0.46263540288385724	0.8903350146806923
ZBTB21	150	2522	3354	2264	77.12946111060454	0.7863575727397354	0.8944729400202929
DOT1L	150	8887	7710	4880	624.7722257682137	0.591030457785509	0.600577413997556
NFKB2	150	13338	2501	2003	304.17012856752075	0.4755260438934338	0.7733097102893676
NFYA	150	8055	10999	7703	807.8503236983678	0.8283184143651906	0.9514291803367814
GRHL2	150	5138	4469	3732	209.371040393909	0.7807194077168951	0.8269802353705114
TOP2B	150	5444	3038	1641	150.8057992158293	0.4207953843526935	0.5161392331625734
TRIM24	150	5680	10730	3819	555.7253578918574	0.5141385709410236	0.63682664767664
ZFP64	150	2114	3226	1832	62.18440776876083	0.7172447609624029	0.8625607481160917
PBX3	150	2829	9182	2321	236.85491018510075	0.5366042102599958	0.8040233156716257
CREM	150	6332	13414	5464	774.482064374943	0.6351270643309179	0.8438151689199406
MTA3	150	6523	4383	2233	260.6939819458375	0.4258977753615744	0.47844725971730334
ELK4	150	2626	878	588	21.02332451901158	0.4468092857997908	0.6616010583517526
MAU2	150	2696	4707	1613	115.71142518464484	0.4704874408908003	0.5802795041723194
LYL1	150	3838	4778	3114	167.2103948208261	0.7315486059412049	0.8027672305221478
DDX20	150	1628	1743	1345	25.874022066198595	0.7989125684908818	0.8233597083514157
ARID3A	150	1988	454	196	8.22970730372937	0.26515480548489173	0.42122657290715765
NKX2-1	150	3609	7894	3507	259.7742864958512	0.7079993938808077	0.9695451997789418
ZNF263	150	9085	6106	4097	505.81754353971	0.5609712452956852	0.6412616882361669
ESR2	150	1303	2838	1083	33.718555667001006	0.6063828147436636	0.8266735868689793
IRF3	150	1667	13405	1423	203.75795568523753	0.4798918470688555	0.833247000420723
MCM3	150	4434	127	81	5.134658521017598	0.3280316026125963	0.6225341886238146
HNF4G	150	3504	1573	1008	50.2579739217653	0.4642424822997675	0.6289588188124443
ZNF143	150	12881	16156	11136	1897.5602808425276	0.7769043380491032	0.8411244523920547
TP63	150	4973	12968	2987	588.0355977021975	0.4154898434892032	0.5470886835570891
ZBTB10	150	2703	2918	1485	71.9189751071396	0.5291498898109557	0.5370724092202375
ZNF324	150	1300	47	3	0.5571259232242181	0.033068739770867425	0.05259954568568282
KDM3A	150	1693	2310	1549	35.65997993981946	0.7927533285773096	0.9131137857910586
MXD4	150	6113	0	0	0.0	0.0	0.0
GTF3C1	150	10537	10604	8252	1018.8232698094283	0.7806710072716404	0.7599330139823691
IRF8	150	495	1136	108	5.127382146439318	0.15662612035851473	0.20999871008163343
PATZ1	150	7203	15558	6148	1021.8316221391447	0.6243498619372665	0.8293202942377847
RTF1	150	1170	9	6	0.09601531868332269	0.33589743589743587	0.6630721966205837
ZNF639	150	6890	6070	3375	381.3467675754536	0.5229267639512891	0.5262499066318777
XRCC4	150	753	806	684	5.534038479073584	0.8785008847982758	0.907688104138414
ZHX2	150	11373	8160	6422	846.2084435123553	0.6758402576277147	0.7623667578469173
PSIP1	150	2038	3	3	0.05574906537795204	0.5007360157016683	1.0
DLX6	150	2136	1549	863	30.169271450715783	0.480579925915717	0.5483367651803865
PRRX1	150	4619	5961	3032	251.06099206711042	0.5825293141800428	0.6366707508695179
TRPS1	150	2556	3818	1359	88.98338652320598	0.4438178310301832	0.5147985654166087
ZBTB9	150	3185	3317	2010	96.33122093553388	0.618526225916725	0.6195772081602423
DNMT1	150	1229	798	494	8.942664356706484	0.510500213103956	0.6147301517041744
NR2C1	150	4763	3899	3504	169.33470411233702	0.8171813840087876	0.8940923732658993
GFI1B	150	2532	3241	1961	74.82640649220389	0.6897733692475896	0.767619185918055
E2F8	150	3304	1584	1305	47.720762286860584	0.6094197116442879	0.8183923904255119
ZNF311	150	120	69	1	0.07549922494756998	0.01141304347826087	0.013413238611182769
RFX1	150	2896	4801	2723	126.77756907084891	0.753717968229455	0.9375275896700166
ARHGAP35	150	745	2344	519	15.92304185283122	0.4590303387772866	0.6900190062591713
SSRP1	150	1639	2106	925	31.47382146439318	0.5017948949716288	0.5558392705925164
ZNF766	150	3162	4536	1195	130.78172699917937	0.3206866677375849	0.3510859915565481
ZNF592	150	2191	2773	1543	55.39931613020881	0.6303408544577093	0.6965724889983651
ZNF316	150	3749	0	0	0.0	0.0	0.0
XRN2	150	2417	521	373	11.482237621956779	0.435127221845898	0.7095292629068553
SNAPC4	150	1071	638	423	6.23049147442327	0.528983693790996	0.659686013492853
DMC1	150	3413	153	74	4.761457098568433	0.2526709677913552	0.4670751718564209
ELL2	150	2555	2369	1525	55.19098203702015	0.6203002084161119	0.6352335074123634
ZEB2	150	5024	5954	3991	272.7536792194766	0.7323463097655272	0.7825833622891812
TBX3	150	1800	131	118	2.1500866235068843	0.48315945716709074	0.899107421500435
POU2F3	150	6271	2477	1903	141.6364274642108	0.5358642196776763	0.7542138591393982
HMGA1	150	300	350	257	0.9574177076684599	0.7954761904761904	0.8562077692401512
CARM1	150	1294	533	381	6.288884836327163	0.5046288107037532	0.7114167602998719
ZNF574	150	1035	12788	797	120.68551107869062	0.41618618148959097	0.7396956923642457
HIVEP1	150	6352	5827	4138	337.4952493845172	0.6807954015421134	0.6923219713380102
KLF16	150	4205	8686	2777	333.0412145527492	0.4900570792914261	0.6311944214470632
MBD5	150	3540	1267	1015	40.897054800765936	0.5439140681087492	0.7944707652920192
GATAD2A	150	5074	6300	4019	291.4762469225859	0.715006882269397	0.7794051729860958
ZZZ3	150	3264	763	618	22.7084161575636	0.4996494584072161	0.8041312326591817
MBD2	150	3259	6732	2603	200.05095285857573	0.5926859930095314	0.785547261529894
MBD6	150	3495	0	0	0.0	0.0	0.0
MLXIP	150	1258	8134	910	93.3032916932616	0.4176232524921398	0.7012097677292056
ZFP36	150	1552	607	532	8.589988146256953	0.6096125104026903	0.8746678723377865
HNF1A	150	984	5616	776	50.38883924500775	0.46339726217774996	0.7772091757859936
FOXC1	150	6304	10910	4635	627.1235524756087	0.5800435293146045	0.7060002951574139
NCOR2	150	2089	472	397	8.990681134312027	0.515572388864999	0.8380162192334699
ELK1	150	4420	3163	2731	127.4775234795295	0.740647053101257	0.8576851255948568
PPARA	150	1924	2246	1668	39.402790188748064	0.8047987366776325	0.8641619553147704
ATF6	150	1335	482	344	5.867329260508799	0.4856854243399071	0.710164816487662
SMARCA5	150	3611	321	291	10.5692623324519	0.4935645755311522	0.90336008532722
RFX3	150	1551	1154	1101	16.32036108324975	0.8319686968881261	0.9534139504768985
JMJD1C	150	5291	4323	3009	208.56198595787362	0.6323729911516172	0.680636821963179
NR1H2	150	973	2447	777	21.709957144159752	0.5580464112567731	0.7939639950276426
CHD4	150	1166	2118	730	22.518355065195585	0.4853684096294605	0.6187083527476661
ASXL3	150	383	2087	343	7.288419804869153	0.5299560501976053	0.89353535502093
IRF1	150	9949	13324	7094	1208.7214005653323	0.6227295909830619	0.673351373469415
GLI2	150	53	4427	8	2.1394273730281754	0.07637524453290485	0.11522820771121067
NFXL1	150	83	375	56	0.2838059633445792	0.4120160642570281	0.6735826603913251
MTA1	150	3154	9960	2327	286.4396826844169	0.4857139082646375	0.7116015328409268
KAT7	150	743	10605	557	71.84749703656423	0.40109296067080275	0.7228647748779488
BRCA2	150	1104	59	17	0.5939272362542172	0.15176707197248834	0.2808966942548733
MAFF	150	1456	2176	871	28.888994255493753	0.49924501050420167	0.5900809413947357
ZBTB49	150	684	25	4	0.1559223123917206	0.08292397660818714	0.15472813021856016
IRF5	150	1824	1333	967	22.17007385793745	0.6277924333056948	0.7207875768619473
MTF2	150	5269	1584	1085	76.10190571715145	0.445448087345269	0.669075780457616
ZNF768	150	2378	15486	1514	335.7865232059816	0.36721759701130524	0.5769296355068835
PCGF2	150	1099	781	373	7.8263791374122365	0.40849614187732064	0.47230481098822724
ZNF280D	150	1804	2740	594	45.07121364092277	0.27302830692540503	0.3120813023336443
STAT4	150	552	2	0	0.010066563326342664	0.0	-0.005058743745303249
ZNF512	150	241	446	198	0.9800857116804961	0.6327614759131421	0.8208481986692694
ZNF800	150	1885	3072	1316	52.801313029999086	0.5632643263704686	0.6894441612437874
NOTCH1	150	4652	14361	4152	609.1672471961339	0.5908178516586463	0.876324342219393
PRMT5	150	130	182	97	0.21573812346129298	0.6395604395604395	0.7457318821029914
DLX5	150	2045	3352	210	62.504239992705386	0.08266932561518577	0.07439902923512527
ASH1L	150	1327	3057	1121	36.98950487827118	0.6057310004661495	0.8403113767066203
CPSF4	150	2387	5419	1953	117.94613841524574	0.5892902078545186	0.8087308515026234
ZBED1	150	473	1395	293	6.016549648946841	0.4147430797093213	0.6145473680819189
ZNF770	150	6069	2955	1567	163.5259870520653	0.3942425223299233	0.5027716562783964
KDM6B	150	298	5151	283	13.996516823196863	0.502302608863334	0.9471837463674277
YAP1	150	7950	5759	4499	417.4710495121729	0.6735619828302651	0.7641124832085899
ZBTB7B	150	4005	2701	1951	98.63686514087718	0.6047330692243729	0.7118004055799841
SOX9	150	5697	492	427	25.557800674751526	0.4714189539209768	0.8606472568433378
GTF2I	150	2400	2094	1351	45.82474696817726	0.6040466809933143	0.6372380737926746
KLF13	150	2237	283	215	5.772508434394092	0.4279140886251305	0.7547140811469348
JARID2	150	7066	2255	1373	145.2888665997994	0.4015899818185584	0.5819332864881415
EOMES	150	2963	397	121	10.725914105954226	0.17281144187208994	0.2854814493672603
HMG20A	150	1430	9	5	0.11735205616850551	0.27952602952602956	0.549683830171635
PRKDC	150	718	775	644	5.07385793744871	0.863951837541558	0.8962024315928264
ZNF561	150	499	2281	397	10.378581198139875	0.4848188266054248	0.791249429363714
MEF2D	150	3295	6330	2368	190.18282119084526	0.5463781352856427	0.7014316957768352
NFIB	150	3292	4696	2408	140.96135679766573	0.6221235311042619	0.7194575820556712
ZNF707	150	626	721	257	4.115491930336464	0.38349625342863347	0.4066422378885428
LDB1	150	4472	2791	1144	113.8082611470776	0.33285144109388154	0.38480312183180476
MECP2	150	2357	2583	1641	55.51318500957418	0.6657658976129127	0.688896762155477
ZNF589	150	1341	912	659	11.151563782255858	0.6070060147572511	0.7191536446882977
ZFP1	150	292	567	163	1.5096562414516277	0.42284856611340627	0.5559232767226746
ZNF48	150	1209	11933	782	131.54916567885473	0.3561740534083427	0.6036942137883868
ZNF444	150	2094	2889	1588	55.16153916294338	0.6540141887864352	0.7518194748041692
NR1H3	150	4043	3350	2437	123.4982219385429	0.6651164533503642	0.7170309943084713
ETV1	150	5940	6138	4248	332.4493480441324	0.7036168132942326	0.6982639827943695
INO80	150	2045	125	115	2.330856204978572	0.48811735941320294	0.9184799070847851
CDX2	150	1406	1677	337	21.49960791465305	0.22032057007577205	0.22788031978101317
ZHX3	150	539	1158	123	5.691273821464393	0.1672089938189124	0.2199640103756041
KAT2B	150	618	607	326	3.4204978572079874	0.5322878179598322	0.5344440972524572
MYRF	150	643	0	0	0.0	0.0	0.0
NCOR1	150	3944	7628	2636	274.3214370383879	0.5069629772238715	0.643565511922009
POU2AF2	150	2544	348	280	8.072508434394091	0.45733029711559314	0.7999573388818538
PTF1A	150	477	1	1	0.004349411871979575	0.5010482180293501	1.0
HIC2	150	1920	1203	681	21.061001185374305	0.4603861440149626	0.5583528417934284
HNRNPL	150	1220	5956	1142	66.25622321509985	0.5639024981008268	0.9323940015370137
ZIK1	150	2193	795	580	15.897100392085347	0.4970188163022997	0.7240415866656391
STAT6	150	776	22	17	0.15566700100300904	0.39731724461105905	0.7711076827006079
DEK	150	203	478	72	0.8847816175800127	0.25265370900921325	0.3518548427554013
NKX2-5	150	1084	101	88	0.9983040029178445	0.4762339702604947	0.8700022047588142
NFATC2	150	592	425	328	2.294155192851281	0.6629093799682035	0.7705260024397005
CBX1	150	1599	5789	1157	84.40422175617762	0.46171952132373284	0.7081729618231869
ZNF24	150	2439	3055	1660	67.9415063371934	0.6119891640814935	0.6714547523470826
SIRT6	150	459	52	23	0.21763472234886477	0.24620831238478297	0.43996378217747856
ZSCAN5A	150	580	200	154	1.0577186103765843	0.5177586206896552	0.768777156476304
ZBTB5	150	323	677	285	1.9938998814625695	0.6516639151968024	0.8816221872856379
PRDM15	150	2303	84	81	1.7639463846083705	0.49972861485019543	0.9635196502250625
ZNF121	150	818	3882	657	28.954828120725814	0.48621057126553624	0.7959559151517964
MBD1	150	438	1277	323	5.100082064374943	0.49518974623028433	0.7343496839906973
RELB	150	1301	6916	1019	82.04354882830309	0.46529158066335946	0.7686545735666493
ZNF449	150	1979	0	0	0.0	0.0	0.0
CREB3	150	297	786	219	2.1285857572718156	0.5079998457861054	0.7354779194167901
ZNF138	150	1246	18	3	0.20450442235798305	0.08453718566078117	0.15709006616001375
ZNF221	150	2616	4004	1921	95.50892678034103	0.607048723447806	0.7242600827337144
BCL11A	150	1703	2566	929	39.84588310385703	0.4537750080207822	0.5346191960583452
HBP1	150	1397	2151	949	27.399899699097293	0.5602514786450477	0.6728972202166356
ZNF510	150	713	51	13	0.3315674295614115	0.13656738992932377	0.25002613911190363
ZNF175	150	1190	0	0	0.0	0.0	0.0
ZBTB44	150	1244	0	0	0.0	0.0	0.0
ZBTB3	150	97	444	25	0.39270538889395457	0.15701913253459643	0.2547146642514216
SIRT1	150	312	311	116	0.8847633810522476	0.3723926127463105	0.3712014858540953
PBX2	150	1329	2527	1285	30.622622412692625	0.7377002563436035	0.9661115475673472
E2F7	150	429	1930	342	7.549648946840522	0.48720243487082865	0.7935699904328083
ZNF644	150	2087	1320	911	25.119358074222667	0.5633316272451394	0.6841407719311291
ZNF184	150	941	415	169	3.5608188200966535	0.29341254497266434	0.40209875176560894
SUPT6H	150	1609	6931	988	101.68668733473147	0.3782969820872152	0.5880086808880282
ZNF558	150	854	5551	715	43.22562232150999	0.4830210772833724	0.8285589631014215
NFRKB	150	1926	2402	1239	42.18338652320598	0.5795611652802312	0.6353148204102178
NR5A2	150	1758	136	26	2.180067475152731	0.10298300207454995	0.1779998844374283
DUX4	150	857	30	27	0.23443056442053434	0.46575262543757295	0.8992124102818597
ZBTB16	150	52	1221	47	0.5789368104312939	0.4711695961695962	0.9027635818892539
ZNF407	150	1038	10319	900	97.66683687425915	0.47713488838984375	0.8532435040988268
MAF	150	730	1698	455	11.302452812984408	0.4456249899156139	0.6173633803588855
LMNB1	150	168	1873	40	2.8691893863408406	0.12972567564131898	0.22485695113875862
NFE2L1	150	173	1812	73	2.8583568888483635	0.23112614681825722	0.4122544124328744
PARP1	150	338	4	4	0.01232789276921674	0.5059171597633136	1.0
HDGF	150	147	2363	88	3.167329260508799	0.317940125690564	0.5898011230921214
ZNF23	150	55	53	38	0.02657973921765296	0.7039451114922812	0.7168391256189115
ZKSCAN1	150	953	924	492	8.029287863590772	0.5243659802946267	0.5283691997177469
SETDB1	150	688	1560	482	9.78645025987052	0.504777877161598	0.6962608604930809
ZSCAN5B	150	17	14	9	0.002170146804048509	0.5861344537815126	0.6428017733864358
TBX5	150	399	216	154	0.7858484544542719	0.5494639376218323	0.7119148552511476
CDC45	150	316	3552	229	10.23463116622595	0.39457713251225907	0.7154681044101611
SOX17	150	2622	2181	1309	52.14353971003921	0.5497103128013203	0.5903904202722858
CCNT1	150	516	627	341	2.950050150451354	0.6023561811505508	0.6589026077259756
TBXT	150	554	12	6	0.06061821829123735	0.25541516245487367	0.49746141720737563
RARB	150	86	49	35	0.03842436400109419	0.5606312292358804	0.7140614896856684
ZNF532	150	94	121	60	0.1037111334002006	0.5670828204677334	0.6378983620076355
TSHZ1	150	441	0	0	0.0	0.0	0.0
ZNF524	150	435	781	200	3.097793380140421	0.35792603058266004	0.4558953476085475
TP73	150	1174	671	428	7.1829488465396185	0.5012097685318005	0.6339352844616467
HOXB7	150	10	10	9	0.0009118263882556761	0.9	0.8999908809046142
PDX1	150	1100	2133	783	21.394182547642927	0.5394533947065593	0.7061020857937268
ASCL2	150	1203	3396	642	37.2516458466308	0.3613558859036155	0.5187640643014854
MYNN	150	772	1983	605	13.958931339472965	0.5443860247335512	0.7796953134807166
KHSRP	150	608	540	456	2.993708397921036	0.7972222222222223	0.8435772516753978
CASZ1	150	227	2824	167	5.8452448253852465	0.39740939836018524	0.7286967673264523
FOXN3	150	146	155	85	0.2063463116622595	0.5652894387980556	0.5816004437998423
MAF1	150	765	25	13	0.17438679675389807	0.2684967320261438	0.5166282539828291
BACH2	150	822	514	316	3.852539436491292	0.49960710803109054	0.6118769271510451
TCF7L1	150	267	62	56	0.15094374031184463	0.5564818170834843	0.9029896272821438
ORC1	150	330	7	2	0.02106318956870612	0.14588744588744587	0.28355849382006326
KDM5C	150	715	3835	549	25.002507522567704	0.45549365888348936	0.7594194155634133
CAMTA2	150	187	2066	153	3.5227683049147442	0.4461189826630292	0.814690903683878
GLI4	150	180	1714	122	2.813166773046412	0.3744781537663685	0.6726619075261114
PHC1	150	237	200	172	0.43220570803319047	0.7928691983122362	0.8596968007822138
MLLT3	150	258	401	46	0.9433573447615574	0.14650389530050842	0.1752790442986837
ZC3H8	150	223	969	168	1.9703382875900428	0.46336892085132375	0.7511646193823407
CBX4	150	570	9	1	0.046776693717516186	0.056432748538011696	0.10646705367145332
HDAC4	150	306	543	265	1.5150724901978663	0.6770212689127216	0.8653463725271586
ZNF785	150	172	448	141	0.7026169417342938	0.567249792358804	0.8190281751738405
SIX1	150	234	1338	98	2.8548554755174615	0.24602353301904872	0.41162510560287763
ZNF624	150	98	95	51	0.08489103674660345	0.5286251342642321	0.5364278619009466
PPP1R10	150	633	541	138	3.1225768213732104	0.23654632898529143	0.25075866241337774
KDM3B	150	300	6	5	0.01641287498860217	0.42500000000000004	0.832876169577276
PHOX2B	150	678	806	417	4.982839427373028	0.5662069874173785	0.6121941381436219
ZNF207	150	431	1987	301	7.8088538342299625	0.4249302601480388	0.692810208394395
ERCC6	150	65	135	24	0.08001276556943558	0.27350427350427353	0.3684533570232205
CREB5	150	351	391	237	1.2513996535059724	0.6406758913152775	0.6740515905222756
ZNF354C	150	110	47	34	0.04714142427281846	0.516247582205029	0.7231265487481843
ZNF507	150	682	0	0	0.0	0.0	0.0
TAF15	150	601	3029	528	16.599152001458922	0.5264253645706589	0.875085739094988
MSX2	150	297	569	181	1.5409227683049147	0.4637647713218891	0.6073906373536991
HDAC6	150	477	666	241	2.896708306738397	0.4335514760043062	0.5022181787493498
QKI	150	120	9	3	0.009847724993161302	0.17916666666666667	0.3326030731781531
PCBP2	150	40	159	18	0.057992158293061	0.2816037735849057	0.4492014500826401
MRE11	150	168	127	74	0.19454727819823106	0.5115766779152606	0.582036900918791
ZNF239	150	379	0	0	0.0	0.0	0.0
NFATC3	150	199	4330	168	7.856934439682685	0.44151009087005466	0.8378178151055258
HSF2	150	600	176	160	0.9628886659979939	0.5878787878787879	0.9085908132392042
CBX2	150	337	0	0	0.0	0.0	0.0
LCORL	150	152	7748	138	10.738542901431568	0.4628528924272478	0.9008929945396841
CIITA	150	253	0	0	0.0	0.0	0.0
ZNF778	150	137	100	64	0.12492021519102763	0.5535766423357664	0.6395497247404892
TEAD2	150	394	138	116	0.49577824382237623	0.5674979768998749	0.8400049124381768
AEBP2	150	141	109	66	0.14013859761101485	0.536794846769471	0.6049967412593422
BRF1	150	75	400	60	0.27354791647670285	0.47500000000000003	0.7992678685824105
ZNF549	150	157	0	0	0.0	0.0	0.0
ARID1B	150	90	12045	71	9.884653961885657	0.39739172547391727	0.7628419405320813
MTF1	150	12	318	9	0.0347952949758366	0.3891509433962264	0.749272989977321
ZNF114	150	133	80	39	0.09701832771040395	0.39036654135338344	0.4868777216830843
PRDM2	150	207	61	47	0.11513631804504422	0.49877247168765343	0.7700577918161732
THRB	150	258	1396	23	3.2841068660527037	0.052811465760422914	0.07740346662852055
PTBP1	150	56	917	53	0.4682410868970548	0.5021128680479825	0.9459768597516521
NFKBIZ	150	44	1130	31	0.45336008024072216	0.36598954143201934	0.7014695043302008
ZFP41	150	103	1330	88	1.2491109692714508	0.4602671727863347	0.8525811406377979
ZNF302	150	74	43	25	0.029014315674295615	0.4596165933375236	0.5811127039944591
ZNF140	150	66	66	15	0.03971915747241725	0.22727272727272727	0.226807415787745
ZNF8	150	183	98	82	0.16352694446977295	0.6424110627857701	0.8364618071328196
TOP1	150	70	371	47	0.2368013130299991	0.3990566037735849	0.6703132821761537
ZNF512B	150	77	900	65	0.6318956870611836	0.45818903318903315	0.8428663365686442
SMC1B	150	159	1	1	0.001449803957326525	0.5031446540880503	1.0
ZSCAN18	150	240	23	18	0.05033281663171332	0.42880434782608695	0.7821319167702998
ZNF354B	150	33	332	21	0.09989969909729188	0.34980832420591457	0.635259470632351
ZNF577	150	130	810	34	0.9601531868332269	0.15175688509021842	0.2560437541514154
RBAK	150	152	257	102	0.35619586030819733	0.5339698955560106	0.6702799676936302
HOMEZ	150	27	3214	12	0.7912647032005107	0.2240890548295651	0.427671735009978
ZNF101	150	148	782	32	1.0553113887115892	0.1285684661643741	0.21058732305150643
ZBTB4	150	77	4123	63	2.8947843530591775	0.4167309770026239	0.811079424332288
ZNF416	150	139	59	6	0.074778882100848	0.07243019144006829	0.10055492377438538
FOXB1	150	18	6	6	0.0009847724993161302	0.6666666666666666	1.0
LIG4	150	45	55	38	0.022567703109327986	0.7676767676767677	0.8443663934883202
RAG1	150	3	8709	1	0.2382328804595605	0.16672407853944196	0.27582597900839595
SUV39H1	150	4	2	2	7.294611106045409e-05	0.75	1.0
RPA2	150	82	20	5	0.014953952767393088	0.15548780487804878	0.2494388071686681
SALL2	150	61	139	52	0.07731375946019878	0.6132798679089515	0.8522717799332504
NSD2	150	21	8	6	0.001531868332269536	0.5178571428571428	0.7499521199463743
EGR2	150	10	5806	10	0.5294064010212456	0.5008611780916293	1.0
EN1	150	46	1311	28	0.549886021701468	0.31502669717772697	0.6039613892146757
PHF19	150	30	49	18	0.013403847907358438	0.48367346938775513	0.5998212021419254
ZNF398	150	79	5937	58	4.27667548098842	0.37197322945783046	0.7189632536403403
MKI67	150	9	2	2	0.0001641287498860217	0.6111111111111112	1.0
FOXO3	150	19	21	15	0.0036381872891401478	0.7518796992481203	0.7894333641653679
HMGA2	150	55	174	37	0.08726178535606821	0.44268547544409614	0.6722072039161248
SNAI1	150	44	960	1	0.38515546639919757	0.011884469696969697	0.014097139177628552
ZNF133	150	102	78	51	0.0725449074496216	0.5769230769230769	0.6535239092828901
GLI1	150	35	30	26	0.0095741770766846	0.8047619047619048	0.8666241011842325
BRF2	150	14	7	6	0.0008935898604905626	0.6428571428571428	0.8571246182867982
HES1	150	101	488	73	0.44942099024345766	0.4361812205810745	0.7215331798608228
HMGB2	150	6	3049	2	0.1668095194674934	0.1669946430523669	0.31426892138196666
ZNF530	150	37	222	15	0.07489741953132123	0.2364864864864865	0.4041993532162379
RBBP8	150	5	5	1	0.00022795659706391903	0.2	0.19996352528153924
POU3F2	150	37	469	33	0.15822923315400747	0.48112718261971993	0.8914275856794698
MAPK1	150	11	214	2	0.021464393179538615	0.0955819881053526	0.18021853530185644
OVOL2	150	40	56	2	0.020424911096927144	0.04285714285714286	0.049514660536062904
SMC2	150	7	10	5	0.0006382784717789732	0.6071428571428572	0.7142596597274693
ZNF593	150	39	3	3	0.001066836874259141	0.5384615384615384	1.0
SOX1	150	36	57	18	0.018710677487006475	0.40789473684210525	0.4997399943437366
ZFP30	150	23	101	19	0.021181726999179355	0.5071028842014637	0.8259266445960001
TET3	150	38	83	2	0.028759004285584026	0.038363982244768544	0.051914052425542215
BPTF	150	3	3717	1	0.10167776055439044	0.16680118375033628	0.30994560481219663
TAF2	150	80	559	55	0.40776876082793834	0.39294499105545616	0.6858989927688317
MCM5	150	16	9	4	0.0013130299990881736	0.3472222222222222	0.4443633813834627
HOXA9	150	5	79	4	0.0036017142336099207	0.4253164556962026	0.7998558275770821
KAT6A	150	11	26	10	0.002607823470411234	0.6468531468531469	0.9090693517201124
FOXP3	150	17	267	12	0.041387799762925136	0.3754130865829478	0.705164553504555
SMYD3	150	51	7	5	0.0032552202060727635	0.4061624649859944	0.7141527863391773
ZMYND11	150	24	0	0	0.0	0.0	0.0
HNRNPA2B1	150	11	2	2	0.00020060180541624874	0.5909090909090909	1.0
YBX1	150	40	78	29	0.028448983313577095	0.548397435897436	0.724804274034601
PAX6	150	4	806	2	0.029397282757363	0.2512406947890819	0.4962981334509113
ARID3B	150	25	1	1	0.00022795659706391903	0.52	1.0
TFCP2	150	10	812	8	0.0740403027263609	0.40492610837438425	0.7985081482298041
ZHX1	150	9	210	9	0.017233518738032277	0.5214285714285715	1.0
ZNF410	150	5	17	5	0.0007750524300173247	0.6470588235294118	1.0
TOP2A	150	18	27	8	0.004431476246922586	0.37037037037037035	0.4443076368051059
NKRF	150	4	7165	4	0.2613294428740768	0.5002791346824843	1.0
DPF1	150	2	2	0	3.6473055530227045e-05	0.0	-1.82368603421235e-05
SIRT3	150	1	1	0	9.118263882556761e-06	0.0	-9.118347026051117e-06
C17orf49	150	4	1060	4	0.03866143886204067	0.5018867924528302	1.0
ATR	150	7	461	5	0.029424637549010667	0.362565850635265	0.7130796389099276
NR4A2	150	3	1	0	2.7354791647670285e-05	0.0	-2.73555399527661e-05
TERF1	150	4	891	4	0.0324974924774323	0.5022446689113356	1.0
HMGN2	150	2	17	2	0.0003100209720069299	0.5588235294117647	1.0
WDHD1	150	7	8	6	0.0005106227774231786	0.8035714285714286	0.8571324355096309
TFAM	150	6	12	5	0.0006565149995440868	0.625	0.8333150948099242
FOXO4	150	3	30	1	0.0008206437494301085	0.18333333333333332	0.33315091815639064
WRN	150	3	3	3	8.206437494301085e-05	1.0	1.0
DDX11	150	3	2	2	5.470958329534057e-05	0.8333333333333333	1.0
DEAF1	150	2	2158	0	0.03935442691711498	0.0	-0.020072177989433736
WDR77	100	7741	8025	6152	566.440457736847	0.7806668622510475	0.7785229893710293
AGO2	100	11963	135	56	14.726041761648583	0.20974795743666427	0.3431662085699156
TCF4	100	12174	9562	7152	1061.4369289687243	0.6677210978358252	0.7164893690145138
ATF3	100	11091	24255	8911	2452.9242728184554	0.5854162007259113	0.7476289779284793
FOXA3	100	11472	0	0	0.0	0.0	0.0
ZBTB17	100	10172	13584	8062	1259.9293152183825	0.693030088600917	0.7632424523289444
SOX6	100	3406	15150	3140	470.5106227774232	0.5645816255142837	0.9093847853567514
RUNX2	100	20334	9794	8778	1815.9131576547825	0.6639768912058153	0.8726511731349694
ZIC5	100	1219	1928	1086	21.430035561229143	0.7270860919262438	0.8889417704607103
FOXJ3	100	3192	4554	1743	132.54643931795385	0.4643965397683933	0.5263860126456786
ZNF777	100	7585	8630	5555	596.8683322695359	0.6880256666241461	0.7095074768876982
NR2F2	100	9885	18196	7477	1640.078964165223	0.5836565352065348	0.7079414115024091
MLX	100	2321	912	755	19.30110330992979	0.5765708500570685	0.8241288293487073
STAT2	100	10448	12220	8814	1164.1703291693261	0.7824415137988335	0.823995047525059
KLF11	100	12754	11555	9602	1343.7810704841797	0.791922053013022	0.8087397779363248
TAF1	100	32623	25142	21553	7478.868113431203	0.7589598343158706	0.7968084016442686
HAND2	100	3658	10348	2749	345.153496854199	0.508579376463425	0.7256136077730028
POU2F1	100	15115	15751	8699	2170.8431202699007	0.5639017001960694	0.504332336233723
ELF1	100	20654	23461	16861	4418.37780614571	0.7675186267746369	0.7663779093457981
JUN	100	39172	35841	31383	12801.71106045409	0.8383881504504933	0.8065044450070661
FOXP1	100	24273	8925	7477	1975.349001550105	0.5728984205225781	0.7916442134543198
NFIC	100	18648	0	0	0.0	0.0	0.0
TCF7	100	15364	17792	12451	2492.5347679401843	0.7551049200668103	0.7736854392657335
BCOR	100	35153	39748	29459	12740.598559314307	0.7895832839569858	0.7459442257863736
OLIG2	100	13030	12551	9161	1491.1965897693078	0.7164859193370556	0.6934846059863835
RBPJ	100	19756	20743	16076	3736.6527582748245	0.7943679558892118	0.7702777807066445
DDIT3	100	11224	13796	8293	1411.9294611106045	0.6699897079881222	0.7012862893327965
CTCF	100	58373	55427	49003	29501.59816722896	0.8617901943645554	0.7522121338200539
TCF12	100	18336	19284	10833	3224.139910641014	0.5762830096241248	0.5035025499419998
ZNF280B	100	10764	11788	7759	1156.9803227865414	0.6895202144866506	0.6872078853832838
EP300	100	44740	53368	37926	21771.5356980031	0.7791741933456262	0.7033323643058024
YY1	100	29901	31780	25112	8664.664721437039	0.8150103186119396	0.7744902810592625
JMJD1C	100	7664	6011	4438	420.06295249384516	0.6586920369371532	0.7186518133482404
NPM1	100	17894	13339	9659	2176.4207714051245	0.6319535619346801	0.6703270879750582
E2F6	100	12766	20097	9145	2339.3662988966903	0.5856994933650598	0.6527162933117293
MED1	100	35619	45413	31444	14749.39041670466	0.7875940654172411	0.7999483419497317
KMT2A	100	41138	44197	35273	16578.610248928602	0.8277584642723947	0.7611911346557729
NFE2	100	12212	20291	12091	2259.448272088994	0.7929858299217722	0.987842313880101
GABPA	100	20291	15927	13856	2946.792714507158	0.7764167793587913	0.8404493892547752
JUND	100	19407	20243	14744	3582.1637731375945	0.7440382065178652	0.7053366029732029
ZEB1	100	10945	14096	8417	1406.7723169508527	0.6830733516151597	0.7349612439538813
TP53	100	19632	22904	13671	4100.039463846084	0.6466228606356969	0.6162107168554469
GATA3	100	23886	22761	17417	4957.319649858667	0.7471921623096555	0.6998373429032286
STAT3	100	27331	22604	20612	5633.171551016687	0.833017972627213	0.8826221120560949
ZNF382	100	7377	9	6	0.6053888939545911	0.3337400027111292	0.6426278761335902
EPAS1	100	6110	11022	4633	614.0641925777333	0.5893031375131006	0.7312559586294094
KDM2A	100	20454	0	0	0.0	0.0	0.0
TEAD4	100	15303	17937	11678	2502.8714415975196	0.707087409125212	0.7167997193574736
MYOD1	100	15174	16790	12840	2323.0734020242544	0.805462589883498	0.8183788552361938
RBBP5	100	17260	20447	14787	3217.9741041305733	0.7899537585825853	0.8238858111828826
PRDM10	100	5045	19909	4719	915.8466763928149	0.5862050227444685	0.9210491898820531
EBF3	100	5470	5477	3813	273.1758001276557	0.6966294983275583	0.6811514232017503
PRRX1	100	8226	9944	5793	745.8680040120361	0.6433964189248266	0.6747383600576886
RAD21	100	42877	43703	36457	17086.290972918756	0.8422342002140187	0.7510731483473855
CHD2	100	14390	11245	9554	1475.4768852010577	0.7567776706255982	0.8269106915322755
MYC	100	47914	48682	41434	21268.80047414972	0.8579365464297135	0.7568042230754053
NR2C2	100	12937	8212	7141	968.7119905170056	0.7107818930746141	0.8521389735438057
POLR2C	100	18341	22594	17441	3778.5771313941827	0.8614301061490004	0.9381970975489078
SMARCC1	100	26145	26091	19218	6220.016367283669	0.7358151672377184	0.6541187830941577
AHR	100	17495	9037	7385	1441.6186286131122	0.619658289001018	0.7824994007248446
MYCN	100	36986	35689	30927	12036.047724993161	0.8513753945006606	0.7986720666142035
RUNX1	100	39624	42589	35042	15387.494629342573	0.8535788153222224	0.810946341895176
GFI1	100	8850	5564	3893	448.9960791465305	0.5697817486911421	0.6733140334091507
TBP	100	24277	23220	18432	5140.074222668004	0.7765177938221426	0.7351759039850134
MEF2C	100	10332	8005	6127	754.1502689887845	0.6792043143283222	0.7409958736328561
MXI1	100	5658	26000	5327	1341.36956323516	0.5731916890991653	0.9233198197416055
NRF1	100	17654	16945	14358	2727.7015592231237	0.8303148488554274	0.8180385668362857
IRF9	100	12219	2767	2197	308.28825567611926	0.48690133529535795	0.7681712785909582
RBBP4	100	13945	65	63	8.265022339746512	0.4868742587638249	0.9647483777648311
TET1	100	18642	1753	1097	297.97962979848637	0.3423149935375242	0.5491472054723556
RREB1	100	7860	6146	5682	440.4810796024437	0.8237022528150872	0.9186752324418427
ZNF281	100	1621	11847	1474	175.10702106318956	0.5168674609079875	0.8983327243845588
POU2AF2	100	3964	484	406	17.49408224674022	0.4706323856860505	0.8327995486624136
ZFY	100	16557	11900	9743	1796.5560317315583	0.7035957550260545	0.786508441401326
SIN3A	100	23883	28861	19859	6285.103154919303	0.7598015749204408	0.7713363116385771
MAX	100	46769	42972	38015	18325.498933163126	0.8487352751063393	0.7988761168752714
HDAC1	100	39452	41776	32782	15028.237001914835	0.8078213583737961	0.7269053093692839
GATA1	100	36137	25188	21931	8299.614808060545	0.7387886517029759	0.8071455640676344
TFAP2C	100	17379	28669	16018	4543.070584480715	0.7402045290549988	0.8939695010822916
PHF21A	100	12093	183	166	20.178891219111883	0.46041538730575743	0.895590933342204
BCL11B	100	18170	12025	9827	1992.2882283213276	0.6790253404837885	0.7809166604182998
KDM5A	100	19900	15402	12326	2794.7460563508707	0.7098413310547022	0.7560134813061709
ATF2	100	9422	14668	7156	1260.1613567976658	0.6236818921789611	0.7223664790424079
FOSL2	100	15522	20839	13640	2949.4206072763745	0.7666473513174266	0.8503091576348123
RXRA	100	21904	13628	11567	2721.8720889942556	0.6884221537298172	0.8110236724878154
THAP11	100	11799	11733	9875	1262.31117899152	0.8392892810018244	0.8225522664495488
BMAL1	100	19588	18397	14681	3285.8615482812074	0.773750014277372	0.7540886802226784
SMC1A	100	38869	31586	27929	11194.640594510805	0.801381312923162	0.8206593328439121
HNF4A	100	14276	19334	11477	2516.751928512811	0.6987770692035827	0.7619745766919592
BCL11A	100	2238	4024	1293	82.11645846630802	0.4495350284352864	0.5616646345712494
SMARCC2	100	14297	4341	3421	565.9093371022158	0.5136741168211276	0.7562972436551227
SNAI2	100	17603	11363	9884	1823.8614844533602	0.7156679553808465	0.8449545524902942
USF1	100	12904	17891	11483	2105.092222120908	0.7658550977551151	0.8684126182732265
ZNF629	100	6860	9117	5238	570.2801130664722	0.669043973533568	0.742118881419569
FOXA1	100	38212	38997	30988	13587.611598431658	0.8027873337740558	0.7066323076864764
PML	100	10165	14595	8204	1352.7689887845354	0.6845967200661507	0.7774683848500789
CEBPD	100	12576	5471	4737	627.3666089176621	0.6212539512641952	0.8484608679609454
HMBOX1	100	2845	190	153	4.928877541716057	0.4295208583849782	0.8000768595957481
ATF4	100	16078	17285	12568	2534.0405762742776	0.7543968453183268	0.7408438780574509
ZFP1	100	880	1438	469	11.538615847542628	0.4295509862182324	0.5267492516076576
KDM5B	100	35634	33858	28367	11001.148645937814	0.8169441132622364	0.7597656862293886
IKZF1	100	21077	21821	13532	4193.683021792651	0.6310817098050947	0.5531091426087104
ELF2	100	2826	2161	1878	55.68510987507978	0.7667928172751665	0.8655783031187282
PAX5	100	21887	10884	10225	2172.135570347406	0.7033123506295331	0.9243560313270073
YAP1	100	12884	9093	7267	1068.243019968998	0.6816095481057054	0.7724541684509746
CREBBP	100	27489	15506	13065	3886.609227683049	0.658929044220669	0.7899201388582565
ZFP37	100	5912	0	0	0.0	0.0	0.0
SRF	100	15888	14384	11094	2083.824126926233	0.7347682386270076	0.7325241497398328
HOXB13	100	18199	21134	13869	3507.0453724810795	0.7091579836585041	0.7052808758414182
SMARCA4	100	54504	52162	44579	25923.56750250752	0.8362646230423749	0.7109964552674904
MCM7	100	7680	8356	5940	585.1561958603082	0.742151971637147	0.7547514719091143
PPARG	100	8024	8887	5386	650.2169052612383	0.6386450387781182	0.6422460538767096
TEAD1	100	7299	15826	6229	1053.2868970548009	0.6234986989539465	0.828682492717215
RUNX1T1	100	16508	12131	10122	1826.0102854016595	0.7237742430849943	0.8050458995457324
E4F1	100	4767	8932	4239	388.24513540621865	0.6819121369288467	0.8794177759825378
E2F1	100	27463	25003	20795	6261.123269809428	0.7944503965717902	0.7754760603445068
CHD1	100	14278	4517	3251	588.0708124373119	0.47370921785477244	0.6777747982815228
ATRX	100	7668	5758	3842	402.59272362542174	0.5841444340984479	0.6422307583491457
EHF	100	3953	145	127	5.226452083523297	0.453994783534112	0.8712202682960004
TCF7L2	100	18424	10216	9170	1716.2358347770585	0.6976659772024573	0.87693776207583
MXD1	100	10240	9510	6575	887.9584207166955	0.6667336705605942	0.6595933836538088
ERF	100	13760	255	241	31.994164311115163	0.4813062870497036	0.9372213737961038
ARID4B	100	19195	9578	7954	1676.3901705115345	0.6224117568637992	0.7944722613435933
DOT1L	100	15006	12297	8337	1682.5821282027903	0.6167740027677633	0.6269225455574134
ZBTB26	100	20161	3608	3171	663.2706118355065	0.5180820654815212	0.8515992668948129
KMT2B	100	22145	21909	16976	4423.95190115802	0.770712634181406	0.7178732382024898
RFX5	100	8253	6474	5036	487.1881280204249	0.6940415522223671	0.7598053804345589
BRD4	100	61421	61135	53938	34238.83318136227	0.8802228163123316	0.732415401475989
AR	100	37873	41276	33266	14254.089067201605	0.8421485555003658	0.8049444357062844
RB1	100	12450	4474	3564	507.8991520014589	0.5414338264995611	0.7705555065602471
NCOA1	100	8028	7948	4735	581.8049056259688	0.5927790102532431	0.563818231958865
ZNF697	100	5204	4533	3131	215.09740129479349	0.6461825636679552	0.6753053205923606
ZNF138	100	3220	29	3	0.8514634813531503	0.052189976440351254	0.07632853371341573
DNMT3B	100	1397	1313	359	16.72527582748245	0.26519944544424157	0.2640448955687307
HMG20A	100	2766	12	9	0.302653414789824	0.37662689804772237	0.7435315797350894
MEF2B	100	9008	5188	4011	426.12842162852195	0.6092005855156934	0.7528282775734736
UBTF	100	10235	18084	6598	1687.6970912738216	0.5047518085011087	0.5744856548506213
STAT5B	100	3064	4546	2055	127.00778699735571	0.5613688302573404	0.6564512512042225
SREBF1	100	2084	7086	1612	134.6514452448254	0.5005016514952303	0.7578678277680925
BHLHE40	100	16721	15992	11526	2438.2441141606637	0.7050241039124909	0.6704972379895098
FOS	100	19786	17915	13496	3232.1162578645026	0.717716823711734	0.6990373228033682
GRHL2	100	7292	5929	4843	394.22146439317953	0.7404925070085608	0.8037861871051479
SMC3	100	18718	21165	13918	3612.3504148810066	0.7005787163158963	0.6822380942340529
ZNF48	100	2733	14380	1786	358.3526944469773	0.38884730337038625	0.6012039355126648
TWIST1	100	10450	18501	8524	1762.8836509528585	0.6382128161183063	0.7782923673848048
SMAD4	100	18622	17230	13870	2925.6593416613478	0.7749046257545338	0.7651062652761068
THRA	100	12109	4734	4461	522.6954135132671	0.6553678663002024	0.9351744823027038
EP400	100	8438	12440	6553	957.1324883742135	0.6516871597557825	0.7480238759648424
HMGXB4	100	5544	14554	4886	735.7287863590773	0.608514199296802	0.8631524781436468
FOXO1	100	18559	11408	8871	1930.5286039937996	0.6278006588782056	0.7323125658739429
E2F3	100	9350	971	817	82.78335005015045	0.46439014853202776	0.8266188772652537
HDAC2	100	27866	26745	19287	6795.6247834412325	0.706638961098139	0.6261537056153235
ZBTB21	100	3590	5060	3173	165.63691073219658	0.7554595549781453	0.8782255300826868
HMG20B	100	2169	4416	1442	87.33750341934896	0.4956811769599294	0.6507599088737134
ZNF740	100	2780	3151	1609	79.87398559314306	0.5447042619791821	0.5663165371719748
ETV6	100	22869	24603	19925	5130.354764292879	0.8405636832325374	0.8340346762178965
ETS1	100	22528	31971	19416	6567.362888665998	0.7345805807055967	0.8050203147723909
ZSCAN29	100	4693	2472	1792	105.78185465487371	0.5533821976820121	0.7126215935171868
MAZ	100	28727	25246	21438	6612.9464940275375	0.7977154012578331	0.7956319935012572
MCM2	100	5219	11062	3253	526.4208808242911	0.45868463556226435	0.5810406281769108
TFAP2A	100	29688	28592	23457	7739.9406948117075	0.8052607639880046	0.7537413487634606
MBD3	100	6462	25861	5025	1523.787562688064	0.48596552916263963	0.709004013447786
MEF2D	100	5776	10587	4439	557.5865049694538	0.593906368273744	0.7437918629343545
TET2	100	21764	22629	14382	4490.722677122276	0.6481860856178543	0.5726346620844874
SFPQ	100	18253	870	760	144.79903346402844	0.4576001047851684	0.8483179076202406
MBD6	100	6067	0	0	0.0	0.0	0.0
HEY1	100	16065	14343	10398	2101.0330537065743	0.6860992518041868	0.6777478637781773
ESR1	100	49740	48317	41926	21913.810340111242	0.8553154054913394	0.7579459117506135
SATB1	100	3072	133	102	3.7255037840795113	0.40006020911654133	0.7602001871411488
KMT2D	100	14942	15241	9959	2076.5115528403394	0.6599726606417284	0.6126847402284127
PSIP1	100	4850	6	5	0.26534147898240174	0.41718213058419246	0.8256217006932519
SMAD1	100	13759	7715	5676	967.9099571441598	0.5741198184448834	0.6977956441890091
BMI1	100	20119	13801	10949	2531.798294884654	0.6687801235283928	0.7469208489980783
FOXM1	100	10184	8685	6055	806.4925686149357	0.645869569297409	0.6661804253019993
GTF2F1	100	16593	12490	9490	1889.7289140147716	0.6658678838448328	0.7169883698572254
CXXC5	100	14606	4394	4146	585.1989058083341	0.6137076743952252	0.9348876473549133
SKIL	100	7147	1185	947	77.22435488283031	0.46582963315875947	0.7851550527861382
MITF	100	28912	22812	19428	6013.8647214370385	0.7618135694171972	0.7985490684600861
CREB1	100	25038	30570	22447	6979.225494665816	0.8153996347534084	0.8565240404749129
NR3C1	100	30434	29806	25079	8271.321272909638	0.8327266228513421	0.7804935908306125
MXD4	100	9799	0	0	0.0	0.0	0.0
ZBTB8A	100	8753	8431	6235	672.8963526944469	0.7259299395637002	0.7169411366703399
NONO	100	14460	12222	10830	1611.4718701559223	0.8175348378646492	0.8688095462388209
NR5A1	100	11227	5272	615	539.6985866690982	0.08571633991760325	0.015912218338159444
KDM6A	100	20190	17289	14179	3182.8659615209262	0.7611975964584925	0.7795285376194171
CEBPG	100	5208	6847	4302	325.14977660253487	0.7271706166177255	0.814452633492901
GABPB1	100	11950	18577	9554	2024.2103583477706	0.6568948871180293	0.7586086259630658
STAT1	100	25622	35807	21024	8365.523424819914	0.70384630433903	0.7335493152400946
GATAD1	100	11991	5469	4264	597.9646120178718	0.5676336242856854	0.7526193295632815
MAFK	100	5486	4119	2957	206.04389532233063	0.6284505386905086	0.7030378136338128
GMEB1	100	13117	10135	8904	1212.1892495668824	0.7786767335038127	0.8620389881136673
MYBL2	100	11436	9864	7078	1028.5830582657063	0.6682407499602144	0.6846781517643763
PGR	100	22657	22842	16370	4718.985994346676	0.7195881510477609	0.6495152697495611
KDM2B	100	24281	29551	19734	6542.608106136591	0.7402644483625611	0.743663347432693
CXXC1	100	14967	11002	6212	1501.4765569435579	0.4898355245990066	0.49581725378501945
IRF4	100	19608	15099	11145	2699.564074040303	0.653259402873714	0.6811145262082584
POU2F2	100	15547	14660	11237	2078.225768213732	0.744641800846634	0.7279398011011657
ZBTB7A	100	29247	24865	20619	6631.044542719066	0.7671166343593387	0.7671377441966633
HSF1	100	18629	8427	6705	1431.4450898148993	0.5777897592687905	0.7538436875832576
ZSCAN4	100	1563	1584	1181	22.57492477432297	0.7505895083270323	0.7520165010660868
SOX10	100	7647	9105	4650	634.8676483997447	0.5593950013023165	0.572597913198822
RARA	100	5293	19210	4276	927.1316677304641	0.5152259183920145	0.7670566488496627
MAFB	100	12895	12479	9676	1467.280979301541	0.7628755013346812	0.7454530037743181
REST	100	23179	24205	17506	5115.780933710222	0.7392457997710872	0.6859363782733967
KLF4	100	23601	13364	10452	2875.9347497036565	0.6124818789416857	0.7223510790116681
SP1	100	23960	28431	18939	6211.422996261512	0.7282907387765793	0.7171040811360597
ZIC2	100	13963	8572	7328	1091.3726269718245	0.6898459628103859	0.8337037874008653
ZNF792	100	6117	4129	3157	230.30083888027718	0.6403472877896121	0.7506860724999265
DLX6	100	4274	3701	2134	144.23337284581015	0.5379495000465923	0.5594313138127438
TFAP4	100	18039	24129	16567	3968.843174979484	0.8025001048159314	0.89538140773368
TCF3	100	12545	17370	5737	1986.9303364639372	0.3937978831761215	0.35518516007594764
ZNF221	100	5365	7032	4124	344.0018236527765	0.6775739079081435	0.7528379902932314
MED12	100	18423	22746	16227	3821.0044497127747	0.7971006653585351	0.8496095966857897
TOP1	100	195	1392	110	2.4750615482812073	0.32156277630415564	0.5584987551037903
GATA6	100	7149	2611	2168	170.20186924409592	0.5667962013794142	0.8185019914519499
BRD7	100	15241	19254	10312	2675.7564876447523	0.606086523419608	0.607727459069665
NFYB	100	8531	9956	7570	774.4564238169053	0.8238487653022968	0.8761046088942497
GATAD2B	100	8141	9717	4971	721.3102671651318	0.5610952971172374	0.5727584152243483
ZNF384	100	12992	10158	5172	1203.3622321509984	0.45362323927269343	0.4431935574321182
ZMYM3	100	10042	8130	5519	744.4283760372025	0.6142177516178667	0.6464728618258199
REL	100	9641	5213	3811	458.2705662441871	0.5631739589374803	0.7051356928857789
RUNX3	100	6562	17916	6007	1071.986796753898	0.6253545108981268	0.8989073469492126
NR4A1	100	4876	1246	801	55.39797574541807	0.4035655689675378	0.6262395066238797
NEUROD1	100	20597	16590	12601	3115.7493389258684	0.6856710363228457	0.7039538524005752
SUPT6H	100	2662	9551	1647	231.8296890672016	0.3955752073510069	0.5823337996379351
KLF5	100	17960	17042	13626	2790.8664174341206	0.779120005886152	0.7602997698246993
TLX3	100	4550	6979	4012	289.54545454545456	0.7283128506398315	0.8737223941107437
ATF7	100	11084	7800	5182	788.3213276192213	0.5659398624952576	0.6266229354872773
LCOR	100	9511	4922	4310	426.854581927601	0.66440990010882	0.8638531252983497
IKZF2	100	19445	8762	6973	1553.5432661621228	0.5772120271569376	0.7518192775435426
JUNB	100	9602	9645	6368	844.4541807239901	0.6617168165997904	0.6307184607722262
ASCL1	100	30348	31916	24926	8831.829743776785	0.801163362578581	0.7480034813150926
ASH2L	100	6325	15302	4798	882.5125376128385	0.5360654294589614	0.7194297624839665
FOXK2	100	7273	6511	4800	431.7908543813258	0.6985945982792808	0.7185489166410521
ZSCAN20	100	3240	1442	1065	42.601258320415795	0.533630631324806	0.7305985858272834
ZNF660	100	5988	191	125	10.428631348591228	0.3376626726402193	0.634493549598041
TAL1	100	13368	15449	7287	1883.1242089906082	0.5083943674403054	0.47052104779745746
MNT	100	15731	17548	13412	2517.074751527309	0.8084438470080022	0.8245033208230055
FOXL2	100	9021	8038	5931	661.1725904987691	0.6976680149072418	0.7143758579350495
CHD8	100	16368	20007	11927	2985.9995987963894	0.6624096293203536	0.6681363124454424
POU2AF1	100	12185	6426	6026	713.9674477979393	0.7161476745898286	0.9299723878769223
CTCFL	100	10130	20814	9104	1922.547825294064	0.6680572941877624	0.8749916565871723
NR1D1	100	7064	12464	4696	802.8238898513723	0.5207721226941064	0.6217962954017934
ATF1	100	14369	17769	12485	2328.100310020972	0.7857562882926838	0.8435332866722618
ZNF362	100	2108	6610	1500	127.05279474788	0.4692519240871889	0.6930761211666828
SOX9	100	9348	1025	911	87.36846904349412	0.49311724433033804	0.878417058048693
SREBF2	100	24809	6212	5625	1405.2476338105225	0.5661188537736744	0.877880124607846
RELA	100	30543	35126	26548	9782.560572626971	0.812497114121139	0.8075666936638867
NR2F6	100	3090	9553	2133	269.15993434850003	0.45678595347976897	0.660739362130773
SOX13	100	11862	321	297	34.71963162213915	0.4751357905634422	0.9161660992124949
SIX4	100	2897	5387	2771	142.3008935898605	0.7354466085429587	0.9542599771761642
ERG	100	30853	41783	27737	11754.635716239627	0.7814197664344402	0.8368446661869581
SOX2	100	11364	4005	2949	414.997902799307	0.4979166419483565	0.7058497540089415
ZNF580	100	9603	4487	2904	392.8937813440321	0.4748042646300844	0.6133466218373606
MEIS1	100	8213	18394	5871	1377.495413513267	0.5170112452960689	0.6573771591595514
EZH2	100	31669	34893	24759	10075.922467402206	0.745687402874098	0.6799900343261223
PDS5B	100	1418	2274	1133	29.40213367374852	0.6486268394917464	0.7947569941512216
ZBTB11	100	5010	12143	4632	554.7226224126927	0.653002617017468	0.9151567976661645
TAF7	100	1917	9489	1619	165.86498586669097	0.5075836925747645	0.8298246579533507
ZNF366	100	6364	7392	3963	428.94764292878637	0.5794208443191002	0.595454284891123
PCGF2	100	1576	1423	598	20.449056259688156	0.3998402780998177	0.411786071884208
HHEX	100	14253	12366	9732	1607.117698550196	0.7349001119404777	0.755179030107518
ZBTB33	100	13647	9225	7594	1147.9308379684508	0.6898285635307442	0.7980703189138262
SMAD5	100	12442	8599	7277	975.5517279110057	0.7155675038306362	0.8265876604895304
MYBBP1A	100	3868	4366	3564	153.98639555028723	0.8688571224195993	0.918147849637443
USF2	100	13559	6863	6283	848.5038479073585	0.6894355542998641	0.9035663195497766
VDR	100	7617	6487	3901	450.5469043494119	0.5567502239712355	0.5716027344164613
NBN	100	5940	6033	4145	326.76228686058175	0.6924329906055415	0.6802202059253112
SUZ12	100	21482	25323	16969	4960.232388073311	0.7300097092460486	0.7268452077281266
ZFX	100	25106	26347	21070	6031.437786085529	0.819476578830562	0.7884092984815229
GTF3C2	100	5562	908	715	46.04993161302088	0.4579979074493851	0.7760891180608954
KLF10	100	5517	9397	3936	472.7204249110969	0.566144147331507	0.6865756593255172
ARID1A	100	21323	20768	15350	4037.8960882647943	0.7294989077493019	0.6761526390640297
ZNF501	100	6794	13573	4515	840.8403574359442	0.4986013278409202	0.6171780807446274
ELF3	100	12394	13804	9842	1560.014370383879	0.7535378304165367	0.7644449524629446
KLF9	100	6864	8730	3751	546.3911735205617	0.4880710855581989	0.5072502768844656
POU5F1	100	8856	14313	6861	1155.7940001823654	0.62704171516144	0.7409160222405416
ARNT	100	12480	19859	10085	2259.87343849731	0.6579615758243049	0.7656584793165362
MTA2	100	9103	11232	6278	932.2959423725723	0.6243007474915911	0.6542525613367631
ZNF274	100	11198	5704	4076	582.4144433299899	0.5392899127699371	0.6821296877722169
KLF6	100	6655	3111	1035	188.78184553660984	0.24410630850854956	0.28958076013964884
GATA2	100	21213	10960	7836	2119.946019877815	0.5421798143336565	0.6466084927733867
EBF1	100	17864	21255	14430	3462.198595787362	0.7433344494796568	0.761557606328641
MEIS2	100	9334	7342	3363	624.8767028357801	0.4091726354682491	0.4076333239736984
PAX8	100	4788	9361	3553	408.6848545636911	0.5608084792867402	0.7179924351215062
PRMT1	100	4681	3204	2462	136.75502872253122	0.6471852371034819	0.7580890972360234
RTF1	100	2843	10	8	0.2592322421810887	0.40140696447414703	0.7946773755698466
SMAD3	100	21989	25392	19146	5091.134202607824	0.812362547272949	0.8317539011086976
NFATC1	100	9088	2983	1539	247.19161119722804	0.342633878509913	0.47218525759696406
SMARCA2	100	10998	2887	1930	289.5160572626972	0.4220002402426918	0.6315665385821458
ZNF687	100	17656	17286	12339	2782.9088720707578	0.7063352803479258	0.6589003022622298
SAFB2	100	5965	10	4	0.5439044405945108	0.20033528918692373	0.3654886456776434
ZNF83	100	6675	3979	2029	242.17949302452814	0.40694857740967794	0.47816599797609716
HNRNPL	100	1906	8990	1783	156.24090453177715	0.5668992129531822	0.9297046088695506
SPI1	100	32791	22471	20997	6718.761384152457	0.7873662410972425	0.9064259984915997
NR1H3	100	6935	5773	4458	365.05657882739126	0.7075208647869886	0.7568391720128487
GLYR1	100	7601	11885	5628	823.7246740220662	0.6069834820684589	0.7088800579729577
NKX2-1	100	5393	11299	5218	555.6260326433847	0.7146806540889206	0.9638233468859492
BRCA1	100	11401	11077	7438	1151.5353059177532	0.6619401802108036	0.633367291894188
YY2	100	2278	3507	1495	72.84531777149631	0.5412838564686756	0.6449228680825649
RUVBL2	100	21460	21841	17175	4273.801951308471	0.7933456407153061	0.7506720225229665
ZIK1	100	4671	2049	1566	87.26980031002097	0.549767685914742	0.7537887727495195
LDB1	100	7612	4706	2696	326.63510531594784	0.4635316460756374	0.5410293391080829
E2F8	100	4426	2267	1855	91.49030728549285	0.6186881723687933	0.8106190924454469
HIVEP1	100	9422	8775	6435	753.880277195222	0.7081546734592796	0.708270156678105
PHF6	100	4819	9196	3354	404.08064192577734	0.5303594063335457	0.6681706094312377
OGT	100	14672	1973	1859	263.95418984225404	0.5344619477173025	0.933296112180002
PBX1	100	10608	13607	7310	1316.158074222668	0.6131630260065992	0.6450649907365813
DNMT3A	100	419	4577	295	17.486669098203702	0.3842549887551277	0.6911684109678331
BCL6	100	21603	17668	13973	3480.2754080423088	0.7188365770247722	0.7395635941442992
FOXK1	100	11555	11392	9680	1200.2786541442508	0.8437258422104348	0.8320205251003895
ISL1	100	4316	5418	1536	213.22228503692898	0.3196922625333945	0.32241028075657696
KLF17	100	3615	7624	2644	251.30628248381507	0.5390982686979604	0.7113292464936418
STAT5A	100	10045	18964	8759	1736.9689067201605	0.6669256196724527	0.8452100160000346
ZNF350	100	9820	5702	4206	510.5647852648856	0.5829727447617266	0.7118330600074085
ZNF264	100	2918	3088	1839	82.16270630072034	0.6128786351997784	0.6195127264891593
XBP1	100	8146	6898	5475	512.3653505972463	0.7329086659049329	0.7771560575998357
CBFB	100	15272	18353	11283	2555.730974742409	0.6767899569775291	0.6863073601166443
TFDP1	100	4085	17978	3905	669.6464849092732	0.5865731378743475	0.9472968173851782
SAMD1	100	1063	97	84	0.9401933071943102	0.47250050916003145	0.864667643548635
ZNF589	100	2865	2032	1395	53.083614479803046	0.586713371397947	0.6781066624840988
SMARCB1	100	14398	12802	8771	1680.7075408042308	0.6471545773327412	0.6375421278785883
CDT1	100	2122	8301	1234	160.615683413878	0.36509182489510766	0.5472585395474131
TBX2	100	14017	8400	6832	1073.6099206711042	0.6503707402915507	0.785979181694946
HNF1B	100	15756	9469	7147	1360.3862861311206	0.604191863799165	0.713637856983065
ONECUT1	100	3870	4161	3031	146.8320415792833	0.7558174000361422	0.7746542704036686
PIAS1	100	6103	4418	3727	245.8562414516276	0.7271388285614827	0.8343777108388944
ADNP	100	549	3244	405	16.23922677122276	0.43127539366497547	0.7297098299349383
BACH1	100	5110	7696	2817	358.5899516732014	0.4586531595949404	0.5174064168998682
CLOCK	100	1996	3970	973	72.25421719704568	0.3662815555544338	0.4682249551136331
ZNF12	100	4484	6720	2829	274.75590407586395	0.5259460223652351	0.6068177653078953
HINFP	100	6816	2483	2163	154.31866508616758	0.5942325950264616	0.8625831730592538
ZFP3	100	4462	1294	694	52.64728731649494	0.3459285590079926	0.5166563105960877
TP53BP1	100	17541	16733	10819	2676.33402936081	0.6316751001954584	0.5792743448302146
ZNF7	100	4351	7514	3172	298.1071760736756	0.5755865692093215	0.7090966745925891
MYB	100	18217	16287	14113	2705.3914379502144	0.8206176172823889	0.8399305951082504
TFE3	100	10479	13202	6933	1261.454891948573	0.5933783185216062	0.6152988720497167
TCF21	100	7378	5038	4801	338.92918756268807	0.8018379373416951	0.9495644970123204
EGR1	100	26996	32326	23737	7957.259925230236	0.8067894873154138	0.8288227063765189
CUX1	100	4303	3949	3573	154.94252758274826	0.867568469870938	0.9008976530446586
SALL4	100	1794	5	2	0.08179082702653415	0.20055741360089188	0.3900218769698543
NFE2L2	100	8225	2752	1118	206.3937266344488	0.2710885258358663	0.35810968997979203
GATA4	100	14453	8593	5932	1132.4394000182365	0.5503815789006463	0.6433243903941341
SETDB1	100	1393	2397	897	30.44607458739856	0.5090758638535068	0.6359777101300383
TRPS1	100	5767	7176	3335	377.350159569618	0.5215169309910943	0.5487647487307271
VEZF1	100	238	14617	78	31.72103583477706	0.16653367237296507	0.22435135037887313
SAP30	100	15900	15224	11781	2207.181544633902	0.7573936634311267	0.7354960421545523
ZNF331	100	10561	13314	9406	1282.1113704750614	0.798554872181366	0.8755238858752059
GTF2B	100	10830	8264	6617	816.0765934166135	0.7058449178047784	0.7788645357786333
CDK9	100	32440	35812	27849	10593.063554299262	0.8180607768366464	0.7898561195794817
ZNF341	100	9238	1117	997	94.0899607914653	0.5002465876513711	0.882687630974031
TRIM28	100	16081	31031	13207	4550.100401203611	0.6234432112858065	0.7507566538607281
ZBTB12	100	3747	980	716	33.48281207258138	0.46084922359656433	0.7210827195034052
HDAC3	100	4085	4724	2153	175.9600620041944	0.49140400797200057	0.5057609974201105
PCBP1	100	9057	1286	1227	106.20317315583112	0.5447983146654908	0.9499913894854093
TARDBP	100	9531	7180	5323	623.9863226041762	0.6499291200185642	0.7167486080142473
FOSL1	100	12466	11869	7715	1349.1287863590771	0.6344480003555582	0.6051282458084102
IRF2	100	9748	6985	5994	620.8605817452357	0.7365099578820786	0.8442837381661633
BANF1	100	4392	2778	2092	111.25171879274187	0.6146901690487712	0.7427578730117556
MEF2A	100	5108	250	215	11.644022978024983	0.45104541895066563	0.8531608041162181
CDX2	100	2810	3370	880	86.34722348864776	0.287147428112823	0.2913927881541196
ZNF711	100	10745	5382	3912	527.3054618400656	0.5454718250639509	0.6972003102470848
ARID2	100	17016	25731	14245	3992.3287681225493	0.6953828208459674	0.7872335725722599
NR2F1	100	13885	5510	4973	697.6050879912465	0.6303485593025938	0.8884131477531112
KMT2C	100	14230	12559	10761	1629.566608917662	0.806527495212058	0.8354900994714837
NFKB2	100	16849	3128	2583	480.56598887571806	0.4895350650330398	0.7941402891592544
SIX5	100	4999	4500	3909	205.11990517005563	0.8253115289724612	0.8623942957775634
FOXA2	100	27470	34102	21780	8541.824929333456	0.715768581106506	0.6993899317416008
NANOG	100	19765	21861	15310	3939.8437585483725	0.7374677482143377	0.7184861917299246
CEBPA	100	17869	15890	13037	2589.0253487735936	0.7750203345155029	0.7855044404782066
TRIM24	100	9067	13398	6102	1107.6836509528587	0.5642155371089018	0.6274805686854049
ZFP64	100	2761	4563	2427	114.87592778335005	0.7054581268494845	0.8737776495415012
PBX3	100	4463	12171	3613	495.2965532962524	0.5531991622921063	0.7857702796044006
ZNF766	100	6224	7532	3049	427.4566244187107	0.44734202620660846	0.45225977030119185
MGA	100	7926	12447	5667	899.5616121090544	0.5851395381975975	0.6784999917037541
MTA3	100	8498	8256	3945	639.7327254490745	0.471030589618898	0.4339746959242331
NOTCH1	100	6956	16192	6228	1027.0042126379137	0.6399882690065392	0.8772136081540547
ZNF217	100	12019	2748	2411	301.15995258502784	0.5389822040623937	0.8622713403943048
MECOM	100	28578	23208	20709	6047.5811434302905	0.8084849720603557	0.8543741839353016
LYL1	100	4929	6120	3931	275.05680678398835	0.7199225571746248	0.7855581904276849
DDX20	100	2045	2115	1604	39.43808698823744	0.7713722566138943	0.78011150035366
ARID3A	100	3304	1215	559	36.60399379958056	0.3146355832561106	0.44331108002038777
TBX21	100	6044	17557	5657	967.5800857116805	0.629088611521433	0.9237651718072549
RYBP	100	8344	168	114	12.781909364457007	0.3461169702780441	0.6521024077870298
PKNOX1	100	7275	10007	6681	663.8180450442236	0.7929915863019598	0.9101522233018055
PRDM4	100	2080	101	53	1.9155648764475244	0.275116622239147	0.5155646803643092
E2F4	100	13809	12825	10703	1614.8484088629525	0.8048080686424102	0.8107072876982598
ETV4	100	7132	3550	3133	230.8616759369016	0.6609114642989738	0.8743649829304093
ZNF143	100	15548	19820	13574	2809.8965988875716	0.7789510534351225	0.845031875009932
HIF1A	100	11557	27190	10280	2865.276101030364	0.6337921865631508	0.8530786280324226
ZBTB9	100	6359	6557	4119	380.19479347132307	0.6379634882158736	0.6253432044325534
CHD7	100	10178	2858	702	265.23866143886204	0.15729930264386985	0.1684541234340991
PBRM1	100	17380	27182	14930	4307.679037111334	0.7041469558774384	0.8125811011712942
KDM3A	100	3545	4751	3329	153.57249019786633	0.8198818510185222	0.9363100053367787
KAT7	100	2089	15551	1655	296.21627610103036	0.449334558762304	0.7579183734130902
GTF3C1	100	11772	11658	9120	1251.3720798759916	0.7785075466283473	0.7561169651225739
ZNF770	100	9322	3629	2087	308.4666545089815	0.3994842761376167	0.5356167700908966
KLF1	100	15684	21234	11157	3036.6924044861858	0.6183964050811668	0.6420582036285895
ZNF414	100	7093	6545	4487	423.30341023069207	0.6590785070164077	0.6638186865648703
CEBPB	100	21539	17378	14475	3413.0094100483266	0.7524932385174004	0.7921230249815696
PATZ1	100	9718	19583	8276	1735.2748609464759	0.6371135037312279	0.8193599334962232
ZNF639	100	9567	8705	5390	759.3757180632807	0.5912896902266773	0.5827892331209021
TP63	100	7258	14566	4005	963.9831129752895	0.4133801402322746	0.48315995041161247
XRCC4	100	891	942	766	7.653159478435306	0.8364358374974086	0.858492729847548
FOXC1	100	10674	14491	7756	1410.385100756816	0.6309271038434212	0.6850041769073978
ETV1	100	7760	7867	5581	556.6510440412145	0.7143100616695868	0.6975018129314035
GTF2I	100	4288	2959	1853	115.69428284854564	0.5291806350345266	0.6110161516124132
ZZZ3	100	5164	1269	1075	59.75304094100483	0.5276478395926457	0.8395695779537327
NFKB1	100	3272	9734	2953	290.4134950305462	0.6029378723432046	0.893009979932389
MTOR	100	9052	9422	6624	777.6779793927236	0.7174037165205904	0.7065620610422167
CHD6	100	18428	7849	6516	1318.8781982310568	0.5918809038951871	0.7958690449481503
BANP	100	6233	6021	4222	342.19834959423724	0.6892874244918442	0.6832078120088139
ZBTB48	100	13767	12145	9484	1524.5756815902253	0.7348956100325589	0.7494450390849885
ZHX2	100	14215	11323	8516	1467.6433391082337	0.6755914868770865	0.7151802723549523
IRF1	100	11722	16387	8903	1751.5128476338105	0.651404272097327	0.7172655701852043
ZNF311	100	177	134	3	0.21626698276648126	0.01966860612193271	0.0208077092367794
RFX1	100	3212	5471	2966	160.23390170511536	0.7327717208339318	0.9193909388607968
WT1	100	4027	2951	2062	108.35850278107048	0.6053949463621403	0.6872627093955589
E2F5	100	6769	7895	5374	487.29146530500594	0.7372987030338266	0.7779266592368673
ASXL1	100	13381	15236	9469	1858.9670465943284	0.6645668741011189	0.6604765829242231
IRF3	100	2108	14812	1820	284.705899516732	0.4931254775219436	0.8420441332401257
ZNF592	100	3695	4436	2545	149.45764566426553	0.6312418324179947	0.6756490587134856
ASCL2	100	3481	5719	2056	181.5249293334549	0.4750691423614587	0.5681131181536316
ESRRG	100	3517	1070	782	34.31375946019878	0.4765948570228981	0.7219235046997496
ELK4	100	3273	1605	1080	47.899744688611285	0.501434849276579	0.6628348122035272
XRCC5	100	5485	14198	5315	710.0941916659068	0.6716774404139503	0.9643972034582792
CREM	100	7197	16071	6243	1054.6456369107323	0.6279542305093677	0.8446849622137088
FLI1	100	25235	26315	20247	6055.065423543358	0.785873552430072	0.7399365477438715
SNAPC4	100	2648	1827	1197	44.11321236436582	0.5536058443587873	0.6466404909335431
ZBTB40	100	8630	9478	6282	745.8296708306739	0.6953619493774325	0.702188067739604
ELL2	100	4349	3761	2621	149.14369472052522	0.6497782025335478	0.6843728255928525
ZEB2	100	7445	8574	5900	582.0500592687152	0.7403025342677026	0.7748781481225009
PHF20	100	9794	11491	8437	1026.1954408680588	0.7978362846565097	0.8452292143548477
HMGA1	100	345	397	296	1.2488830126743868	0.8017814770196765	0.8574550086427598
NFYA	100	8831	12285	8409	989.2298258411598	0.8183535384078924	0.946185620003169
CARM1	100	2122	966	724	18.691091456186744	0.5453349802815033	0.744539507844386
ZNF574	100	1397	15544	1079	198.00280842527582	0.4208926073480744	0.7347783612550843
SMAD2	100	11588	14295	6779	1510.4446065469135	0.5296117408910304	0.5228009361155006
HOXA13	100	2101	90	37	1.7241725175526579	0.21436088635041514	0.39960913976662005
KLF16	100	6802	12291	4767	762.317698550196	0.5443340258651259	0.6630617475506111
MBD5	100	5851	2300	1910	122.7072125467311	0.5784373537039376	0.8208784770484753
TBX3	100	3072	194	179	5.434193489559588	0.49047432076890035	0.9204521738188547
MBD2	100	5176	8849	4131	417.63858849275096	0.6324695282502952	0.7803865848708227
ESRRA	100	10364	5173	4411	488.8572262241269	0.6391522838912941	0.8373234897394568
ZFP36	100	2275	771	683	15.993662806601623	0.5930411482162454	0.8834446869318683
SPDEF	100	2886	2074	1547	54.57795203793198	0.6409688376901492	0.7390342447078705
ZNF263	100	12138	9558	6368	1057.855420807878	0.5954407759189493	0.6247122657408744
HAND1	100	7483	12200	5755	832.4300173247013	0.6203989425210805	0.7401726461789845
HMGB1	100	8683	8396	6803	664.74394091365	0.7968758821717805	0.7939532738502708
ZNF558	100	2352	9364	2007	200.82181088720708	0.5338239044015727	0.8396227696310514
NCOR2	100	3319	693	573	20.97261785356068	0.49974109449855153	0.8214358474252599
MTF2	100	9463	3068	2177	264.72585027810703	0.469818342102591	0.6821573801162494
ZBTB10	100	4048	5204	2450	192.08345035105316	0.5380144264217552	0.5855719439401544
POU2F3	100	8548	3579	2869	278.9577094921127	0.5686273154258783	0.7848512420455288
ZNF316	100	5178	0	0	0.0	0.0	0.0
ZNF548	100	5171	0	0	0.0	0.0	0.0
RFX3	100	1805	1264	1198	20.803501413330903	0.8057483607419615	0.9469110473887015
ELK1	100	6204	4343	3738	245.68224674022065	0.7316049393162968	0.8523424258422064
SKI	100	5886	15467	3978	830.115455457281	0.46651685575425555	0.6226179646330177
INO80	100	4435	323	274	13.061958603081973	0.4550392494267036	0.8419038857600291
ATF6	100	3130	1361	949	38.84316586122002	0.50023814945316	0.6883879511401789
ZNF547	100	8581	6058	4487	474.00107595513816	0.6317864592857554	0.7186604042426963
ZBTB49	100	1931	39	12	0.6866873347314671	0.1569533521889814	0.29528411610109045
HIC1	100	3585	6290	3064	205.61365915929608	0.6708973310007029	0.8458299976822453
XRCC6	100	3661	10000	2853	333.81964074040303	0.5322976372575798	0.7571517282640471
JARID2	100	10770	4946	2674	485.71551016686425	0.39446058283688534	0.49061545173209387
IRF5	100	3868	2996	2051	105.66725631439773	0.6074138147657753	0.673048024638511
MCM3	100	5943	323	186	17.50331904805325	0.30357435888619905	0.5515499560482967
MTA1	100	5637	13771	4070	707.8246284307468	0.5087819365001103	0.6820969265897452
CBX4	100	1134	15	1	0.1551016686422905	0.03377425044091711	0.056915063511953023
ONECUT2	100	5101	6001	2191	279.12009665359716	0.39731471925821943	0.3965009377399779
MAU2	100	5754	8372	3636	439.249457463299	0.5331065316784136	0.6014864699577996
ZNF24	100	4458	5654	3156	229.83069207622867	0.6330648367191773	0.6920653112069103
LEF1	100	7424	3940	2464	266.7143247925595	0.4786386311920182	0.598179904720684
ZNF768	100	4580	18763	2903	783.5738123461293	0.39428109465646755	0.5582687724961779
MAF1	100	1931	34	16	0.5986504969453816	0.2394370487708289	0.46109961819495154
ZNF280D	100	2557	5913	1392	137.86396462113615	0.3899007251609027	0.51842311347425
HES2	100	337	247	214	0.7589951673201423	0.7507057989644277	0.8659849523338998
SP2	100	9172	14250	6776	1191.7662077140512	0.6071394710063427	0.6997581697022359
TOP2B	100	8802	5480	3556	439.81909364457005	0.5264521003023533	0.6182676701993123
STAT4	100	670	5	2	0.030546184006565148	0.20149253731343283	0.39631192660550457
BATF	100	10755	11503	9036	1128.0638734384972	0.8128507862420464	0.8214385161175902
SIX2	100	3908	1527	1050	54.413385611379596	0.4781512106544834	0.6760801739339197
MRE11	100	474	303	189	1.309583295340567	0.5112482767264068	0.622129197058319
CHD4	100	2405	4222	1502	92.58603081973192	0.49014389530732494	0.609498985893038
ZNF512	100	320	965	255	2.815719886933528	0.5305618523316062	0.7950718113242262
ZNF800	100	4005	5661	2798	206.73205981581106	0.5964428407257224	0.6822235769018788
SMARCA5	100	6566	550	476	32.92878635907723	0.4689746074820702	0.8568862507759156
ETV5	100	8198	12641	6470	944.9340567156014	0.650521739081767	0.7617559231486166
DLX5	100	3260	5356	620	159.20999361721528	0.1529710387295711	0.1486040671681336
BATF3	100	4768	1348	1311	58.6054891948573	0.623754991237329	0.9713043605429219
BAP1	100	4120	13501	3882	507.1954043950032	0.6148836332152311	0.9341232016009035
ASH1L	100	1427	3881	1201	50.49865049694538	0.5755410570282297	0.8358156349925914
CPSF4	100	5176	8886	4277	419.3848454454272	0.6538163422238966	0.8110000555459724
SIRT6	100	1864	266	66	4.521054071304824	0.14176401303688405	0.23512006180971975
SMARCE1	100	2602	8361	718	198.37076684599253	0.18090823937241654	0.21618526933630172
KDM6B	100	451	9811	420	40.34613841524574	0.4870364749644105	0.9245106331634922
OTX2	100	8072	10187	6135	749.7899516732015	0.6811364172336086	0.7354623826391562
ZBTB7B	100	7251	5324	4021	352.00441323971916	0.6549017022031003	0.7379321889444744
AGO1	100	8134	2678	2374	198.6217926506793	0.5891718862158178	0.877388613363266
TFEB	100	9270	14499	5952	1225.5469134676757	0.526291133569975	0.5875418795648331
PRDM15	100	3876	112	102	3.9583477705844805	0.46851503759398494	0.9074431037136862
KLF13	100	4342	1042	763	41.25434485274004	0.4539855767573078	0.7212078827772227
EOMES	100	4503	740	223	30.38406127473329	0.17543694593994394	0.2714368832685415
HNRNPK	100	7667	6383	5083	446.2338014042126	0.7296525936931282	0.781025569053488
MLXIP	100	2603	10836	1849	257.1907358438953	0.4404845751849209	0.6785757429126497
ZNF561	100	1291	4927	1028	57.9990608188201	0.5024640935033362	0.7866992703390355
EHMT2	100	3021	16312	2271	449.33484088629524	0.44548024665984504	0.7083601660418034
TBL1XR1	100	4292	4411	2117	172.6270812437312	0.4865898827868903	0.47200701589874966
NFIB	100	5524	7028	3909	353.99536792194766	0.6319215740740359	0.6876211696253626
ZNF707	100	1587	1818	715	26.307704932980762	0.42191246534861426	0.44127359201029787
RAD51	100	3092	3357	2367	94.64615665177351	0.7353088832548929	0.7581199825276115
XRN2	100	4770	1029	746	44.75544816266983	0.4406849172732885	0.7124698333643685
ZNF207	100	1218	3908	867	43.40242545819276	0.4668376350646142	0.7011742509881141
PROX1	100	3240	7115	1361	210.199689979028	0.3056738719276784	0.3798271147490266
ZNF444	100	2836	3867	2096	99.99828576639008	0.6405456754433285	0.7295323332034959
BRCA2	100	1715	122	32	1.9078143521473512	0.1404769870477465	0.2505757180245868
PPARA	100	2512	2821	2172	64.61522750068387	0.8172947096051677	0.861076196999957
ZNF449	100	3002	0	0	0.0	0.0	0.0
SSRP1	100	3544	4730	1997	152.8505516549649	0.492843158075585	0.5438124967465016
HSF2	100	940	227	189	1.9456551472599617	0.5168314743649827	0.8311518934466048
HNF4G	100	5057	3387	1895	156.17816175800127	0.46711013781538235	0.5381979958350632
ZSCAN5A	100	1178	433	323	4.650989331631258	0.5100759889741489	0.7432000605572476
NKX3-1	100	3553	2372	1403	76.84613841524573	0.4931807740080468	0.5778060825382196
TP73	100	2213	1054	634	21.26836874259141	0.4440034778105228	0.5933115755458885
ELF4	100	5849	5726	3883	305.3831859214006	0.6710044950678942	0.6600017925610787
GATAD2A	100	8234	9743	6703	731.5023433938178	0.7510223766090942	0.7959346246976956
MYRF	100	1612	0	0	0.0	0.0	0.0
CBX1	100	3420	9270	2705	289.07996717425004	0.5413685913813661	0.7716326215605415
ZNF324	100	2536	75	24	1.734293790462296	0.16473186119873817	0.3039035226912092
PTF1A	100	672	1	1	0.006127473329078144	0.5007440476190477	1.0
MECP2	100	4806	5322	3346	233.22268624053982	0.6624620389488712	0.6807191997723422
HIC2	100	3757	2314	1352	79.27143247925595	0.47206562730842505	0.5695226641921602
RELB	100	2064	8967	1613	168.75980669280568	0.4806870184215508	0.7620354393112543
DNMT1	100	3267	2134	1419	63.57051153460381	0.5496459439758409	0.6546610237231703
HBP1	100	3035	4272	2151	118.22303273456734	0.6061213510912019	0.6969257471788195
NR5A2	100	2796	217	56	5.532342481991429	0.13904656421616132	0.23865426094158512
MAFF	100	1794	3251	1174	53.1803957326525	0.507761611468832	0.643845922644617
GFI1B	100	3395	5244	2586	162.3359168414334	0.6274217030698666	0.7497420148865132
NKX2-5	100	1578	192	159	2.7626151180815173	0.46444272813688214	0.8256158526995522
NFATC2	100	813	602	430	4.462715418984225	0.6215955016693024	0.7121518532176552
IRF8	100	1373	1335	232	16.713367374851828	0.17137791162358051	0.16330790838441614
RBL2	100	3516	3352	2791	107.46450259870521	0.8132185019861472	0.8270938935791172
NCOA2	100	829	842	531	6.364712318774505	0.63558604505901	0.6377495538272165
ZNF644	100	3730	2433	1632	82.74906537795204	0.5541551654033183	0.6591853285960668
ZKSCAN1	100	1689	1750	891	26.951308470867147	0.5183369703121035	0.5198696620218648
HDAC4	100	529	986	485	4.756031731558311	0.7043553031668309	0.9160696113579897
PDX1	100	1620	3194	1141	47.180450442235795	0.5307766491183314	0.6954513948312238
ZNF34	100	1161	483	349	5.113185009574177	0.5115851081472922	0.7195988761424928
ZNF121	100	1434	7064	1140	92.3659706391903	0.4781803664760208	0.7808642345334149
NFRKB	100	2870	3377	1827	88.37412236710131	0.5887990495244011	0.6250394388451801
ZHX3	100	1029	2539	242	23.822658885748154	0.16524645079997902	0.21705358068696565
NCOR1	100	6442	10910	4547	640.8518282119085	0.5613051494389335	0.6733405277914315
ZBTB3	100	200	1276	83	2.3269809428284853	0.2400235109717868	0.40811345646437996
MYNN	100	1465	4021	1161	53.71354974012948	0.5406128066558418	0.7845936946790482
ZNF175	100	2396	0	0	0.0	0.0	0.0
AEBP2	100	250	215	116	0.49010668368742594	0.5017674418604652	0.5384828248736466
DMC1	100	4668	198	95	8.427683049147442	0.2500746539949625	0.45667172477138
ARHGAP35	100	1535	4770	1081	66.76347223488648	0.46542963281639455	0.6907855162198837
FUS	100	2499	6861	2242	156.33846083705663	0.6119666931048764	0.8902957189061853
PBX2	100	1431	2953	1366	38.531439773867056	0.7085788227064448	0.9533203105214496
ZNF510	100	2102	92	25	1.7633263426643566	0.14181628262937987	0.25750809194911695
LMNB1	100	380	5759	81	19.954591045864866	0.11361141828351047	0.16954919417375902
ZNF76	100	3168	7653	2567	221.06960882647942	0.5728572103829356	0.7960589765540166
E2F7	100	728	4264	597	28.304841798121636	0.4800321629589922	0.8127756088284901
TAF15	100	1805	6498	1587	106.94711406948117	0.5617266851338873	0.8716176617311081
ZSCAN30	100	2090	4429	1338	84.40421263791374	0.47114559217683366	0.6250490728298307
PARP1	100	635	5	5	0.02895048782711772	0.5039370078740157	1.0
DUX4	100	955	59	47	0.5137685784626607	0.42291241458869466	0.7948235044670523
TBX5	100	651	259	187	1.537421354974013	0.5046290530161498	0.7203477088634722
TSHZ1	100	889	0	0	0.0	0.0	0.0
ZNF10	100	1874	879	644	15.020023707486095	0.5381503430574426	0.7280029555679921
HDAC6	100	1007	1237	306	11.358247469681773	0.2756227828001082	0.2959314952205624
SOX17	100	4060	3487	2044	129.08926780341022	0.5448127527862108	0.57026850470916
CCNT1	100	983	1423	635	12.754709583295341	0.5461110130117837	0.6413278132475762
RARB	100	147	109	64	0.14610194219020697	0.5112650564813082	0.586601850710927
PPP1R10	100	963	1392	258	12.222996261511808	0.22662880008593833	0.2585012077196698
PRKDC	100	778	900	679	6.384608370566244	0.8135975435589832	0.8716977381815312
ESR2	100	1518	4189	1212	57.98214643931795	0.5438740839220356	0.7904135218252782
MYOG	100	787	0	0	0.0	0.0	0.0
ZNF524	100	877	1778	473	14.218163581654053	0.40268395042409894	0.5317472123925099
BCLAF1	100	2216	9415	1862	190.24017507066654	0.5190111121549259	0.8252507549791354
HNF1A	100	1732	8487	1433	134.033774049421	0.4981068383080658	0.812887159225074
STAT6	100	2169	29	23	0.5735479164767029	0.40185370661833675	0.7889289883109347
HOXB7	100	15	15	11	0.0020516093735752712	0.7333333333333333	0.7332968552885565
TBXT	100	775	15	9	0.10599981763472235	0.3058064516129032	0.5971532209926994
KHSRP	100	776	687	554	4.8610558949576	0.760161091853119	0.8050250595580725
MEN1	100	1890	19860	1519	342.25768213732107	0.4400945507440976	0.760296015868892
FOXN3	100	161	238	96	0.34939363545180996	0.4998173182316405	0.5953952401990811
BACH2	100	1155	689	427	7.256268806419258	0.49471786075559665	0.6156913690408321
ZKSCAN8	100	1803	4756	1317	78.18973283486824	0.5036813119149609	0.718229877655598
PRDM1	100	3347	4299	2500	131.20044679493026	0.6642340722646362	0.7366129368493052
MAFG	100	1420	1514	1046	19.60317315583113	0.7137523954825385	0.7329328424409395
ZBTB44	100	2321	0	0	0.0	0.0	0.0
ASXL3	100	594	3500	510	18.956870611835505	0.5021500721500721	0.8539240002930311
PRDM2	100	524	151	114	0.7214735114434212	0.4862620696628077	0.7537905057725099
CAMTA2	100	704	5014	562	32.18615847542628	0.4551908066504696	0.7886319226800184
ZSCAN18	100	439	30	24	0.12008753533327254	0.4273348519362187	0.7991961988812699
PHC1	100	278	236	204	0.598231056806784	0.7991098646506524	0.8640621939942933
NR2C1	100	5985	4764	4281	259.98486368195495	0.8069514150615834	0.8927623497298359
ZNF184	100	1402	868	324	11.096343576183095	0.3021851601070229	0.36515616904901804
MLLT3	100	492	760	87	3.409501230965624	0.14565147625160463	0.17108498626075236
ZNF507	100	812	0	0	0.0	0.0	0.0
ZC3H8	100	474	2363	359	10.213020880824292	0.45465474232676406	0.7520413354027143
ZNF624	100	211	188	82	0.3617032916932616	0.41239790259150955	0.4350833392781092
GLI2	100	70	6044	19	3.8577550834321146	0.13728609246478207	0.22893454759009735
KDM3B	100	616	8	8	0.04493480441323972	0.5064935064935064	1.0
PHOX2B	100	984	1474	613	13.225275827482447	0.5194213246406548	0.6178310057297401
ZBED1	100	1134	2803	697	28.983331813622687	0.4316502978353377	0.6045308522655755
ERCC6	100	184	181	37	0.3036746603446704	0.2027534230122508	0.203082853348994
CREB5	100	515	561	347	2.6344032096288865	0.6461623660938338	0.6721091325170776
ZNF512B	100	127	2467	108	2.8568341387799765	0.4470857843215484	0.8469508984389833
ZNF354C	100	131	72	49	0.08600346494027537	0.5273006785411366	0.6801735252081704
MSX2	100	608	1103	362	6.114926597975745	0.46179528319893115	0.5912840991228798
SIX1	100	508	2885	234	13.363545180997537	0.2708695533508918	0.4460578120950221
QKI	100	274	17	3	0.042472873164949396	0.0937097466723916	0.17440792544302083
PCBP2	100	75	347	35	0.2373028175435397	0.28376560999039385	0.464973823745537
CDC45	100	1809	7125	1289	117.52644296525942	0.44673032498327075	0.6925757438906744
KAT2B	100	1110	1094	573	11.072672563143977	0.5199911062799545	0.5188966177138246
ZNF239	100	753	0	0	0.0	0.0	0.0
KDM5C	100	1279	5965	959	69.56537795203793	0.45528784996136573	0.7354135608767864
NR1H2	100	1977	4705	1436	84.81613020880825	0.515780143273576	0.7140869824349042
CBX2	100	638	3	1	0.01745235707121364	0.1674503657262278	0.3294323379069142
LCORL	100	240	11790	217	25.80103948208261	0.46128604749787955	0.8926231950687917
ZNF354B	100	51	391	31	0.18182730008206438	0.3435635123614663	0.6064400009402089
ZNF778	100	410	204	137	0.7626515911370475	0.5028574844571975	0.6703361831644611
BRF1	100	87	591	66	0.468833774049421	0.43514790827936284	0.7573128744715552
ZNF549	100	277	0	0	0.0	0.0	0.0
ORC1	100	419	8	3	0.030564420534330262	0.1910799522673031	0.3726029967689083
TEAD2	100	724	291	216	1.9210723078325886	0.5203052913367887	0.7405552850262904
MTF1	100	16	695	12	0.10139509437403119	0.3836330935251799	0.7484055976141317
BRF2	100	16	8	7	0.0011671377769672654	0.65625	0.8749817608112791
ZNF407	100	1168	14322	1004	152.53119358074224	0.4648454910827867	0.8384982394700078
ZNF785	100	340	840	261	2.604176164858211	0.5391806722689076	0.7658536519450195
MBD1	100	1055	2973	833	28.59957144159752	0.5348809108198112	0.7837101448683115
CIITA	100	324	0	0	0.0	0.0	0.0
THRB	100	565	2313	103	11.91615756359989	0.11341589859547231	0.16468360752533456
HDGF	100	379	4569	253	15.789650770493298	0.36145967056872313	0.6530935853912504
MAF	100	1055	2163	633	20.80755904075864	0.4463245492371706	0.5919521519528961
ZNF530	100	49	646	27	0.28862952493845173	0.2964080368989701	0.5483600690055888
ZFP41	100	345	3226	282	10.148354153369198	0.4524030297312596	0.8118569797060059
ZBTB5	100	388	887	337	3.1381052247652046	0.624244528643987	0.8674849324072866
GLI4	100	400	4110	292	14.990425822923315	0.40052311435523114	0.7194874952633573
TCF7L1	100	333	66	61	0.2004012036108325	0.5537128037128037	0.92401169472975
PTBP1	100	160	2340	153	3.4138779976292515	0.5108173076923077	0.9552961660300009
NFKBIZ	100	84	2947	58	2.2572079875991613	0.3550786110168533	0.6819291418862271
ZNF101	100	343	1542	124	4.822704477067567	0.22096554019050643	0.3524106943331174
CASZ1	100	656	5502	506	32.91065925047871	0.4316540105150234	0.7592640570298261
ZNF302	100	120	77	38	0.08425275827482448	0.40508658008658005	0.49295168546651896
ZBTB16	100	107	1723	94	1.681052247652047	0.46653033993089643	0.8765654207771917
DEK	100	483	1229	211	5.412665268532871	0.304268649123073	0.43047065904095355
ZNF133	100	181	132	87	0.21785356068204614	0.5698769462581617	0.6585273406460923
ZNF140	100	86	90	22	0.07057536245098933	0.2501291989664083	0.25520274027258416
CREB3	100	683	1655	481	10.306966353606274	0.49744020736664707	0.6997144464169034
ZNF532	100	133	183	91	0.221929424637549	0.5907391429393155	0.6836827059016379
HNRNPA2B1	100	25	10	6	0.0022795659706391904	0.42	0.599908796570751
ZNF8	100	331	140	112	0.42254034831768034	0.5691842900302115	0.7993945435754855
RPA2	100	161	54	13	0.07927418619494848	0.1607430411778238	0.23962447869158732
HES1	100	139	782	93	0.9911370475061548	0.3939952897017424	0.6666880733896462
FOXF1	100	604	740	433	4.07549922494757	0.6510112761768392	0.7149641333549767
SMC1B	100	345	3	3	0.009437403118446248	0.5043478260869565	1.0
ZBTB1	100	231	575	145	1.2111334002006018	0.43993977037455295	0.6257433997018763
ZBTB4	100	107	7041	93	6.86958147168779	0.44118361479558316	0.8601823481238975
EGR2	100	57	7595	45	3.9474332087170603	0.3976993174179689	0.7738092475862691
ZMYND11	100	81	0	0	0.0	0.0	0.0
ZNF23	100	102	76	46	0.07068478161758002	0.5281217750257998	0.6048956860243483
HOMEZ	100	53	5429	22	2.6236618947752346	0.2095733256411237	0.38463173057064964
ZNF416	100	291	110	10	0.29187562688064195	0.0626366760387379	0.08849047806251656
SMYD3	100	177	31	18	0.050031913923588946	0.34117003827228	0.5799672567078231
NFXL1	100	112	523	73	0.5341114251846448	0.395682532095056	0.6501171748716345
FOXP3	100	54	544	47	0.26785811981398744	0.4783837145969499	0.869724158482108
LIG4	100	60	70	46	0.0382967083067384	0.7119047619047619	0.7665176399026764
PRMT5	100	230	271	122	0.568341387799763	0.4903096422268571	0.529271589399315
NFE2L1	100	235	3894	113	8.344032096288867	0.254935033712531	0.46173929974864586
ZNF593	100	82	9	6	0.00672927874532689	0.36991869918699183	0.6664172476305191
RBAK	100	252	722	182	1.6590134038479074	0.48714989227454597	0.7203813847992723
POLR3C	100	327	230	202	0.685784626607094	0.7479989363116607	0.8778967978308386
SIRT1	100	492	422	171	1.893170420351965	0.3763871228759681	0.4025329218019463
ZNF114	100	222	112	59	0.2267165131758913	0.39627574002574006	0.525825865120553
ZNF577	100	173	1488	65	2.347259961703292	0.20970266952576294	0.3671358574391282
ARID3B	100	90	1	1	0.0008206437494301085	0.5055555555555555	1.0
NSD2	100	31	15	14	0.004239992705388894	0.6924731182795699	0.9333144835931253
EN1	100	85	2422	63	1.8771769855019604	0.3835940156409385	0.735331414379865
ARID1B	100	191	16046	153	27.945527491565606	0.4052911035223993	0.7669490482817982
TET3	100	200	475	5	0.8662350688428924	0.017763157894736842	0.02075873437428454
YBX1	100	72	121	56	0.0794383149448345	0.6202938475665749	0.7775323269850832
MKI67	100	10	4	4	0.00036473055530227043	0.7	1.0
ZNF398	100	144	7455	99	9.788638643202335	0.35038983903420523	0.6647079684977744
FOXO3	100	20	22	15	0.004012036108324975	0.7159090909090908	0.7499498394863563
HMGA2	100	97	296	63	0.26180359259596975	0.43116118696015604	0.6485359324168902
OVOL2	100	78	188	4	0.13371022157381235	0.03627932351336607	0.04965293440111218
NFATC3	100	393	6799	336	24.364064922038843	0.4521904321358439	0.8453758991565884
ZHX1	100	26	347	22	0.0822649767484271	0.4547772112613611	0.8456655260804433
PHF19	100	52	88	29	0.04172517552657974	0.44361888111888115	0.5573371117940481
TAF2	100	176	1212	129	1.9450351053159478	0.4196950945094509	0.729970357188958
HMGB2	100	7	6212	2	0.3964985866690982	0.14301812160794775	0.24282593626675283
SALL2	100	109	272	87	0.27033828759004286	0.5590090393955747	0.7976633086729359
POU3F2	100	55	596	43	0.29889669007021064	0.4269829164124466	0.7806259970295396
BPTF	100	3	6230	1	0.17042035196498587	0.1667469234884965	0.2931812322763599
SMC2	100	8	11	6	0.0008024072216649949	0.6477272727272727	0.749974922259003
KAT6A	100	13	41	12	0.004860034649402754	0.6078799249530957	0.9230481547204312
MCM5	100	22	20	7	0.004012036108324975	0.3340909090909091	0.3498695826645265
GLI1	100	41	33	29	0.012337011033099298	0.7930524759793052	0.8787425468321945
SNAI1	100	77	2757	19	1.9357071213640922	0.12682239776907894	0.22732902987876658
HOXA9	100	7	106	7	0.006765751800857117	0.5330188679245284	1.0
FOXB1	100	37	16	11	0.005398012218473603	0.4923986486486487	0.6873945344923518
RBBP8	100	5	5	1	0.00022795659706391903	0.2	0.19996352528153924
ZSCAN5B	100	34	28	23	0.008680587216194037	0.7489495798319328	0.8213731933723543
SOX1	100	56	84	27	0.042892313303547	0.4017857142857143	0.48174590862753586
MAPK1	100	16	303	2	0.044205343302635175	0.0658003300330033	0.12257582268874523
TFCP2	100	12	1242	11	0.13589860490562597	0.46276167471819646	0.9157121161815521
ZNF410	100	7	18	7	0.0011489012492021519	0.6944444444444444	1.0
C17orf49	100	9	1819	8	0.14927509802133673	0.44664345488974405	0.8870149043072798
TOP2A	100	29	75	8	0.019832223944560957	0.19126436781609196	0.275366514014766
NKRF	100	4	10082	4	0.36772134585574906	0.5001983733386233	1.0
NR4A2	100	5	1	1	4.5591319412783804e-05	0.6	1.0
SIRT3	100	1	2	0	1.8236527765113522e-05	0.0	-1.82368603421235e-05
ZFP30	100	33	192	27	0.05777331995987964	0.4794034090909091	0.8178629496337164
RAG1	100	16	10344	4	1.5091091456186743	0.12519334880123742	0.17189356261200495
ATR	100	8	1138	5	0.08301267438679676	0.3146968365553603	0.6210679799506136
TERF1	100	5	2098	4	0.09565058812802042	0.40095328884652054	0.7960993567099245
HMGN2	100	3	28	3	0.000765934166134768	0.5535714285714286	1.0
TFAM	100	8	14	5	0.0010212455548463573	0.4910714285714286	0.6249521230028453
DPF1	100	2	4	0	7.294611106045409e-05	0.0	-3.647438586252804e-05
SUV39H1	100	5	2	2	9.118263882556761e-05	0.7	1.0
PAX6	100	5	1779	3	0.08110695723534239	0.3008431703204047	0.5934044544957411
WRN	100	3	3	3	8.206437494301085e-05	1.0	1.0
DDX11	100	3	2	2	5.470958329534057e-05	0.8333333333333333	1.0
WDHD1	100	7	8	6	0.0005106227774231786	0.8035714285714286	0.8571324355096309
DEAF1	100	2	2924	0	0.05332360718519194	0.0	-0.02739212710546531
FOXO4	100	3	59	2	0.0016139327072125468	0.3502824858757062	0.6664872442850931
WDR77	50	8192	8468	6501	632.5326525029634	0.7806464237146463	0.7763069906559097
AGO2	50	12520	141	58	16.0966535971551	0.2079900527949607	0.33548617879056664
TCF4	50	13121	10971	8146	1312.578562961612	0.681669894408349	0.7075091392091661
ATF3	50	12385	26478	10067	2990.152548554755	0.5965202714127766	0.7532690113405286
YY1	50	32029	34215	26990	9992.452220297255	0.8157545664983473	0.7713344190580848
FOXA3	50	13224	0	0	0.0	0.0	0.0
NOTCH1	50	7896	16929	7050	1218.8509528585757	0.6546511480722007	0.8732992188691394
ZBTB17	50	10935	14955	8680	1491.1363636363637	0.6870946630472121	0.7612206098235987
SOX6	50	4370	16548	4010	659.3850642837604	0.5799727469191629	0.9029810405453695
RUNX2	50	21445	10667	9560	2085.837649311571	0.6710067764334334	0.8709964973554906
ZIC5	50	1295	2082	1143	24.584571897510713	0.7158084185461706	0.8803540978504729
FOXJ3	50	4128	5496	2389	206.87050241633992	0.5067051936291933	0.5565053383032532
ZNF777	50	8854	9980	6523	805.7164219932525	0.6951681881947767	0.7103730283100562
NR2F2	50	11736	20118	8886	2152.866308014954	0.5994257347905029	0.7026025002256175
MLX	50	2921	1219	1021	32.467393088355976	0.5935548048290518	0.8331272155129705
STAT2	50	11484	13468	9801	1410.290070210632	0.7905866267935233	0.8329314610277656
KLF11	50	13512	12303	10215	1515.803191392359	0.7931399838361999	0.8064372017080581
TAF1	50	34550	26912	23009	8478.24929333455	0.7604670665908375	0.7882688085507896
HAND2	50	5257	12811	3995	614.0916111972281	0.5358902575446571	0.728187615537807
POU2F1	50	16116	16786	9373	2466.701705115346	0.5699889572492672	0.5059819300361342
ELF1	50	21589	24533	17672	4829.424063098386	0.76945044204375	0.7662828692833772
JUN	50	40710	37610	32872	13961.002097200693	0.8407451594866473	0.799653244527576
FOXP1	50	26261	11217	9308	2685.963681954956	0.5921269203994708	0.7762288274447925
NFIC	50	20505	0	0	0.0	0.0	0.0
LCOR	50	11013	6323	5495	634.9521199963527	0.6840026406760179	0.854431605101139
TCF7	50	18006	19707	14064	3235.563435761831	0.7473640110524888	0.7331155390799838
NCOA1	50	10013	9601	6145	876.5825932342482	0.6268698416254266	0.6038703974296455
BCOR	50	37100	42162	31220	14262.881371386888	0.7909933204629404	0.7425244359578348
OLIG2	50	13749	13814	9995	1731.819877815264	0.7252516478737709	0.6876139026101642
KDM2B	50	25590	32001	21077	7466.997264520835	0.7411388576551297	0.7509794560056563
ZNF792	50	7738	5532	4422	390.3220206072764	0.6854073678704244	0.7841171686658018
RBPJ	50	21126	22217	17130	4279.714981307559	0.7909401914505291	0.7627963675334897
DDIT3	50	13323	16133	10061	1959.879265067931	0.6893944182803161	0.7129309741493739
CTCF	50	60290	57225	50806	31458.87890945564	0.865261196774205	0.7508744146065648
TCF12	50	19662	21228	12322	3805.825987052065	0.603575424677042	0.5370888340398978
ZNF280B	50	12690	13156	8948	1522.2908726178537	0.692634042217761	0.6649268030428034
EP300	50	47891	56104	40900	24499.650442235798	0.791512978059048	0.7011288304363994
JMJD1C	50	8479	6601	4949	510.3481261967721	0.6667061045459827	0.7287646652231939
NPM1	50	18409	14311	10357	2402.217552657974	0.6431571412206782	0.667976132951987
E2F6	50	13927	21063	10010	2674.7916567885472	0.5969943499961331	0.6518905551226166
MED1	50	38673	48020	34248	16933.32233062825	0.7993909591687145	0.7964551237926484
KMT2A	50	43871	47249	37857	18900.89248655056	0.8320697917904021	0.7591520181977298
NFE2	50	13281	21246	13150	2572.8834321145255	0.8045381603448718	0.9877662893217954
GABPA	50	21638	17038	14577	3361.6143339108235	0.7646170522894291	0.8200547966337268
JUND	50	21266	22031	16200	4272.009172973466	0.7485534296011328	0.7018946254847187
ZEB1	50	11612	15805	9156	1673.4536336281571	0.683902502761709	0.7528813662015861
TP53	50	21943	25135	15556	5029.062688064193	0.6639128136581804	0.6223824244936258
GATA3	50	26395	25354	19711	6102.113887115893	0.7621008953080415	0.7068858621481514
STAT3	50	29404	24627	22458	6602.829470228869	0.8378497855947065	0.8796615912828061
ZNF382	50	8367	11	9	0.8392176529588766	0.4096287362691092	0.8031647631363336
EPAS1	50	7016	11686	5282	747.5971186286131	0.6024222329597091	0.7233745129635574
KDM2A	50	22055	0	0	0.0	0.0	0.0
TEAD4	50	17148	19948	13153	3119.0690617306464	0.7131962860844306	0.7152313303430636
CHD1	50	17402	6216	4531	986.3301905717151	0.49464886245859696	0.6777999259222435
RBBP5	50	19777	22690	16840	4091.730920032826	0.796835665221205	0.8127542482678183
MYOD1	50	17411	19026	14580	3020.5314671286587	0.801860707791	0.8032725624232939
CLOCK	50	2321	4153	1102	87.89197592778335	0.3700728479892289	0.4541240339206364
TFAP2C	50	18876	30408	17306	5233.7139418254765	0.7429760721448315	0.8849166486243522
PRDM10	50	6042	21550	5633	1187.2444606546912	0.5968496472104395	0.9157527095473161
EBF3	50	5861	5860	4033	313.1709674477979	0.6881665437003901	0.670622622532975
PRRX1	50	9966	11769	7194	1069.4798395185558	0.6665605961108964	0.6884174992022959
RAD21	50	46327	47199	39637	19937.887052065285	0.8476882563696304	0.7464863630240524
CHD2	50	15411	12180	10269	1711.5526579739217	0.7547228356816336	0.8174514388272079
MYC	50	50690	50944	43776	23546.561137959332	0.8614493854159335	0.7452791433266389
NR2C2	50	13816	8787	7568	1106.9681043129387	0.7045215173834537	0.8412767008579008
POLR2C	50	18699	23034	17699	3927.352657973922	0.8574535343584406	0.9323027434350568
SMARCC1	50	29116	30145	22261	8003.116804960336	0.7515132650630711	0.6753167278635569
AHR	50	20988	10415	8624	1993.1614844533601	0.6194689766714876	0.7873385963535362
KAT7	50	3148	17448	2556	500.83253396553295	0.47921826307482845	0.7763647341560778
MYCN	50	39539	38436	33303	13857.2171423361	0.8543678142781002	0.7911613431094094
RUNX1	50	41282	44820	36822	16871.152001458922	0.8567577384453435	0.8172943438807798
MAZ	50	30480	27028	22959	7511.748335916842	0.8013502256044767	0.7915070952129395
GFI1	50	10545	7215	5108	693.737348408863	0.5961848488164277	0.6769030611754445
KMT2B	50	23653	23271	18023	5018.956533236072	0.768229243779819	0.7124705510615099
ZNF350	50	10607	7231	5174	699.3637001914835	0.601660718387777	0.6850712584746484
TBP	50	25403	24647	19495	5709.015601349503	0.779198759339409	0.7279541533275776
MEF2C	50	11494	8762	6855	918.3042582292331	0.6893768736639665	0.7568748122336676
MXI1	50	6473	27698	6077	1634.8058174523571	0.5791124626534855	0.9181512801969683
NRF1	50	18281	17337	14749	2889.9215555758183	0.8287589121971817	0.8208634354720464
IRF9	50	13870	3717	2916	470.0901796297985	0.49737077776866123	0.7533038968391574
RBBP4	50	16044	133	119	19.45702562232151	0.45107697253605217	0.87669866782394
TET1	50	19668	2577	1646	462.15406218655966	0.36120822179021583	0.5597788078300541
RREB1	50	9564	7569	7000	660.0703565241178	0.8283681390098587	0.9176428145367919
ZNF281	50	1779	13386	1620	217.13954591045865	0.5158229546411405	0.8981983316219591
POU2AF2	50	4694	533	447	22.813002644296525	0.4669385531487644	0.8314343555485781
ZFY	50	17307	12615	10252	1990.7705388893955	0.7025223928761616	0.7775838700915084
PBRM1	50	21170	31574	18589	6094.844351235525	0.7334130474961625	0.8287911541257266
SIN3A	50	26205	31534	21896	7534.863408407039	0.764963686566758	0.7692036167565954
MAX	50	48968	45113	39962	20143.096416522294	0.8509520125383708	0.7937116584059076
HDAC1	50	42990	44898	35827	17599.75398924045	0.8156720651791731	0.7178837890359725
GATA1	50	38044	26495	23152	9190.989149265979	0.7411918806223697	0.8068077956702049
PHF21A	50	13309	214	191	25.96996443877086	0.4534372777047083	0.8776791168956068
BCL11B	50	19437	13197	10818	2338.9266800401206	0.6881495643627491	0.7809003559013736
KDM5A	50	21454	16606	13302	3248.519412783806	0.7105300040539472	0.7526479654282934
ATF2	50	10752	15885	8280	1557.358621318501	0.6456678723188992	0.7311477524581299
FOSL2	50	17056	22571	14967	3510.266946293426	0.7703143171499764	0.8457816943743492
RXRA	50	23775	15045	12753	3261.5562596881555	0.6920304072011096	0.8054897998826154
THAP11	50	12633	12533	10499	1443.6891492659797	0.8343928934128584	0.816580125908783
BMAL1	50	22650	21183	16999	4374.896963618127	0.7764954247642666	0.7510724445855936
RB1	50	14053	5544	4440	710.402407221665	0.5584062868984238	0.7715986945935596
ASH2L	50	7007	16723	5365	1068.460481444333	0.5432392758231424	0.7235010401346362
SMC1A	50	41882	34598	30670	13212.669244095925	0.8093814613674657	0.8163226912487405
HNF4A	50	15282	21629	12511	3013.899680860764	0.6985559623090098	0.7741296592042849
BCL11A	50	2400	4723	1412	103.3573447615574	0.4436479285764698	0.569806823126594
SMARCC2	50	16634	4714	3770	714.9874715054253	0.513194830896984	0.7639417247949037
ZNF324	50	3109	94	35	2.664776146621683	0.1917990323220848	0.35402796959567856
SNAI2	50	19288	12345	10693	2171.153095650588	0.7102833933811196	0.8376228760338673
USF1	50	13864	19481	12391	2462.702507522568	0.7649046252117818	0.8708041781234211
ZNF629	50	7451	10259	5771	696.9983495942373	0.6685286850991478	0.7512585742558903
FOXA1	50	41302	42065	33793	15841.78562961612	0.8107723894496702	0.7050692546903806
PML	50	10844	15783	8796	1560.5986322604176	0.6842241486475336	0.7793912038407678
CEBPD	50	13882	6412	5528	811.6292878635908	0.6301735067954903	0.842153306372325
HMBOX1	50	3259	233	187	6.923926324427829	0.42997733578982994	0.7965286673104038
ATF6	50	4378	2183	1600	87.14483450351054	0.549200004101631	0.7218319235041738
ATF4	50	17211	18285	13350	2869.5462295978846	0.7528866847799276	0.7307804312022865
ZFP1	50	1354	2039	741	25.173757636546	0.45534039697102946	0.5386906275197301
KDM5B	50	38151	36471	30819	12687.19906081882	0.8264219325091876	0.7623592623208952
NR5A2	50	3279	244	67	7.295304094100484	0.14751161139691732	0.25223283246410433
IKZF1	50	23380	23817	15182	5077.427373028176	0.6434011343192729	0.5520848261561377
ELF2	50	3188	2400	2082	69.76566061821829	0.7602870138017566	0.8635330384478127
PAX5	50	23390	11567	10828	2466.9657153278017	0.6995221142779398	0.9187915147479446
YAP1	50	15331	10681	8541	1493.1194583751253	0.6783753721387606	0.767084477175675
CREBBP	50	29902	17275	14605	4710.103492295067	0.6669351284625773	0.7875032238934299
ZFP37	50	7436	0	0	0.0	0.0	0.0
SRF	50	17815	15467	12228	2512.488419804869	0.7384871425807811	0.7499712760339197
CHD8	50	18429	21897	13336	3679.5825020516095	0.6663376433690323	0.6546982278650377
HOXB13	50	20233	22704	15478	4188.657171514544	0.7233589913414291	0.7036338570653156
TCF7L2	50	19984	11429	10267	2082.5853560682044	0.7060449107382853	0.875674251114631
HSF1	50	20787	9825	7974	1862.2437767849	0.5976040956308204	0.7675428020007089
SMARCA4	50	59567	57183	49717	31058.810622777422	0.8520383529652126	0.7142112280617009
MCM7	50	8727	9357	6892	744.5841068660527	0.7631469380073038	0.7701197200739227
PPARG	50	8975	10362	6176	847.988966900702	0.6420788191694637	0.6555929371080748
TEAD1	50	9148	18179	7742	1516.3808881189022	0.636090607052401	0.8157664868505946
KLF5	50	19172	18463	14766	3227.615902252211	0.7849736864970545	0.7573412014898582
RUNX1T1	50	18014	13395	11297	2200.2145527491566	0.7352488709685507	0.8125913167442422
E4F1	50	4985	9349	4411	424.95454545454544	0.6783348655443279	0.8741240617617447
E2F1	50	28263	25770	21432	6641.173611744324	0.7949853193748047	0.7732218426811925
ATRX	50	10893	8322	5892	826.5847177897328	0.6244503541064815	0.6758018190443165
EHF	50	4215	168	142	6.456825020516094	0.43946365022877476	0.8390523152506937
MAU2	50	7748	10204	4942	720.895340567156	0.5610809491535302	0.6006890268478694
MXD1	50	12154	10828	7811	1199.9955502872253	0.68201980050502	0.6866432690431501
ERF	50	15792	289	270	41.61473511443421	0.4756766599005059	0.9231967190576653
REST	50	25286	26651	19288	6144.772371660436	0.743259414649047	0.6866449677909031
ARID4B	50	20948	10794	8949	2061.7553752165586	0.6281361969600365	0.7887141188459599
ZFX	50	26481	28086	22391	6781.6665086167595	0.8213897879936505	0.7923787623683297
DOT1L	50	17544	13963	9722	2233.672581380505	0.6252091384830191	0.6384276908096448
ZBTB26	50	21274	5071	4467	983.6824473420261	0.5454329799168254	0.8522258199372789
RFX5	50	9172	7308	5729	611.1878909455639	0.7042769085417626	0.7642161711741755
KLF13	50	5604	1716	1296	87.68545636910733	0.49325406927119986	0.7420645773614082
BRD4	50	64928	64437	57377	38148.67817999453	0.8870687830294322	0.731439684574033
AR	50	40464	43888	35579	16192.979228594875	0.844976291785251	0.7987311680868711
ZNF697	50	6962	5904	4338	374.79390899972645	0.6789264544110537	0.7167766991812926
ZNF138	50	4624	35	6	1.4756998267529862	0.08636307464162135	0.13495584247445336
DNMT3B	50	1676	1852	500	28.302653414789823	0.28415387866822683	0.2862766924780118
HMG20A	50	3578	13	10	0.4241269262332452	0.3860128133465193	0.7614479740370477
MEF2B	50	9927	5962	4613	539.6623871614845	0.61921294993878	0.7512143108156967
UBTF	50	11550	19222	7508	2024.383149448345	0.5203187004789336	0.5756705247108573
STAT5B	50	3563	5628	2446	182.84457007385794	0.5605563956808715	0.6695418233994029
SREBF1	50	2474	7688	1921	173.43040029178445	0.513172635366185	0.7596247468148158
BHLHE40	50	17620	16744	12202	2690.1548281207256	0.7106235828525223	0.6768144273363554
FOS	50	21542	19450	14973	3820.478708853834	0.7324404314260013	0.7135548865123503
GRHL2	50	8308	6415	5257	485.9653505972463	0.7261245910092011	0.8046899590784735
SMC3	50	20686	23750	15711	4479.734658521018	0.7105074838309153	0.6930199589373142
ZNF48	50	3812	15216	2493	528.8902343393818	0.40891405109549456	0.5982467556229896
TWIST1	50	11088	19729	9065	1994.6672016048144	0.6385132017370727	0.7775293124258001
SMAD4	50	20169	18435	14967	3390.311981398742	0.7769795028590993	0.7694867453740375
THRA	50	13701	6317	5918	789.1785994346676	0.684388190363409	0.9278196650927988
EP400	50	9169	13223	7122	1105.5136956323515	0.6576773548193866	0.7461395824668013
HMGXB4	50	6953	16264	6110	1031.1260326433846	0.6272168556513485	0.8576464131714212
FOXO1	50	20530	13752	10714	2574.3463116622597	0.650478555906636	0.728207718300513
VDR	50	8816	7453	4639	599.1214370383879	0.5743181392868997	0.5894295508521457
E2F3	50	9765	1230	1021	109.51901158019513	0.467319196233437	0.8134729619154457
HDAC2	50	31532	30828	22538	8863.57705844807	0.7229272863915548	0.6225714637684783
ZBTB21	50	4108	5909	3631	221.33830582657063	0.7491857394765102	0.877272570258667
HMG20B	50	2961	5932	2032	160.1591319412784	0.5144017655459385	0.6683138943756218
ZNF740	50	3516	3715	1957	119.10221573812346	0.5416908590913754	0.541051836407035
ETV6	50	24038	25926	20863	5682.585830217927	0.8363154395599187	0.8270265126881801
ETS1	50	25281	35061	21887	8082.220671104222	0.7450019257660436	0.802660413562158
ZSCAN29	50	6123	3434	2558	191.7240995714416	0.5813364848027588	0.7298194148486217
MCM2	50	6395	12163	4009	709.2403118446248	0.478251097597483	0.5803551098069557
TFAP2A	50	31082	29975	24592	8495.330992978938	0.8058072459091368	0.7493909241226921
MBD3	50	8520	27784	6674	2158.472508434394	0.51177176312506	0.7098181211277468
MEF2D	50	7070	12636	5530	814.5939637093097	0.6099083555079154	0.7538129433859766
TET2	50	25036	25585	16949	5840.668004012036	0.6697218065785933	0.5786996545988227
SFPQ	50	20077	1071	951	196.06516823196864	0.4676614083397965	0.8628469279734708
MBD6	50	7346	0	0	0.0	0.0	0.0
HEY1	50	16444	14842	10647	2225.420333728458	0.6824131766797079	0.6675010097059286
ESR1	50	51810	50627	44055	23917.068204613843	0.8602531578842085	0.7539492032272714
SATB1	50	3642	134	104	4.449968086076411	0.40233757079511834	0.7684292349697546
KMT2D	50	16383	16156	10890	2413.4562596881556	0.6693832029309181	0.616810388272375
PSIP1	50	6944	6	5	0.3799033464028449	0.41702668970814133	0.8220671170557275
SSRP1	50	4992	6618	2812	301.2405945108051	0.4941015325336495	0.5352564880115291
SMAD1	50	15657	8989	6819	1283.3115072490198	0.5970589418320162	0.7183898619777587
BMI1	50	21737	14370	11468	2848.187197957509	0.6628155994917286	0.748129912379278
FOXM1	50	12191	9907	7220	1101.2695997082155	0.6605089045786383	0.6948577939757316
MTA1	50	6962	15399	5028	977.5493571623963	0.5243604856577744	0.6768291501719247
GTF2F1	50	18968	14063	10812	2432.269389988146	0.669419325093475	0.7204818760739325
CXXC5	50	15373	4651	4383	651.9542536701013	0.613744120737194	0.9329840124369781
SKIL	50	8256	1450	1132	109.1565605908635	0.45890102913659453	0.7628358459656323
MITF	50	31151	24050	20681	6831.235068842892	0.7619060299869904	0.8043413674865935
CREB1	50	26287	32226	23426	7724.30803319048	0.8090457496217364	0.8458736477922745
NR3C1	50	32493	31957	26955	9468.211917570894	0.8365202315026845	0.7775780543768762
MXD4	50	11376	0	0	0.0	0.0	0.0
ZBTB8A	50	9551	8998	6679	783.622668004012	0.7207872820607724	0.7176901052539655
NONO	50	14809	12628	11181	1705.1887662988968	0.8202136050270178	0.86752494673391
NR5A1	50	12321	6515	842	731.9350323698368	0.09878941188393388	0.019032289667543993
KDM6A	50	21388	18694	15308	3645.730573538798	0.7673004056611725	0.7749907378687688
CEBPG	50	5854	7710	4858	411.5468222850369	0.7299753580090016	0.8169942914569686
GABPB1	50	12612	19075	9967	2193.616303455822	0.6563977409852024	0.746121847971739
STAT1	50	27105	37589	22411	9290.141743412054	0.7115166386465908	0.7365120770318699
GATAD1	50	12777	5994	4644	698.3253214188019	0.5691201885144125	0.7450749749677433
MAFK	50	6304	4491	3292	258.14957600072944	0.6276148602902365	0.7167393411300454
GMEB1	50	13898	10847	9487	1374.592924227227	0.7786179571446821	0.8564250893019133
MYBL2	50	12924	11096	8057	1307.601933071943	0.6747656618014428	0.6895304033182066
PGR	50	23987	24218	17408	5296.956013495031	0.7222653151895326	0.6479944078916922
CXXC1	50	16007	11458	6795	1672.3644205343303	0.5087686071145585	0.5234852184987441
IRF4	50	23514	17586	13500	3770.5589860490563	0.6708910713180388	0.7042439690579603
TBX21	50	7155	18479	6667	1205.5917297346584	0.646291934157303	0.9179750358638212
POU2F2	50	16780	15863	12210	2427.1098750797846	0.748683828613853	0.7281162642715723
ZBTB7A	50	31489	26754	22302	7681.74255493754	0.770921150457315	0.7665719428953828
ZSCAN4	50	1751	1766	1277	28.196097383058266	0.7262003010090334	0.72486711965303
SOX10	50	9115	9945	5546	826.558539254126	0.5830573916276217	0.5694003490399475
RARA	50	6257	20333	5093	1160.0581836418346	0.5322239357497727	0.771627763875144
MAFB	50	13358	12861	9966	1566.492550378408	0.760485316999101	0.7436807215442588
KLF4	50	26029	15046	11920	3571.0069663536065	0.6250939433412565	0.7275815339639771
SP1	50	25367	30068	20100	6954.81860125832	0.7304264025366106	0.7139393814379889
ZIC2	50	15187	9179	7869	1271.0994164311114	0.6877117216688233	0.834342884542336
HAND1	50	8682	13359	6632	1057.5621227318318	0.6301618175613188	0.7311277194464448
DLX6	50	5420	4983	2985	246.26479438314945	0.5748873661223066	0.5781904807280004
TFAP4	50	19113	25327	17551	4413.923142153734	0.8056256974139527	0.8937348232745504
TCF3	50	13871	18325	6727	2317.735707121364	0.426031386652475	0.38164662221018175
ZNF221	50	6716	8467	5287	518.504349411872	0.7058243868410259	0.7694229926786006
MED12	50	19769	23929	17333	4313.416622595058	0.8005639886816682	0.8423870558285574
TOP1	50	310	2216	175	6.263882556761192	0.32174362408291607	0.5555352417868832
GATA6	50	7941	2823	2355	204.4081608461749	0.5653905309361108	0.8212779888020921
BRD7	50	18922	23919	13736	4126.883541533692	0.6500994957265555	0.6494789335008999
NR2F1	50	15484	6373	5739	899.7860125832042	0.6355792354183438	0.8841631258237667
KLF1	50	16478	21977	11742	3302.060782347041	0.6234361616166892	0.6405569332275937
NFYB	50	9039	10456	7942	861.783386523206	0.8191004520663794	0.8658467725812663
GATAD2B	50	10120	12050	6576	1111.9358074222669	0.5977642563101702	0.6065747396738017
ZNF384	50	13615	11030	5574	1369.3211452539435	0.45737522178520906	0.435236376031732
ZMYM3	50	11453	9720	6726	1015.0739491200875	0.6396225098173641	0.6560568139809344
REL	50	10245	6182	4472	577.5015045135406	0.5799480505044716	0.6948879544927818
RUNX3	50	7106	19430	6477	1258.9548645937814	0.622416871261577	0.8924242954460619
BCL6	50	23447	19532	15639	4175.862168323151	0.7338398494490006	0.7464857347158302
NR4A1	50	5709	1648	1040	85.78856569709127	0.4066182335164882	0.610808123247861
NEUROD1	50	21560	18169	13427	3571.839518555667	0.6808898270729844	0.6751422986663775
SUPT6H	50	3185	10538	1976	306.0411233701103	0.40396001254933556	0.580056523275089
TLX3	50	5179	8093	4627	382.1796936263336	0.7325721858563154	0.8849237693422574
ATF7	50	11612	9300	5949	984.6959058995168	0.5759961330325691	0.5970081235661053
IKZF2	50	20535	9733	7830	1822.4414607458739	0.5928899123019988	0.7594354443422865
JUNB	50	11777	11524	7879	1237.513887115893	0.6763597267772914	0.64565158986269
ASCL1	50	31494	33036	25821	9486.968031366829	0.8007361701815515	0.7422187595271466
FOXK2	50	8007	7134	5297	520.8529041670466	0.7020234239951733	0.7222200000424122
ZSCAN20	50	4544	1533	1117	63.517388529224036	0.48722766105767024	0.7169071639550509
ZNF660	50	7864	327	227	23.447870885383423	0.3615276598193759	0.6705672917146908
TAL1	50	13913	16242	7859	2060.4991884745145	0.5243681859315501	0.489221718161535
MNT	50	16537	18418	14070	2777.2268259323423	0.8073729841426149	0.8207092537942828
FOXL2	50	9766	8587	6361	764.6634631166226	0.6960561606480427	0.7154302950909733
POU2AF1	50	14133	7097	6608	914.5792012400839	0.699327922010172	0.9209047691968679
CTCFL	50	10658	21689	9591	2107.790298167229	0.6710465674622561	0.8752077390837227
NR1D1	50	10020	15617	6938	1426.8472690799672	0.5683373152523153	0.6413423458761192
ATF1	50	15185	18805	13164	2603.756040849822	0.7834673608496189	0.8393640560057535
ZNF362	50	2450	7979	1749	178.24883742135498	0.46653897603658584	0.6914274716583392
SOX9	50	10841	1327	1190	131.17540804230873	0.5032640398409371	0.8854347026132683
SREBF2	50	26240	6557	5969	1568.8490927327437	0.5689009889124265	0.8821206473237727
RELA	50	32466	37155	28251	10999.126743867968	0.8152635702911435	0.8036509579337092
NR2F6	50	3552	10902	2536	353.0947752347953	0.4732909161225067	0.6823913405954148
SOX13	50	13166	400	374	48.020424911096924	0.48170325079750875	0.9261320774268424
SIX4	50	3739	6606	3570	225.2196042673475	0.747609275430758	0.9519036533400768
ERG	50	31804	42491	28540	12322.27376675481	0.7845215239688199	0.8324583786404899
SOX2	50	15818	4503	3403	649.4798395185557	0.48542653333455754	0.7145467120476748
ZNF580	50	11095	5403	3656	546.6060454089542	0.5030894575034967	0.6402680638483922
MEIS1	50	10204	19285	7045	1794.3297164219932	0.5278626748070245	0.6243610161305918
TARDBP	50	11292	8668	6590	892.4870611835506	0.6719333296389781	0.7327507501625606
EZH2	50	35614	38910	28644	12635.54974012948	0.7702254088308034	0.6966723203186429
PDS5B	50	1529	2733	1209	38.10300902708124	0.6165419525471331	0.7853641117142662
ZBTB11	50	5193	13179	4799	624.0407312847634	0.6441342771347849	0.913765919801953
TAF7	50	2186	10678	1863	212.83950031913923	0.5133562058748079	0.8363032302479996
ZNF366	50	7016	7998	4285	511.66196772134583	0.573252902022541	0.5801263731302025
PCGF2	50	1847	1856	694	31.25770037384882	0.37483343212665454	0.3649979954548645
HHEX	50	15675	13647	10637	1950.549147442327	0.7290175978526223	0.7426569787755916
CBX1	50	4335	10807	3546	427.1755721710586	0.573056871059159	0.7980973775635201
ZBTB33	50	15185	10629	8758	1471.700237074861	0.7003627633508552	0.795682128090307
SMAD5	50	12896	9143	7668	1075.1174250022796	0.7166386866900304	0.8171763177898735
MYBBP1A	50	4027	4541	3711	166.74210814260965	0.8693752755773665	0.9181401841916954
USF2	50	15065	7558	6986	1038.2171058630436	0.6940212330320925	0.9122670172783848
NBN	50	6881	6900	4781	432.9251390535242	0.6938551756675071	0.674321398977717
SUZ12	50	23967	28207	19142	6164.285301358621	0.7386536967170809	0.7289739187716006
GTF3C2	50	6907	1076	832	67.76631713321784	0.44684585381028785	0.7579926120835226
KLF10	50	6179	10032	4437	565.2204613841525	0.5801810238955685	0.6896921248835658
ARID1A	50	24996	23789	17974	5421.991830035561	0.73731717205906	0.6833997161546829
ZNF501	50	7722	14744	5026	1038.1432296890673	0.4958760392157028	0.5966400698507813
ELF3	50	13568	15018	10813	1857.9759642564056	0.7584756831503454	0.7647314820541223
KLF9	50	7472	9303	4106	633.8289048965077	0.49544060123360545	0.5077631206960819
POU5F1	50	10661	17706	8562	1721.1969180268077	0.6433395238255226	0.7652073562747079
ARNT	50	13713	20684	10926	2586.301559223124	0.6624982902604477	0.7495213863452734
MTA2	50	10333	13059	7337	1230.4061913011762	0.6359449565253164	0.6708630459664259
ZNF274	50	12747	7416	5221	861.9654600164129	0.5568024540579762	0.6650917863479101
KLF6	50	8505	3417	1351	264.99120087535334	0.2771118987488122	0.344544976976665
GATA2	50	23469	12434	9136	2660.832916932616	0.5620195026861433	0.6625454193130507
EBF1	50	19079	22664	15574	3942.7961703291694	0.7517296203366585	0.768435993632082
MEIS2	50	11518	7756	4079	814.5674113248838	0.44002838215154144	0.4702822575848404
PAX8	50	5930	10881	4549	588.3498677851737	0.5925922748829782	0.7414656583980742
PRMT1	50	5706	4014	3092	208.84365824746968	0.6560948352689875	0.7576972094725135
RTF1	50	3980	32	23	1.1613020880824292	0.3622644472361809	0.7081588844734601
SMAD3	50	23374	26331	20121	5611.933929059907	0.8124922941882793	0.8168568911404895
NFATC1	50	9672	3795	1996	334.6880641925777	0.3661620520666804	0.48010467455725925
SMARCA2	50	13104	4110	2937	491.0863499589678	0.46936428838801103	0.6758695803679372
ZNF687	50	18385	17874	12730	2996.3845171879275	0.7023099842918804	0.6542456682024884
SAFB2	50	8048	10	4	0.7338378772681682	0.20024850894632207	0.35248273011749426
ZNF83	50	8497	4908	2719	380.2614753350962	0.4369943862443804	0.5165356859554943
HNRNPL	50	2112	9958	1965	191.7689067201605	0.563863254076211	0.9234467140364249
SPI1	50	33984	23276	21771	7212.652357071213	0.7879830619522254	0.9063084461934986
NR1H3	50	8103	6777	5309	500.72062551290236	0.7192872073077279	0.7661034647426022
GLYR1	50	9257	13433	6802	1133.8495577642018	0.6205801061286393	0.6977773565247068
NKX2-1	50	5968	12566	5781	683.814060362907	0.7143585754615096	0.9646113891266963
BRCA1	50	12359	12384	8302	1395.5854472508433	0.6710591662584444	0.6299510539822945
YY2	50	2381	3803	1570	82.56535971551017	0.5361093935102629	0.6471511585382224
RUVBL2	50	22874	23205	18144	4839.893954591046	0.787557728211643	0.737719186740385
ZIK1	50	6346	2986	2363	172.78340475973374	0.5818601102867063	0.7785453131998207
LDB1	50	9029	5421	3475	446.30444971277467	0.512948306170147	0.6088202825019828
E2F8	50	4879	2391	1984	106.3708306738397	0.6182095202435107	0.8218529267399477
HIVEP1	50	10735	9934	7335	972.385246649038	0.7108261287421996	0.7099853015855015
PHF6	50	4907	9472	3424	423.8087352967995	0.5296325849999174	0.6692088486886855
OGT	50	15694	2219	2078	317.54341205434486	0.5344325766563123	0.9258463217651804
PBX1	50	11257	14232	7793	1460.833628157199	0.6199246088986514	0.6463922856642571
DNMT3A	50	495	5062	343	22.84754262788365	0.3803445358364363	0.6780700859929982
FOXK1	50	12594	12837	10621	1474.14222668004	0.8353560472732781	0.822569673082164
ISL1	50	5376	6222	2093	305.00111242819366	0.36285496524429445	0.3525930348661485
KLF17	50	4139	9025	3040	340.60796024436945	0.5356595160285347	0.710667043186331
STAT5A	50	10719	20798	9359	2032.768870247105	0.6615588423076089	0.8434303693184494
ZNF264	50	4058	4179	2693	154.6310020972007	0.6540199707731551	0.6503020850108235
XBP1	50	8828	7710	6136	620.6244187106774	0.7454553575259006	0.7779776255395201
CBFB	50	16036	19649	12033	2873.0862040667457	0.6813858678145175	0.6958880030623048
ZNF547	50	10158	7625	5685	706.2528494574633	0.6526155916841769	0.7196024138780857
TFDP1	50	4839	18932	4618	835.3419166590681	0.5991275177338222	0.9448004811101196
SAMD1	50	1885	177	158	3.0422631530956505	0.4882374979394266	0.8907780686022525
ZNF589	50	3674	2682	1852	89.84834503510531	0.5973060996169142	0.679802684997132
SMARCB1	50	17051	16155	11286	2511.706984590134	0.6802519526460762	0.6431213494791508
CDT1	50	3783	10019	2202	345.5993161302088	0.40093006475642357	0.540059438686058
TBX2	50	15235	9688	7792	1345.8254764292878	0.6578739304976237	0.7727211298873122
HNF1B	50	17318	10927	8241	1725.4835962432753	0.6150250701003255	0.7080915925006251
ONECUT1	50	4293	4670	3313	182.80578097930155	0.7405716242416442	0.7615684447550276
PIAS1	50	7178	5073	4302	332.0324063098386	0.7236751068833591	0.8373749693994665
ADNP	50	700	3892	511	24.84179812163764	0.43064748201438846	0.7200656091058633
BACH1	50	6392	9216	3774	537.1448162669827	0.49996537012411346	0.5528497430177632
ZNF12	50	6242	8508	4060	484.24305644205344	0.5638152425137085	0.6210329783994571
HINFP	50	8408	3273	2856	250.92900519741042	0.6061352245384563	0.8620151542709739
ZFP3	50	4937	1661	882	74.77301905717151	0.3548282105279075	0.5088975226376653
TP53BP1	50	18185	17746	11429	2942.5641469864136	0.636258736570531	0.5732747408964504
ZNF7	50	5798	9243	4294	488.6560955594055	0.6025839939956986	0.7167258276974497
MYB	50	19076	16984	14720	2954.1969909729187	0.8191741549556539	0.8386292381622683
TFE3	50	12184	14741	8337	1637.6798030455002	0.624911736544635	0.6352282191175161
TCF21	50	9612	5281	5044	462.85193763107503	0.7399414258655252	0.9508109761401822
EGR1	50	28963	33707	24997	8901.758375125377	0.8023316861261166	0.8023053570581384
CUX1	50	4932	4498	4058	202.2808060545272	0.8624843446686408	0.8975724482596186
SALL4	50	2058	7	5	0.1313577094921127	0.358357628765792	0.7088216396471981
NFE2L2	50	8762	3456	1364	276.11445244825387	0.275174073440023	0.34211468660855726
GATA4	50	15402	9895	6871	1389.6488556578827	0.5702510006542532	0.6444591235940201
SETDB1	50	1807	2681	1093	44.17404030272636	0.5062768251527948	0.5949685242197059
TRPS1	50	8195	8917	4869	666.3154463390171	0.5700892160999655	0.55822295697292
VEZF1	50	416	15073	194	57.17487006473967	0.23960842489627404	0.3813142350424188
SAP30	50	17475	17115	13235	2727.132533965533	0.7653329722315214	0.7303283471883835
ZNF331	50	12242	14629	10766	1632.9736299808517	0.8076834680436655	0.8608731896292444
GTF2B	50	11464	9075	7266	948.6258776328987	0.7172356727203519	0.7773914943171404
CDK9	50	34489	37640	29506	11837.019786632625	0.8197096286517942	0.7800192321791172
ZNF341	50	9782	1414	1258	126.12152822102672	0.5091391196542909	0.8788705585050164
TRIM28	50	18197	33640	15042	5581.718610376584	0.6368830134744742	0.7499064901877562
ZBTB12	50	3997	1055	765	38.45021427920124	0.4582560142855957	0.7147213013336366
HDAC3	50	4782	5919	2635	258.0893407495213	0.49810061298037944	0.5254106100415973
PCBP1	50	10566	1576	1507	151.8374760645573	0.5494227846045788	0.95155047346048
FOSL1	50	14401	13753	9149	1805.935561229142	0.6502698897927608	0.6146333667491568
IRF2	50	10957	8191	6955	818.3531230053798	0.7419283560902055	0.8323532890396831
BANF1	50	5306	3537	2716	171.12539436491292	0.6398778685632398	0.756081228152262
MEF2A	50	6141	345	307	19.31836418345947	0.46992346523367534	0.8833216373876058
LEF1	50	8418	4602	2837	353.2382237621957	0.47674350889616	0.584584852492513
CDX2	50	3364	3986	1189	122.26592504787088	0.32587115248196274	0.32906279487711576
ZNF711	50	10997	5720	4127	573.5646940822468	0.5483938324565314	0.6904653599418126
ARID2	50	19104	28980	16454	5048.18017689432	0.7145282355531973	0.8114659953421007
KMT2C	50	15806	13855	11941	1996.828029543175	0.808663765679616	0.8385923222594094
NFKB2	50	18388	3356	2798	562.6892313303547	0.4929475433919048	0.8002370497910064
SIX5	50	5284	4626	4017	222.88487280021883	0.8142861596224218	0.861688831110055
FOXA2	50	31238	37358	24980	10640.915510166864	0.7341662091331567	0.6961705913723376
NANOG	50	21935	23291	16636	4658.412373484089	0.7363449629090488	0.6932843386348382
CEBPA	50	19183	17000	13951	2973.566153004468	0.7739527844813576	0.7826247189229002
ZKSCAN8	50	2441	6121	1832	136.23927236254218	0.5249047928097046	0.7357643278552963
ZFP36	50	2651	832	727	20.111534603811435	0.5740171071148767	0.8706718909366921
ZBTB7B	50	8801	6798	5197	545.5384152457372	0.6774953175872422	0.7439408498080483
TRIM24	50	10777	14478	7301	1422.7172973465852	0.5908718097664232	0.6284055004010083
ZFP64	50	2995	5252	2643	143.42792012400838	0.6928538233944108	0.8765593188107987
PBX3	50	5295	13150	4266	634.8978754445154	0.565038184383718	0.7791893884518349
ZNF766	50	7944	9087	4256	658.2212820279019	0.5020558235811792	0.49380839814655986
MGA	50	8725	13230	6252	1052.5371569253214	0.5945619814305856	0.6776784651056108
MTA3	50	9048	10578	4798	872.7067019239537	0.4919329216887258	0.4801409753702433
ZNF217	50	13679	3817	3368	476.08956870611837	0.5642925904122678	0.865605496096431
MECOM	50	29737	24375	21655	6609.2766937175165	0.8083138143536973	0.846896185812028
LYL1	50	5156	6528	4125	306.90588128020426	0.7159660860562223	0.7873829678785048
DDX20	50	2243	2280	1691	46.63116622595058	0.7477838460395304	0.7486760914142588
ARID3A	50	3827	1728	765	60.29958967812529	0.3213019064105914	0.42255815610542663
PRDM4	50	2544	118	70	2.737229871432479	0.31036803112674555	0.5835602428567406
RYBP	50	10256	234	144	21.882957964803502	0.31471258850354017	0.5757059445272373
PKNOX1	50	7630	10488	6963	729.674842709948	0.7882417576650042	0.9033378884623534
TAF15	50	2654	7993	2347	193.429579648035	0.5889787371410421	0.8752321829683354
E2F4	50	14397	13634	11324	1789.8121455274916	0.8085616931444519	0.8049676323625924
ETV4	50	8130	3986	3506	295.4881006656333	0.6554104186300267	0.8699367423563722
ZNF143	50	16537	21260	14546	3205.768396097383	0.7818994932029326	0.8506514582330751
HIF1A	50	13272	28420	11676	3439.3201422449165	0.6452921369333416	0.8376841285296982
ZBTB9	50	7886	8292	5288	596.249767484271	0.6541392606338343	0.6436091886369861
CHD7	50	10802	3266	882	321.686258776329	0.17585332964921216	0.19030368040560852
KDM3A	50	4557	6062	4286	251.88779064466127	0.8237792174159391	0.9370515826716209
GATAD2A	50	9679	11267	7933	994.3767028357801	0.7618505293554043	0.7989550104527713
GTF3C1	50	12055	11916	9282	1309.8147168779064	0.7744618175423736	0.7516543479405782
ZNF770	50	10898	3851	2274	382.6771040393909	0.39957905745679145	0.545313384219025
ZNF414	50	8796	8428	5952	675.9614115072491	0.6914442924287326	0.6806001451443477
CEBPB	50	22968	18652	15557	3906.256369107322	0.7556998667709731	0.7901089238038899
CHD6	50	20602	10616	8695	1994.2630801495395	0.6205465625954913	0.7771910674313037
PATZ1	50	10612	21139	9038	2045.4734020242545	0.6396141592685551	0.816261587237477
ZNF639	50	10905	9820	6336	976.4484362177442	0.6131158654964044	0.6060406302974113
TP63	50	8461	15132	4515	1167.4282119084526	0.41599958657162905	0.45897564120191936
XRCC4	50	955	974	784	8.481535515637823	0.8129352698969006	0.8193379142443289
FOXC1	50	13001	16036	9326	1901.0124555484635	0.6494479558137487	0.6689185474053083
ETV1	50	8278	8460	6015	638.5691620315492	0.7188088481988488	0.7037737433588969
GTF2I	50	5252	3330	2029	159.4707759642564	0.4978191634132228	0.5896584109248593
ZZZ3	50	6219	1480	1252	83.92559496671834	0.5236322429520693	0.8366849222520023
NFKB1	50	3477	10740	3144	340.50314580103947	0.59848260636939	0.8938305965286721
MTOR	50	10242	10495	7449	980.1202699006109	0.7185329555486153	0.6984413443716756
BANP	50	6735	6654	4600	408.63216923497765	0.687156376625611	0.6711162487689062
ZBTB48	50	15367	13467	10644	1887.0009027081244	0.7415147818076603	0.7562175975764805
ZHX2	50	15313	12720	9371	1776.0678398832863	0.6743387637297531	0.6939856761717825
IRF1	50	12281	17621	9560	1973.224227227136	0.6604863569189668	0.7360245255637694
MAF	50	1149	2320	676	24.306373666453908	0.4398584976441283	0.5794410238262306
ZNF311	50	203	160	4	0.2961612109054436	0.022352216748768472	0.023191920852859767
RFX1	50	3318	5710	3032	172.75262150086624	0.722400872384246	0.909069155591674
WT1	50	4799	3489	2410	152.67357527126836	0.5964651444354241	0.6765903983487674
E2F5	50	8241	9250	6532	695.07841706939	0.7493922083714585	0.7735200424205475
ASXL1	50	14419	15984	10204	2101.5163308106135	0.6730328792625069	0.6578034837956973
DNMT1	50	4908	3251	2269	145.4901796297985	0.5801227670653403	0.6837878297602878
IRF3	50	2271	15203	1959	314.81729734658524	0.49573586732994623	0.8405056953132264
SKI	50	6753	16430	4603	1011.6876994620225	0.48089061474357464	0.6255211548414569
ZNF592	50	4329	5205	2984	205.45677942919667	0.6312997990231419	0.6738242021351197
ASCL2	50	4277	6241	2505	243.39160207896415	0.4935344445686146	0.560691116938048
ESRRG	50	4177	1205	874	45.89482082611471	0.4672761427179267	0.71443488826794
ELK4	50	3426	2010	1285	62.79073584389532	0.5071882269911389	0.6276722726490285
XRCC5	50	6875	16364	6599	1025.827482447342	0.6815589031354858	0.9528138383383705
CREM	50	7418	17004	6462	1150.1383422996262	0.6255762604570736	0.8474758933414704
FLI1	50	25958	27060	20831	6404.882647943831	0.7861482349650384	0.7377911712138906
SNAPC4	50	3784	2714	1895	93.64252758274824	0.5995121023087553	0.6874472248076591
ZBTB40	50	9693	10480	6809	926.2573174067658	0.6760897186763407	0.6710294684790609
TP73	50	2699	1219	726	29.99982675298623	0.4322793268615575	0.5853659140741104
ELL2	50	5248	4450	3132	212.9442874076776	0.650309502603453	0.6889349375126297
ZEB2	50	8331	9531	6542	724.0153278015865	0.7358258234874225	0.764821400713697
PHF20	50	10662	12495	9125	1214.7505243001733	0.7930676491192987	0.837307143846104
HBP1	50	4009	5481	2865	200.35861220023708	0.618678444217533	0.6996304236821613
HMGA1	50	354	410	306	1.3234248199142884	0.8053741215378256	0.8638979638058185
NFYA	50	8924	12692	8500	1032.7656423816904	0.8111004394287694	0.9462694959007694
CARM1	50	2364	1090	817	23.49557764201696	0.5475709806113104	0.74402356495024
ZNF574	50	1536	16765	1195	234.80477797027447	0.42463712145218213	0.7379332522693433
SMAD2	50	12488	15138	7410	1723.7470958329534	0.5414331329221514	0.528253372973594
HOXA13	50	3115	193	98	5.481854654873712	0.269616347441346	0.49338236134346924
KLF16	50	7768	13746	5480	973.6384426005288	0.5520598596007631	0.6632501846316627
MBD5	50	6857	2756	2287	172.31596608005836	0.5816768081858019	0.8184762556710785
TBX3	50	3639	208	193	6.9017233518738035	0.49046058194347564	0.925409604448046
MBD2	50	5987	9616	4772	524.9474970365642	0.6466582684557529	0.7775561477410182
ESRRA	50	11764	6324	5370	678.3581289322512	0.6528117493501223	0.8310200997890127
SPDEF	50	3507	2651	1913	84.77301905717151	0.6335474763680593	0.7124182679550584
ZNF263	50	13363	11257	7467	1371.6357344761557	0.6110511556044708	0.6166049223681127
HMGB1	50	9837	9711	7860	871.0413695632352	0.8042077522561214	0.790609879821514
ZNF558	50	3337	11110	2864	338.05115346038116	0.5580208485337596	0.8422780700158398
NCOR2	50	3913	792	636	28.25837512537613	0.48278272115481413	0.7957424410046932
ZKSCAN1	50	2074	2268	1132	42.890781435214734	0.5224616865568328	0.5362140098671639
MTF2	50	11883	4307	3121	466.67348408862955	0.49363921483438056	0.6911720930274744
ZBTB10	50	4605	6380	2934	267.8936810431294	0.5485040793195348	0.6147200743739442
POU2F3	50	9548	3968	3201	345.45877632898697	0.5709785426267282	0.788270180339663
ZNF316	50	5708	0	0	0.0	0.0	0.0
ZNF548	50	6892	0	0	0.0	0.0	0.0
RFX3	50	1965	1289	1219	23.09551381416978	0.7830252853959023	0.9447035690576387
BATF	50	12026	12693	10171	1391.8666727455093	0.8235293402805961	0.8255617131256222
ELK1	50	7076	4836	4182	312.0227591866509	0.727888069551849	0.8554369385195183
INO80	50	5675	475	367	24.57942007841707	0.41865059123579873	0.7602240998428568
ZBTB49	50	3156	41	16	1.1798668733473148	0.19765680546539308	0.37217688548442274
HIC1	50	3919	6822	3327	243.78059633445793	0.6683139758652735	0.8389211813015683
IRF5	50	5491	4314	3091	215.99502142792014	0.6397127739774287	0.7015620999986814
XRCC6	50	4683	11705	3710	499.8132123643658	0.554592884749596	0.7674022104688405
JARID2	50	12522	7132	3618	814.323917206164	0.39811128151973557	0.44378281603098263
MCM3	50	6251	483	284	27.530163216923498	0.3167122245947894	0.5630885210631932
CBX4	50	1380	18	1	0.22649767484270994	0.028140096618357487	0.04351997209140067
ONECUT2	50	5492	7572	2601	379.18686970000914	0.4085501689245732	0.43455785957301896
ZNF175	50	3030	0	0	0.0	0.0	0.0
ZNF24	50	5444	7023	3937	348.6205160937358	0.6418840640435859	0.7042418519052697
ZNF768	50	5844	20032	3711	1067.4478708853835	0.4101319305948265	0.5534435839193127
MAF1	50	2899	45	17	1.1895231147989422	0.1918209344218313	0.3608834691900319
ZNF280D	50	2753	7775	1766	195.17256314397738	0.4343101416402802	0.6141256498471295
HES2	50	356	258	225	0.8374943010850734	0.7520577475829632	0.8716764720023521
SP2	50	10109	14445	7228	1331.489969909729	0.6076935922501501	0.6717747983057137
TOP2B	50	10109	6826	4569	629.1969909729188	0.560662982398971	0.6357799341511815
STAT4	50	680	7	4	0.043402936080970185	0.2886554621848739	0.568754669497857
SIX2	50	4617	1678	1164	70.64216285219294	0.47289735839178576	0.6802205531830593
NKX3-1	50	4628	3354	2080	141.5365368833774	0.5347966205034405	0.603419614066518
MRE11	50	774	436	280	3.077085802863135	0.5019794704027689	0.6396587131699769
CHD4	50	3010	5227	1883	143.46010759551382	0.4929131388452623	0.6068430783097668
ZNF512	50	334	1437	263	4.376383696544178	0.48522266531654856	0.7846028121521594
ZNF207	50	1695	4786	1202	73.96981854654874	0.48014686394806877	0.6958724114822061
ZNF800	50	5291	7236	3788	349.0988966900702	0.619713179414672	0.6958660303838663
SMARCA5	50	8175	631	541	47.03588036837786	0.4617733125905678	0.8458809420401137
ETV5	50	9354	13792	7459	1176.3505790097565	0.6691168185800385	0.7682708193462111
DLX5	50	3736	6121	895	208.51696908908545	0.19288948304132192	0.19460987477341357
BATF3	50	5675	1954	1901	101.1119722804778	0.6539270625262086	0.9713960049354786
BAP1	50	5018	14945	4694	683.8151727911006	0.6247587107290302	0.9252454583925422
ASH1L	50	1452	4210	1221	55.73921765295888	0.565466421939106	0.8345581263038119
CPSF4	50	6742	10375	5538	637.8066016230509	0.677600554695793	0.8027585429517792
SIRT6	50	3386	566	143	17.47493389258685	0.1474414498277046	0.22884107557417002
SMARCE1	50	3393	10782	1075	333.5764201695997	0.20826598707837551	0.24234093791991407
KDM6B	50	514	11603	476	54.38079693626334	0.4835469560233819	0.9173228626073519
OTX2	50	8718	10761	6619	855.4244369472052	0.6871626517285758	0.7330391316220275
AGO1	50	9940	3505	3130	317.6775781891128	0.6039496608753807	0.8823463865990242
MEN1	50	2779	21805	2229	552.5311844624783	0.4521556710873861	0.752972062235142
TFEB	50	10055	15226	6439	1395.982766481262	0.5316364846882146	0.5824006463455695
PRDM15	50	4871	118	108	5.24097747788821	0.46871313794195324	0.9113153007508643
ZNF34	50	1857	816	551	13.817014680404851	0.4859801149862207	0.6696514325912533
EOMES	50	5053	847	258	39.02517552657974	0.17783163169342397	0.2710168904286495
MAFG	50	1746	1742	1154	27.73349138324063	0.6616981179221524	0.6569961572226848
ZNF510	50	3253	106	34	3.1441415154554573	0.16560330377184485	0.2999912590217799
THRB	50	776	2864	169	20.26501322148263	0.13839594252145365	0.1968083910108915
HNRNPK	50	8258	7068	5597	532.2106683687426	0.7348229522900603	0.7749315460826128
MLXIP	50	3207	11856	2318	346.6963800492386	0.4591533544410064	0.6891938345988236
ZNF561	50	1770	6203	1405	100.11224582839428	0.510144307793477	0.7814224344790957
EHMT2	50	3707	18092	2777	611.5350050150452	0.4513082684842946	0.6995604855791561
ZBTB1	50	291	723	179	1.9184188930427646	0.43134990232564774	0.6125661151736916
TBL1XR1	50	4940	5272	2650	237.47314671286588	0.5195463928292776	0.5130277675290132
NFIB	50	6610	7948	4620	479.0396644478891	0.6401096537478481	0.6754178968569702
ZNF707	50	2222	2599	1078	52.65777331995988	0.4499617141398634	0.47265120923277426
RAD51	50	3328	3664	2479	111.18621318500958	0.7107373981776957	0.7360742472940573
XRN2	50	6007	1354	978	74.16319868697	0.442557169270022	0.7062125424005247
PROX1	50	4365	8493	1914	338.0317771496307	0.33192501769195004	0.3913535284206607
ZNF444	50	3078	4250	2284	119.28056897966627	0.6397260253029087	0.7316406578888813
ZNF644	50	4743	3081	2078	133.24685875809246	0.5562878395487143	0.6597408426210922
BRCA2	50	2119	162	44	3.13009938907632	0.14618472491683124	0.25725389424781653
PPARA	50	2884	3283	2518	86.33329078143521	0.8200371729622149	0.8691766968545621
ZNF449	50	3477	0	0	0.0	0.0	0.0
RELB	50	2614	9680	2002	230.72417251755266	0.48634711692286287	0.7432105873173392
HSF2	50	1173	263	201	2.812975289504878	0.4678070269271537	0.7617098697793014
HNF4G	50	5699	4760	2493	247.35333272544906	0.480592330808442	0.49763405665235194
ZSCAN5A	50	1475	555	413	7.464438770858028	0.5120720720720721	0.7406561143147862
ELF4	50	6201	6457	4298	365.0939819458375	0.6793741046577664	0.6739152422755245
CDC45	50	3045	8601	2157	238.80774140603629	0.4795795883512227	0.6835569632549231
MYRF	50	2359	0	0	0.0	0.0	0.0
ZBTB44	50	3003	0	0	0.0	0.0	0.0
PTF1A	50	715	1	1	0.006519558676028084	0.5006993006993007	1.0
MECP2	50	6134	6784	4244	379.4388255676119	0.6587354699448174	0.6715648782400122
ZNF8	50	432	169	128	0.665706209537704	0.5268463730002191	0.7564370332581452
HIC2	50	4883	3071	1825	136.73468587580925	0.484007307965027	0.5753621889601003
MBD1	50	1415	4004	1153	51.66098294884654	0.5514015136806656	0.807824762056106
ZNF778	50	773	319	224	2.248445336008024	0.4959872174932174	0.7000803986557371
MAFF	50	1867	3733	1256	63.549840430382055	0.5045978118120482	0.6612049427826654
GFI1B	50	3672	6298	2807	210.8713048235616	0.6050652989398716	0.7500815265247152
NKX2-5	50	1757	212	173	3.3964074040302727	0.45725051277370304	0.8130425295429284
NFATC2	50	906	751	507	6.204121455274915	0.6173512579254151	0.6723934610422959
IRF8	50	1866	1403	297	23.871596608005834	0.18542661224340123	0.1980442159846968
RBL2	50	3860	3619	2986	127.37612838515547	0.7993324666734434	0.8187089952196818
NCOA2	50	990	955	586	8.62086258776329	0.6027658786821091	0.610092841850902
NR1H2	50	2797	5871	1904	149.7327163308106	0.5025176316425847	0.6626710096449815
HDAC4	50	613	1196	569	6.685036928968724	0.7019871840337831	0.9274304566439583
ZNF524	50	1083	2329	601	22.999060818820098	0.4064953235272313	0.5452834217558985
PDX1	50	1792	3583	1273	58.545965168231966	0.532834164183047	0.7005977720947363
ZNF121	50	1711	8862	1384	138.25915929607004	0.4825280576608062	0.7920827185656089
ZHX3	50	1272	3444	310	39.944998632260415	0.16686115311287883	0.21919070258060214
NCOR1	50	7443	12151	5292	824.654809884198	0.5732616689407184	0.6749942866062016
ZBTB3	50	269	1932	132	4.738834685875809	0.27951465053453095	0.4815734660174162
MYNN	50	1939	5139	1512	90.85913194127838	0.5370020295004647	0.7689570057240719
AEBP2	50	295	245	135	0.6590225221117899	0.5043237634036666	0.54980944606414
DMC1	50	4925	207	100	9.295842071669554	0.25169817798376615	0.4587873056327501
NFRKB	50	3170	3710	2012	107.2371660435853	0.5885091873783024	0.6219099999642743
ARHGAP35	50	2262	5861	1600	120.88613112063463	0.4901647977738324	0.6908151361671936
FUS	50	3005	7772	2695	212.9557764201696	0.6217980968415139	0.8889702400191455
PBX2	50	1465	3089	1388	41.26365460016413	0.6983883139224618	0.9459169527779557
LMNB1	50	495	9225	122	41.637412236710134	0.12984478935698449	0.17725897533752577
ZNF76	50	3358	8339	2711	255.3329260508799	0.5662123609429804	0.7914697308543359
E2F7	50	871	6051	721	48.05708945016869	0.47346900750433407	0.8177273318998753
ZSCAN30	50	3353	5991	2215	183.166070940093	0.5151618470553031	0.6409906558298775
PARP1	50	733	10	7	0.06683687425914106	0.354774897680764	0.6979814020947888
DUX4	50	964	83	67	0.7295705297711316	0.43836549517572365	0.8055194302128943
TBX5	50	754	274	199	1.8837968450806966	0.4951015508528722	0.7243824545159426
TSHZ1	50	1085	0	0	0.0	0.0	0.0
ZNF10	50	2251	1046	735	21.469371751618493	0.5145992051121533	0.696446361460457
HDAC6	50	1482	1504	341	20.32395367921948	0.22841159517041376	0.21938927379152298
SOX17	50	4720	4122	2328	177.40348317680315	0.5289973601756593	0.545200632726612
CCNT1	50	1274	1953	842	22.687352967994894	0.5460210552376451	0.6547625399418259
RARB	50	197	126	71	0.22633354609282394	0.461949077431311	0.5627065541565007
PPP1R10	50	1082	1920	317	18.94264612017872	0.22904006854590264	0.28037749119744737
PRKDC	50	801	951	693	6.945846630801495	0.7969375819657605	0.8639891252482562
ESR2	50	1565	4744	1246	67.69727363909911	0.5294068444956872	0.7869502309828091
MYOG	50	874	0	0	0.0	0.0	0.0
BCLAF1	50	2536	10586	2132	244.78978754445154	0.5210460396178275	0.8236739702870725
HNF1A	50	2083	9726	1737	184.72926050879911	0.506243441887161	0.8177288450999675
STAT6	50	3154	39	32	1.121601167137777	0.41532933352844575	0.8151981019343669
HOXB7	50	16	16	11	0.002334275553934531	0.6875	0.6874544020281977
ZNF239	50	978	0	0	0.0	0.0	0.0
TBXT	50	823	15	9	0.11256496763016322	0.30546780072904006	0.5969755712146407
KHSRP	50	813	757	587	5.611753442144615	0.7487232732300904	0.7737521171261622
FOXN3	50	163	295	96	0.43845171879274186	0.45719039201414163	0.5878484136722173
BACH2	50	1272	746	469	8.6524300173247	0.49869850945082367	0.6243291342148067
PRDM1	50	3616	4764	2690	157.0769034375855	0.6542837412600402	0.7322866180747737
ZC3H8	50	613	3339	457	18.663326342664355	0.44119059588910925	0.7375225071674751
ASXL3	50	674	4378	580	26.90591775325978	0.4965073546854857	0.8547351883150782
PRDM2	50	730	220	151	1.4643931795386158	0.44660647571606477	0.6842619790710484
CAMTA2	50	1335	6994	1092	85.13713868879366	0.48705567854308507	0.8055786698509678
ZSCAN18	50	525	32	24	0.1531868332269536	0.39785714285714285	0.7487974712538367
PHC1	50	282	238	206	0.6119813987416796	0.7980213361940521	0.8651995994214412
NR2C1	50	6462	5096	4554	300.2676392814808	0.7991887241290345	0.8869828507446577
ZNF184	50	1623	1143	413	16.91519102762834	0.3078984350616062	0.35173621543995937
MLLT3	50	632	962	122	5.54375854837239	0.15992855075133555	0.1858968492065377
ZNF507	50	854	0	0	0.0	0.0	0.0
ZNF624	50	261	246	100	0.5854472508434394	0.39482291374637885	0.4050882542844567
GLI2	50	86	6378	27	5.001440685693444	0.159093395173817	0.2715919826295109
KDM3B	50	773	15	12	0.10572626971824564	0.40776196636481243	0.7985803098340634
PHOX2B	50	1115	1869	688	19.001869244095925	0.4925758241019994	0.6104007953868494
ZBED1	50	1555	3526	969	49.99480258958694	0.4489833902676124	0.6106325738885814
ERCC6	50	261	212	43	0.5045317771496307	0.1837905732668257	0.20092850489861738
CREB5	50	561	611	366	3.1254764292878634	0.625712210192811	0.6504590337771838
ZNF512B	50	157	3777	132	5.407030181453451	0.4378563514668906	0.8350847006300857
ZNF354C	50	136	81	49	0.10044679493024528	0.4826161946259986	0.6044477536373508
MSX2	50	801	1391	451	10.1594875535698	0.44363668347706997	0.5574328900813509
SIX1	50	687	3973	331	24.887854472508433	0.2825586537365939	0.4623267336134095
KDM5C	50	1531	6756	1126	94.31417890033738	0.45106684084476373	0.7181012062261418
POU3F2	50	74	652	47	0.4399379958055986	0.35361051235284363	0.6329530010665235
QKI	50	349	18	4	0.057280933710221575	0.11684177013689907	0.21973921855006
PCBP2	50	100	429	42	0.39117352056168503	0.2589510489510489	0.4177222837579297
KAT2B	50	1379	1368	699	17.20134950305462	0.50892698115848	0.5047374382896507
TET3	50	366	789	15	2.633117534421446	0.029997506700741756	0.03403414857640489
MCM5	50	26	25	10	0.0059268715236618945	0.39230769230769236	0.39985772135274156
CBX2	50	748	4	3	0.02728184553660983	0.3770053475935829	0.7482831751161382
LCORL	50	273	13609	243	33.87669371751618	0.45398286040508096	0.8745417146224966
ZNF407	50	1229	16201	1057	181.55401659524026	0.46264585321029866	0.8357910548848466
ZNF354B	50	56	408	32	0.20833409318865687	0.3249299719887955	0.5698282241636747
CASZ1	50	1090	6835	814	67.93243366463025	0.4329409474977014	0.7299591444921788
RPA2	50	208	109	24	0.2067292787453269	0.16778405081157377	0.21870167670771423
BRF1	50	98	676	74	0.6040667456916203	0.43228474821881413	0.7535831405061428
ZNF549	50	370	0	0	0.0	0.0	0.0
ORC1	50	427	10	3	0.03893498677851737	0.1535128805620609	0.29726389791565594
TEAD2	50	931	428	309	3.6333363727546275	0.5269318991738358	0.7195821203700226
MTF1	50	16	962	13	0.14034831768031367	0.41300675675675674	0.8108407384921072
BRF2	50	26	8	7	0.0018965988875718064	0.5721153846153846	0.8749703586151545
ZNF785	50	422	1050	328	4.040302726360901	0.5448160686075378	0.7750979326160771
CIITA	50	386	0	0	0.0	0.0	0.0
HDGF	50	521	5660	351	26.88848363271633	0.36785927443147526	0.655948112179528
ZNF530	50	52	1104	29	0.5234612929698186	0.2919802118171683	0.5531945119523183
ZFP41	50	588	4569	487	24.49687243548828	0.4674095836627494	0.8207640826475499
ZBTB5	50	421	987	361	3.7888848363271634	0.6116184989182412	0.8561879158553533
GLI4	50	491	5436	366	24.33733929059907	0.4063732167986224	0.7321405577854028
TCF7L1	50	354	67	63	0.21626698276648126	0.5591323045788009	0.9401051750286585
PTBP1	50	219	3249	209	6.487927418619495	0.509332692461748	0.9529438498315406
NFKBIZ	50	120	4120	91	4.508069663536062	0.390210355987055	0.7489002052739618
ZNF101	50	491	1918	209	8.58701559223124	0.26731479456069523	0.41543861978301533
ZNF302	50	141	85	41	0.10928239263244278	0.3865665415102211	0.4816865584349672
ZBTB16	50	176	1889	152	3.031494483450351	0.47205110929303623	0.8612464163442536
ZMYND11	50	143	0	0	0.0	0.0	0.0
DEK	50	636	1597	298	9.261347679401842	0.3275766669423408	0.4607002476255422
ZNF133	50	222	148	100	0.2995896781252849	0.5630630630630631	0.6750178290270388
ZNF140	50	92	95	23	0.0796936263335461	0.24605263157894736	0.24934976043805612
CREB3	50	1048	2208	699	21.099516732014223	0.4917804098904746	0.6601423354195434
ZNF532	50	147	228	98	0.3056077322877724	0.5482456140350878	0.6659722349128611
HNRNPA2B1	50	30	11	7	0.003009027081243731	0.4348484848484848	0.6362641371762131
SMYD3	50	259	50	35	0.11808151727911005	0.4175675675675675	0.6992898337461498
HES1	50	149	930	101	1.2635178262058904	0.39322724976546153	0.6750971778011216
ZHX1	50	51	413	45	0.19205799215829306	0.49565588947443384	0.8819082260983143
FOXF1	50	647	771	463	4.548527400382967	0.6580646583954277	0.7135970453060649
SMC1B	50	409	3	3	0.011188109783897147	0.5036674816625917	1.0
ZBTB4	50	115	8389	96	8.796708306738397	0.42311308286731586	0.8210978238332182
EGR2	50	118	8100	95	8.715236618947753	0.4084065704122201	0.7895406524347407
ZNF23	50	126	85	50	0.09765660618218291	0.49253034547152197	0.5877616729887748
HOMEZ	50	65	6539	26	3.875581289322513	0.20198807157057655	0.36195712249469125
ZNF416	50	355	141	10	0.4564146986413787	0.049545499950054944	0.0679048088953681
NFXL1	50	128	560	80	0.6535971551016686	0.3839285714285714	0.6230753368160572
FOXP3	50	83	638	72	0.4828485456369107	0.4901612720474374	0.8666943804272781
SNAI1	50	87	4309	32	3.4182821190845263	0.1876212044824652	0.34196135955996715
LIG4	50	64	77	51	0.04493480441323972	0.7296063311688312	0.7967322844524741
PRMT5	50	304	325	135	0.900884471596608	0.42973178137651824	0.4424266144578603
NFE2L1	50	290	5044	156	13.337831676848728	0.2844294347671525	0.5156547755980745
NFATC3	50	559	7977	484	40.6596425640558	0.4632531407940943	0.8553074270137873
ZNF593	50	100	9	6	0.008206437494301085	0.3633333333333333	0.6663624471418577
RBAK	50	311	1183	227	3.354727819823106	0.46089428750818806	0.7269582613614677
POLR3C	50	432	257	231	1.0123461292969818	0.7167774535235625	0.8984326017022197
SIRT1	50	587	455	200	2.4353515090726727	0.39013797105790293	0.43654458904314525
ZNF114	50	259	122	61	0.28811890216102853	0.36776061776061775	0.4988163895769164
HMGA2	50	137	369	78	0.46095559405489195	0.39036258975728444	0.5678891685766694
ZNF577	50	199	1815	84	3.293380140421264	0.23419577224967814	0.41238574309589765
ARID3B	50	134	2	1	0.002443694720525212	0.2537313432835821	0.49938832895121243
NSD2	50	38	19	18	0.006583386523205981	0.7105263157894737	0.9473501782038283
EN1	50	110	2983	79	2.99197592778335	0.37233261207448265	0.7103020986624425
ARID1B	50	241	17574	190	38.61889304276466	0.3995965843543862	0.7480001924746035
YBX1	50	85	141	66	0.10928239263244278	0.6222778473091364	0.7761828320514631
KAT6A	50	20	50	19	0.009118263882556762	0.665	0.9499771939427112
MKI67	50	12	4	4	0.00043767666636272456	0.6666666666666666	1.0
ZNF398	50	182	7994	123	13.266235068842892	0.34560535786455227	0.6503367300310532
FOXO3	50	22	24	15	0.00481444332998997	0.6534090909090908	0.681748536198311
PAX6	50	7	2168	3	0.13837877268168142	0.21497759620453347	0.41704739048044287
OVOL2	50	113	247	6	0.2544998632260418	0.038694421554225936	0.05095990642468187
SOX1	50	64	93	33	0.054271906628977844	0.4352318548387097	0.5152139020962428
PHF19	50	82	114	43	0.0852375307741406	0.45079161317928973	0.5238953416406266
TAF2	50	221	1432	161	2.8856752074405034	0.42046847746404103	0.7249149038832557
HMGB2	50	8	7734	2	0.5641652229415519	0.12512929919834498	0.1930966488777272
SALL2	50	144	340	112	0.44643019968997905	0.5535947712418301	0.777086699797758
BPTF	50	3	7417	1	0.2028904896507705	0.16673407936721943	0.28497615391887443
SMC2	50	8	12	6	0.0008753533327254491	0.625	0.7499726422148862
GLI1	50	46	36	30	0.015099844989513996	0.7427536231884058	0.8332633973095915
HOXA9	50	8	110	8	0.00802407221664995	0.5363636363636364	1.0
MAPK1	50	35	365	2	0.11648582109966263	0.03131115459882583	0.053994393146307516
FOXB1	50	48	31	13	0.013567976657244461	0.3450940860215054	0.4191005925935517
RBBP8	50	6	7	1	0.000382967083067384	0.15476190476190477	0.16661347339880664
ZSCAN5B	50	38	31	25	0.010741314853651865	0.7321731748726655	0.8063845262979493
TFCP2	50	13	1563	12	0.18527400382967082	0.46537723313155177	0.9219647770620418
NR4A3	50	2	5	0	9.118263882556761e-05	0.0	-4.55933980759586e-05
ZFP30	50	43	232	32	0.09096380049238625	0.4410585404971933	0.7436437409394382
ZNF410	50	8	20	7	0.0014589222212090817	0.6125	0.8749772001823986
C17orf49	50	12	2091	11	0.22879547734111425	0.4609636537541846	0.9150469267546021
TOP2A	50	52	121	8	0.05737211634904714	0.10998092816274635	0.15291155275089408
NKRF	50	4	11249	4	0.41028540165952404	0.5001777935816517	1.0
NR4A2	50	6	1	1	5.470958329534057e-05	0.5833333333333334	1.0
SIRT3	50	3	2	1	5.470958329534057e-05	0.41666666666666663	0.4999863222300236
RAG1	50	25	10940	6	2.4938451718792742	0.12027422303473491	0.15578648840271447
SUV39H1	50	9	6	6	0.0004923862496580651	0.8333333333333333	1.0
ATR	50	8	1564	6	0.1140877176985502	0.37691815856777494	0.7463831794719997
TERF1	50	5	2529	4	0.11530044679493025	0.40079082641360225	0.7952791181713816
HMGN2	50	3	30	3	0.0008206437494301085	0.55	1.0
TFAM	50	9	15	5	0.0012309656241451627	0.4444444444444444	0.5554947588142609
DPF1	50	2	4	0	7.294611106045409e-05	0.0	-3.647438586252804e-05
ZNF3	50	2	2509	0	0.045755448162669826	0.0	-0.02341336866957195
WRN	50	3	7	3	0.000191483541533692	0.7142857142857143	1.0
DDX11	50	3	2	2	5.470958329534057e-05	0.8333333333333333	1.0
WDHD1	50	7	8	6	0.0005106227774231786	0.8035714285714286	0.8571324355096309
DEAF1	50	2	3194	0	0.05824746968177259	0.0	-0.029997370299410197
FOXO4	50	3	78	2	0.002133673748518282	0.34615384615384615	0.6664294230722437
